id,label,room_id,editing_mode,classic_status,director_status,director_error,director_final_video,creative_status,creative_final_video,created_at,director_file_exists
28,未分类,2,classic,2,2,导演版视频时长不足30s（历史数据清理）: 4.0s,/Users/claw/work/douyin-recorder/backend/../recordings/director_outputs/director_output_1775992048.mp4,2,/Users/claw/work/douyin-recorder/backend/../recordings/director_outputs/director_output_1776558467.mp4,2026-03-23 22:17:53,False
29,头顶补发片 摩卡棕,1,classic,2,2,,/Users/claw/work/douyin-recorder/backend/../recordings/director_outputs/director_output_1781974033.mp4,-1,,2026-03-23 22:29:55,False
71,灰粉色,2,classic,2,2,,/Users/claw/work/douyin-recorder/backend/../recordings/director_outputs/director_output_1781974743.mp4,2,/Users/claw/work/douyin-recorder/backend/../recordings/director_outputs/director_output_1782017494.mp4,2026-03-25 06:02:37,False
86,无辜卷卷 冷茶色,2,classic,2,2,,/Users/claw/work/douyin-recorder/backend/../recordings/director_outputs/director_output_1778234837.mp4,-1,,2026-03-26 04:51:03,False
96,蜜桃果农、发王、木马 黑棕混色,2,classic,2,2,,/Users/claw/work/douyin-recorder/backend/../recordings/director_outputs/director_output_1778234807.mp4,-1,,2026-03-26 07:28:06,False
103,渐变染色款假发 蜜桃乌龙,2,classic,2,2,,/Users/claw/work/douyin-recorder/backend/../recordings/director_outputs/director_output_1778234511.mp4,-1,,2026-03-26 20:16:45,False
105,未分类,1,classic,2,2,,/Users/claw/work/douyin-recorder/backend/../recordings/director_outputs/director_output_1775992571.mp4,2,/Users/claw/work/douyin-recorder/backend/../recordings/director_outputs/director_output_1776604057.mp4,2026-03-26 22:03:45,False
141,卷发,2,classic,2,2,导演版视频时长不足30s（历史数据清理）: 4.0s,/Users/claw/work/douyin-recorder/backend/../recordings/director_outputs/director_output_1775993167.mp4,2,/Users/claw/work/douyin-recorder/backend/../recordings/director_outputs/director_output_1776557987.mp4,2026-03-26 22:56:51,False
159,水光绸缎微卷长发 自然黑,2,classic,2,2,,/Users/claw/work/douyin-recorder/backend/../recordings/director_outputs/director_output_1778233576.mp4,2,/Users/claw/work/douyin-recorder/backend/../recordings/director_outputs/director_output_1781762074.mp4,2026-03-27 00:33:40,False
191,中分直发,2,classic,2,2,,/Users/claw/work/douyin-recorder/backend/../recordings/director_outputs/director_output_1777136740.mp4,2,/Users/claw/work/douyin-recorder/backend/../recordings/director_outputs/director_output_1777136771.mp4,2026-03-27 01:19:41,False
205,未分类,5,classic,2,2,,/Users/claw/work/douyin-recorder/backend/../recordings/director_outputs/director_output_1776660074.mp4,2,/Users/claw/work/douyin-recorder/backend/../recordings/director_outputs/director_output_1776660342.mp4,2026-03-27 05:32:41,False
213,羚羊羊毛卷,2,classic,2,2,,/Users/claw/work/douyin-recorder/backend/../recordings/director_outputs/director_output_1776538098.mp4,2,/Users/claw/work/douyin-recorder/backend/../recordings/director_outputs/director_output_1776557871.mp4,2026-03-28 02:38:17,False
240,长卷发/直发（仿地针款） 浅色偏灰粉调,1,classic,2,2,,/Users/claw/work/douyin-recorder/backend/../recordings/director_outputs/director_output_1776537965.mp4,2,/Users/claw/work/douyin-recorder/backend/../recordings/director_outputs/director_output_1776557626.mp4,2026-03-28 04:23:09,False
247,黑色,2,classic,2,2,,/Users/claw/work/douyin-recorder/backend/../recordings/director_outputs/director_output_1778233382.mp4,2,/Users/claw/work/douyin-recorder/backend/../recordings/director_outputs/director_output_1784272485_2160x3840_50fps.mp4,2026-03-28 04:28:54,False
253,黑茶色,1,classic,2,2,,/Users/claw/work/douyin-recorder/backend/../recordings/director_outputs/director_output_1782042983.mp4,2,/Users/claw/work/douyin-recorder/backend/../recordings/director_outputs/director_output_1782134152.mp4,2026-03-28 05:08:04,False
279,双马尾长卷发（赏金猎人/上镜猎人） 彩色渐变（非黑色系）,1,classic,2,2,,/Users/claw/work/douyin-recorder/backend/../recordings/director_outputs/director_output_1776537993.mp4,2,/Users/claw/work/douyin-recorder/backend/../recordings/director_outputs/director_output_1776557727.mp4,2026-03-28 10:41:14,False
302,齐刘海直发 黑巧克力色,2,classic,2,2,,/Users/claw/work/douyin-recorder/backend/../recordings/director_outputs/director_output_1778232918.mp4,-1,,2026-03-28 11:36:40,False
307,长直发/天蝎座/古早甜心 自然黑/深棕浅色系,1,classic,2,2,,/Users/claw/work/douyin-recorder/backend/../recordings/director_outputs/director_output_1776537825.mp4,2,/Users/claw/work/douyin-recorder/backend/../recordings/director_outputs/director_output_1776557452.mp4,2026-03-28 11:39:23,False
313,白金卷卷 白金色（米金色）,2,classic,2,2,,/Users/claw/work/douyin-recorder/backend/../recordings/director_outputs/director_output_1778232744.mp4,-1,,2026-03-28 11:41:34,False
315,蜜桃乌龙渐变卷发 灰粉色渐变,2,classic,2,2,,/Users/claw/work/douyin-recorder/backend/../recordings/director_outputs/director_output_1778232621.mp4,-1,,2026-03-28 11:42:45,False
316,海藻卷长发全头套（齐刘海） 灰粉渐变色,2,classic,2,2,,/Users/claw/work/douyin-recorder/backend/../recordings/director_outputs/director_output_1778232470.mp4,-1,,2026-03-28 11:42:51,False
320,财发千金/芝士全头套 黑色、茶棕色、暖棕色,1,classic,2,2,,/Users/claw/work/douyin-recorder/backend/../recordings/director_outputs/director_output_1776537748.mp4,2,/Users/claw/work/douyin-recorder/backend/../recordings/director_outputs/director_output_1776557366.mp4,2026-03-28 11:51:18,False
323,卷发（斜爪/齐刘海款） 粉色,1,classic,2,2,,/Users/claw/work/douyin-recorder/backend/../recordings/director_outputs/director_output_1776537547.mp4,2,/Users/claw/work/douyin-recorder/backend/../recordings/director_outputs/director_output_1776557093.mp4,2026-03-28 11:59:42,False
324,中分小卷长发 纯金棕色,2,classic,2,2,,/Users/claw/work/douyin-recorder/backend/../recordings/director_outputs/director_output_1778232090.mp4,-1,,2026-03-28 11:59:58,False
328,人参反转假发 自然黑/茶棕,1,classic,2,2,,/Users/claw/work/douyin-recorder/backend/../recordings/director_outputs/director_output_1776537685.mp4,2,/Users/claw/work/douyin-recorder/backend/../recordings/director_outputs/director_output_1776557281.mp4,2026-03-28 12:03:34,False
331,齐刘海海藻卷长发 灰粉渐变色,2,classic,2,2,,/Users/claw/work/douyin-recorder/backend/../recordings/director_outputs/director_output_1778231819.mp4,-1,,2026-03-28 12:04:28,False
332,仿地针大头皮假发（水母头/公主头） 人参色（棕色）,1,classic,2,2,,/Users/claw/work/douyin-recorder/backend/../recordings/director_outputs/director_output_1776537483.mp4,2,/Users/claw/work/douyin-recorder/backend/../recordings/director_outputs/director_output_1776557003.mp4,2026-03-28 12:08:26,False
345,赏金猎人,1,classic,2,2,,/Users/claw/work/douyin-recorder/backend/../recordings/director_outputs/director_output_1781761924.mp4,2,/Users/claw/work/douyin-recorder/backend/../recordings/director_outputs/director_output_1782545229.mp4,2026-03-28 12:19:19,False
353,沙丘猎人卷发 浅色/彩沙,1,classic,2,2,,/Users/claw/work/douyin-recorder/backend/../recordings/director_outputs/director_output_1776537420.mp4,2,/Users/claw/work/douyin-recorder/backend/../recordings/director_outputs/director_output_1776556915.mp4,2026-03-28 12:24:36,False
355,中长微卷假发 奶咖色/蜂蜜棕,2,classic,2,2,,/Users/claw/work/douyin-recorder/backend/../recordings/director_outputs/director_output_1776537342.mp4,2,/Users/claw/work/douyin-recorder/backend/../recordings/director_outputs/director_output_1776556823.mp4,2026-03-28 12:26:02,False
364,氧气粒子卷 栗子棕,1,classic,2,2,,/Users/claw/work/douyin-recorder/backend/../recordings/director_outputs/director_output_1778230157.mp4,-1,,2026-03-28 12:34:17,False
368,斜刘海旗袍款直发 大地色/紫色/粉色,4,classic,2,2,,/Users/claw/work/douyin-recorder/backend/../recordings/director_outputs/director_output_1776537208.mp4,2,/Users/claw/work/douyin-recorder/backend/../recordings/director_outputs/director_output_1776556730.mp4,2026-03-28 12:38:36,False
378,双马尾/丸子头/侧弯多款演示,1,classic,2,2,,/Users/claw/work/douyin-recorder/backend/../recordings/director_outputs/director_output_1776537274.mp4,2,/Users/claw/work/douyin-recorder/backend/../recordings/director_outputs/director_output_1776556629.mp4,2026-03-28 12:51:40,False
381,赛博豆包短发（中分/偏分一刀切） 白金色（珠宝色）,1,classic,2,2,,/Users/claw/work/douyin-recorder/backend/../recordings/director_outputs/director_output_1776537150.mp4,2,/Users/claw/work/douyin-recorder/backend/../recordings/director_outputs/director_output_1776556528.mp4,2026-03-28 12:54:00,False
383,仿真针全头套直发 芝士茶棕/黑色,1,classic,2,2,,/Users/claw/work/douyin-recorder/backend/../recordings/director_outputs/director_output_1776536919.mp4,2,/Users/claw/work/douyin-recorder/backend/../recordings/director_outputs/director_output_1776556238.mp4,2026-03-28 12:55:18,False
387,巧克力情人节/尼克/多尔感金沙 灰棕色/橘棕色/奶茶香槟金,1,classic,2,2,,/Users/claw/work/douyin-recorder/backend/../recordings/director_outputs/director_output_1776536865.mp4,2,/Users/claw/work/douyin-recorder/backend/../recordings/director_outputs/director_output_1776556148.mp4,2026-03-28 12:57:17,False
391,咖啡豆蛋卷短发 焦糖暖棕色,2,classic,2,2,,/Users/claw/work/douyin-recorder/backend/../recordings/director_outputs/director_output_1778229905.mp4,-1,,2026-03-28 13:01:06,False
399,未分类,6,classic,2,2,,/Users/claw/work/douyin-recorder/backend/../recordings/director_outputs/director_output_1778229624.mp4,-1,,2026-03-28 13:07:18,False
405,乌梅子酱卷发、可可巴蕾卷发、齐刘海款 野生玫瑰金,4,classic,2,2,,/Users/claw/work/douyin-recorder/backend/../recordings/director_outputs/director_output_1778229321.mp4,-1,,2026-03-28 13:10:59,False
406,氧气卷发/齐刘海直发,1,classic,2,2,,/Users/claw/work/douyin-recorder/backend/../recordings/director_outputs/director_output_1776537044.mp4,2,/Users/claw/work/douyin-recorder/backend/../recordings/director_outputs/director_output_1776556435.mp4,2026-03-28 13:12:29,False
411,海藻卷齐刘海/中分卷发 灰粉纱、金渐变色,2,classic,2,2,,/Users/claw/work/douyin-recorder/backend/../recordings/director_outputs/director_output_1776537620.mp4,2,/Users/claw/work/douyin-recorder/backend/../recordings/director_outputs/director_output_1776557187.mp4,2026-03-28 13:17:01,False
412,长直发/麻花辫款假发 橘色,1,classic,2,2,,/Users/claw/work/douyin-recorder/backend/../recordings/director_outputs/director_output_1776537006.mp4,2,/Users/claw/work/douyin-recorder/backend/../recordings/director_outputs/director_output_1776556337.mp4,2026-03-28 13:17:10,False
415,海藻卷/比熊卷长卷发 纯金棕色,2,classic,2,2,,/Users/claw/work/douyin-recorder/backend/../recordings/director_outputs/director_output_1776536784.mp4,2,/Users/claw/work/douyin-recorder/backend/../recordings/director_outputs/director_output_1776556056.mp4,2026-03-28 13:18:55,False
418,无辜卷卷（短卷发） 冷茶色、白金色、黑茶色,2,classic,2,2,,/Users/claw/work/douyin-recorder/backend/../recordings/director_outputs/director_output_1778229028.mp4,-1,,2026-03-28 13:21:05,False
422,狼尾/卷发多款样品展示 灰蓝色,1,classic,2,2,,/Users/claw/work/douyin-recorder/backend/../recordings/director_outputs/director_output_1776536720.mp4,2,/Users/claw/work/douyin-recorder/backend/../recordings/director_outputs/director_output_1776555965.mp4,2026-03-28 13:24:02,False
425,羊毛卷长卷发（芝士款） 茶棕色/黑茶色,1,classic,2,2,,/Users/claw/work/douyin-recorder/backend/../recordings/director_outputs/director_output_1776536651.mp4,2,/Users/claw/work/douyin-recorder/backend/../recordings/director_outputs/director_output_1776555874.mp4,2026-03-28 13:26:23,False
426,小头专属中长直发（13号） 黑棕色,2,classic,2,2,,/Users/claw/work/douyin-recorder/backend/../recordings/director_outputs/director_output_1778228919.mp4,-1,,2026-03-28 13:26:34,False
438,长卷发（80cm水母头卷发） 纯金棕色,2,classic,2,2,,/Users/claw/work/douyin-recorder/backend/../recordings/director_outputs/director_output_1778228690.mp4,-1,,2026-03-28 13:37:15,False
450,高层次中长发（梨花烫） 奶咖色,2,classic,2,2,,/Users/claw/work/douyin-recorder/backend/../recordings/director_outputs/director_output_1778228241.mp4,-1,,2026-03-28 13:45:58,False
457,未分类,6,classic,2,2,,/Users/claw/work/douyin-recorder/backend/../recordings/director_outputs/director_output_1778227955.mp4,-1,,2026-03-28 13:51:18,False
458,珍妮小猫微卷长发 豆沙粉棕,2,classic,2,2,,/Users/claw/work/douyin-recorder/backend/../recordings/director_outputs/director_output_1778227775.mp4,-1,,2026-03-28 13:52:04,False
467,长款微卷发（一号链接） 蜂蜜茶棕色,2,classic,2,2,,/Users/claw/work/douyin-recorder/backend/../recordings/director_outputs/director_output_1778227419.mp4,-1,,2026-03-28 14:04:24,False
469,天蝎座齐刘海长直发 自然黑/脏橘色/巧克力棕,1,classic,2,2,,/Users/claw/work/douyin-recorder/backend/../recordings/director_outputs/director_output_1776536600.mp4,2,/Users/claw/work/douyin-recorder/backend/../recordings/director_outputs/director_output_1776555786.mp4,2026-03-28 14:05:23,False
476,卷发 豆沙粉棕,2,classic,2,2,,/Users/claw/work/douyin-recorder/backend/../recordings/director_outputs/director_output_1778227066.mp4,-1,,2026-03-28 14:09:15,False
481,中长直发/齐刘海长直发 棕色/巧克力色,2,classic,2,2,,/Users/claw/work/douyin-recorder/backend/../recordings/director_outputs/director_output_1776536512.mp4,2,/Users/claw/work/douyin-recorder/backend/../recordings/director_outputs/director_output_1776555696.mp4,2026-03-28 14:11:41,False
483,醉美人/微醺美人小妈卷 亚麻灰棕/棕色,1,classic,2,2,,/Users/claw/work/douyin-recorder/backend/../recordings/director_outputs/director_output_1776536456.mp4,2,/Users/claw/work/douyin-recorder/backend/../recordings/director_outputs/director_output_1776555597.mp4,2026-03-28 14:13:03,False
485,羊毛卷长发（齐刘海/中分） 琥珀棕色,2,classic,2,2,,/Users/claw/work/douyin-recorder/backend/../recordings/director_outputs/director_output_1776536323.mp4,2,/Users/claw/work/douyin-recorder/backend/../recordings/director_outputs/director_output_1776555414.mp4,2026-03-28 14:14:06,False
500,暹罗卷卷（外翘卷发） 暹罗色（渐变猫咪色）,2,classic,2,2,,/Users/claw/work/douyin-recorder/backend/../recordings/director_outputs/director_output_1778226838.mp4,-1,,2026-03-28 14:45:43,False
509,千金贝贝直发 奶咖棕,2,classic,2,2,,/Users/claw/work/douyin-recorder/backend/../recordings/director_outputs/director_output_1778226731.mp4,-1,,2026-03-28 14:52:12,False
510,齐刘海一刀切蛋蛋卷 焦糖暖棕/奶茶灰棕,2,classic,2,2,,/Users/claw/work/douyin-recorder/backend/../recordings/director_outputs/director_output_1776536180.mp4,2,/Users/claw/work/douyin-recorder/backend/../recordings/director_outputs/director_output_1776555238.mp4,2026-03-28 14:52:36,False
511,中分半弹内网假发,2,classic,2,2,,/Users/claw/work/douyin-recorder/backend/../recordings/director_outputs/director_output_1778226488.mp4,-1,,2026-03-28 14:53:12,False
520,咖色,2,classic,2,2,,/Users/claw/work/douyin-recorder/backend/../recordings/director_outputs/director_output_1778226452.mp4,-1,,2026-03-28 15:12:37,False
524,黑茶色卷发 黑茶色,2,classic,2,2,,/Users/claw/work/douyin-recorder/backend/../recordings/director_outputs/director_output_1778226214.mp4,-1,,2026-03-28 15:22:11,False
533,中分长直发（一号链接爆款） 蜂蜜茶色,2,classic,2,2,,/Users/claw/work/douyin-recorder/backend/../recordings/director_outputs/director_output_1778226164.mp4,-1,,2026-03-28 15:48:42,False
535,蛋卷短发/卷发 焦糖暖棕、咖啡豆、黑莓黑,2,classic,2,2,导演版视频时长不足30s（历史数据清理）: 3.4s,/Users/claw/work/douyin-recorder/backend/../recordings/director_outputs/director_output_1776536127.mp4,2,/Users/claw/work/douyin-recorder/backend/../recordings/director_outputs/director_output_1776555153.mp4,2026-03-28 15:54:31,False
537,齐刘海直发/中分长发/蛋卷短发 焦糖暖棕,2,classic,2,2,导演版视频时长不足30s（历史数据清理）: 3.4s,/Users/claw/work/douyin-recorder/backend/../recordings/director_outputs/director_output_1776536241.mp4,2,/Users/claw/work/douyin-recorder/backend/../recordings/director_outputs/director_output_1776555339.mp4,2026-03-28 16:00:13,False
540,齐刘海直发,1,classic,2,2,,/Users/claw/work/douyin-recorder/backend/../recordings/director_outputs/director_output_1782086475.mp4,2,/Users/claw/work/douyin-recorder/backend/../recordings/director_outputs/director_output_1782377625.mp4,2026-03-28 16:10:54,False
541,高层次长直发/千金贝贝卷发 奶咖色,2,classic,2,2,,/Users/claw/work/douyin-recorder/backend/../recordings/director_outputs/director_output_1776536374.mp4,2,/Users/claw/work/douyin-recorder/backend/../recordings/director_outputs/director_output_1776555505.mp4,2026-03-28 16:13:51,False
548,微卷海藻卷长发 灰粉渐变色,2,classic,2,2,,/Users/claw/work/douyin-recorder/backend/../recordings/director_outputs/director_output_1778225861.mp4,-1,,2026-03-28 16:33:23,False
554,蜜桃屋龙公主头扎发长卷发,2,classic,2,2,,/Users/claw/work/douyin-recorder/backend/../recordings/director_outputs/director_output_1778225555.mp4,-1,,2026-03-28 16:52:23,False
555,木马卷长发 奶油米金,2,classic,2,2,,/Users/claw/work/douyin-recorder/backend/../recordings/director_outputs/director_output_1778225431.mp4,-1,,2026-03-28 16:54:34,False
563,海藻卷 灰粉色,2,classic,2,2,,/Users/claw/work/douyin-recorder/backend/../recordings/director_outputs/director_output_1781767183.mp4,2,/Users/claw/work/douyin-recorder/backend/../recordings/director_outputs/director_output_1783541271.mp4,2026-03-28 17:16:09,False
614,仿地针大头皮全头套 自然黑、棕色,1,classic,2,2,,/Users/claw/work/douyin-recorder/backend/../recordings/director_outputs/director_output_1779667895.mp4,-1,,2026-03-28 20:44:37,False
616,地狱少女（短发内扣刘海款） 粉棕,1,classic,2,2,,/Users/claw/work/douyin-recorder/backend/../recordings/director_outputs/director_output_1779667822.mp4,-1,,2026-03-28 20:48:37,False
619,赏金猎人斜刘海高马尾卷发 栗紫色,1,classic,2,2,,/Users/claw/work/douyin-recorder/backend/../recordings/director_outputs/director_output_1779667808.mp4,-1,,2026-03-28 21:05:31,False
624,氧气粒子直发 深棕带棕调,1,classic,2,2,,/Users/claw/work/douyin-recorder/backend/../recordings/director_outputs/director_output_1779667684.mp4,-1,,2026-03-28 21:24:20,False
637,卷发（蓬松洋娃娃卷） 暖灰粉调灰色,1,classic,2,2,,/Users/claw/work/douyin-recorder/backend/../recordings/director_outputs/director_output_1779667533.mp4,-1,,2026-03-29 05:22:40,False
644,外翻卷发齐刘海款 浅灰色,1,classic,2,2,,/Users/claw/work/douyin-recorder/backend/../recordings/director_outputs/director_output_1779667430.mp4,-1,,2026-03-29 05:56:15,False
669,人参中分外翻卷发 棕色,1,classic,2,2,,/Users/claw/work/douyin-recorder/backend/../recordings/director_outputs/director_output_1779667314.mp4,-1,,2026-03-29 13:02:05,False
672,古早甜心公主切卷发,1,classic,2,2,,/Users/claw/work/douyin-recorder/backend/../recordings/director_outputs/director_output_1779667276.mp4,-1,,2026-03-29 13:09:00,False
674,碎晶晶卷发/赏金猎人直发 中分粉/白金/黑金,1,classic,2,2,,/Users/claw/work/douyin-recorder/backend/../recordings/director_outputs/director_output_1776536064.mp4,2,/Users/claw/work/douyin-recorder/backend/../recordings/director_outputs/director_output_1776555052.mp4,2026-03-29 13:11:58,False
675,赏金猎人齐刘海/中分卷发 橘色/棕色混合,1,classic,2,2,,/Users/claw/work/douyin-recorder/backend/../recordings/director_outputs/director_output_1776535949.mp4,2,/Users/claw/work/douyin-recorder/backend/../recordings/director_outputs/director_output_1776554906.mp4,2026-03-29 13:13:58,False
677,芝士齐刘海长卷发 茶棕色,1,classic,2,2,,/Users/claw/work/douyin-recorder/backend/../recordings/director_outputs/director_output_1779667200.mp4,-1,,2026-03-29 13:19:57,False
684,好命女主（仿地针防风扣假发） 混血亚麻灰棕色,1,classic,2,2,,/Users/claw/work/douyin-recorder/backend/../recordings/director_outputs/director_output_1779667101.mp4,-1,,2026-03-29 13:34:30,False
685,氧气粒子直发 灰粉色,1,classic,2,2,,/Users/claw/work/douyin-recorder/backend/../recordings/director_outputs/director_output_1779667017.mp4,-1,,2026-03-29 13:35:44,False
686,宽齐刘海假发（芝士款） 自然黑,1,classic,2,2,,/Users/claw/work/douyin-recorder/backend/../recordings/director_outputs/director_output_1779666941.mp4,-1,,2026-03-29 13:37:34,False
700,芝士卷发/天才牛直发 茶棕色、黑茶色、自然黑,1,classic,2,2,,/Users/claw/work/douyin-recorder/backend/../recordings/director_outputs/director_output_1779666946.mp4,-1,,2026-03-29 14:29:45,False
723,氧气粒子卷,1,classic,2,2,导演版视频时长不足30s（历史数据清理）: 30.0s,/Users/claw/work/douyin-recorder/backend/../recordings/director_outputs/director_output_1777139306.mp4,2,/Users/claw/work/douyin-recorder/backend/../recordings/director_outputs/director_output_1777139330.mp4,2026-03-29 16:47:02,False
727,蛋卷卷发 挑染渐变色,2,classic,2,2,,/Users/claw/work/douyin-recorder/backend/../recordings/director_outputs/director_output_1778222825.mp4,-1,,2026-03-29 20:43:33,False
729,羊毛卷 自然黑,2,classic,2,2,,/Users/claw/work/douyin-recorder/backend/../recordings/director_outputs/director_output_1781767620.mp4,-1,,2026-03-29 20:46:37,False
730,比熊卷 茶雾灰棕色,2,classic,2,2,,/Users/claw/work/douyin-recorder/backend/../recordings/director_outputs/director_output_1778222722.mp4,-1,,2026-03-29 20:47:29,False
737,仿真头皮顶部增发片 黑茶色,1,classic,2,2,,/Users/claw/work/douyin-recorder/backend/../recordings/director_outputs/director_output_1778222569.mp4,-1,,2026-03-30 05:42:43,False
738,小卷轻薄长发 纯轻棕,2,classic,2,2,,/Users/claw/work/douyin-recorder/backend/../recordings/director_outputs/director_output_1778222470.mp4,-1,,2026-03-30 05:43:30,False
769,偏分蓬松自然发型 深棕暖色,1,classic,2,2,,/Users/claw/work/douyin-recorder/backend/../recordings/director_outputs/director_output_1778222205.mp4,-1,,2026-03-30 15:44:03,False
770,美杜莎,1,classic,2,2,导演版视频时长不足30s（历史数据清理）: 13.4s,/Users/claw/work/douyin-recorder/backend/../recordings/director_outputs/director_output_1776760629.mp4,2,/Users/claw/work/douyin-recorder/backend/../recordings/director_outputs/director_output_1776760641.mp4,2026-03-30 15:46:22,False
779,齐刘海假发,2,classic,2,2,,/Users/claw/work/douyin-recorder/backend/../recordings/director_outputs/director_output_1778222026.mp4,-1,,2026-03-30 17:17:23,False
781,白金色,1,classic,2,2,,/Users/claw/work/douyin-recorder/backend/../recordings/director_outputs/director_output_1778221907.mp4,2,/Users/claw/work/douyin-recorder/backend/../recordings/director_outputs/director_output_1782546313.mp4,2026-03-30 17:33:51,False
814,齐刘海卷发（九号链接款） 奶油米金色,2,classic,2,2,,/Users/claw/work/douyin-recorder/backend/../recordings/director_outputs/director_output_1778221802.mp4,-1,,2026-03-30 20:28:55,False
815,比熊齐刘海卷发/微卷长发 橙金棕色/蜂蜜黄棕色/粉棕色,2,classic,2,2,,/Users/claw/work/douyin-recorder/backend/../recordings/director_outputs/director_output_1778221656.mp4,-1,,2026-03-30 20:32:08,False
816,比熊卷发齐刘海微卷长发 金棕色/蜂蜜黄棕色,2,classic,2,2,,/Users/claw/work/douyin-recorder/backend/../recordings/director_outputs/director_output_1778950835.mp4,2,/Users/claw/work/douyin-recorder/backend/../recordings/director_outputs/director_output_1778950814.mp4,2026-03-30 20:35:11,False
817,无辜卷卷（空气刘海短卷发） 冷茶色,2,classic,2,2,,/Users/claw/work/douyin-recorder/backend/../recordings/director_outputs/director_output_1778221551.mp4,-1,,2026-03-30 20:38:18,False
818,芝士齐刘海直发 茶棕,1,classic,2,2,,/Users/claw/work/douyin-recorder/backend/../recordings/director_outputs/director_output_1778221421.mp4,-1,,2026-03-30 20:39:42,False
819,芝士小圆直发 茶棕色/黑茶色,1,classic,2,2,,/Users/claw/work/douyin-recorder/backend/../recordings/director_outputs/director_output_1778950572.mp4,2,/Users/claw/work/douyin-recorder/backend/../recordings/director_outputs/director_output_1778950594.mp4,2026-03-30 20:41:04,False
827,美杜莎卷发 白金色,1,classic,2,2,,/Users/claw/work/douyin-recorder/backend/../recordings/director_outputs/director_output_1778950210.mp4,2,/Users/claw/work/douyin-recorder/backend/../recordings/director_outputs/director_output_1778950219.mp4,2026-03-30 20:59:56,False
840,美杜莎造型卷发 红色,1,classic,2,2,导演版视频时长不足30s（历史数据清理）: 26.4s,/Users/claw/work/douyin-recorder/backend/../recordings/director_outputs/director_output_1776535836.mp4,2,/Users/claw/work/douyin-recorder/backend/../recordings/director_outputs/director_output_1776554764.mp4,2026-03-31 10:43:17,False
841,栗子棕,1,classic,2,2,,/Users/claw/work/douyin-recorder/backend/../recordings/director_outputs/director_output_1778221191.mp4,-1,,2026-03-31 10:44:36,False
842,外翻卷发/侧丸子头/宽齐刘海 栗子棕,1,classic,2,2,,/Users/claw/work/douyin-recorder/backend/../recordings/director_outputs/director_output_1778221118.mp4,-1,,2026-03-31 10:46:12,False
845,羊毛蛋卷长卷发 红色,1,classic,2,2,,/Users/claw/work/douyin-recorder/backend/../recordings/director_outputs/director_output_1778221013.mp4,-1,,2026-03-31 10:50:25,False
847,羊毛卷长卷发 红色,1,classic,2,2,,/Users/claw/work/douyin-recorder/backend/../recordings/director_outputs/director_output_1778251514.mp4,-1,,2026-03-31 10:53:03,False
849,美杜莎卷发 红色,1,classic,2,2,导演版视频时长不足30s（历史数据清理）: 29.5s,/Users/claw/work/douyin-recorder/backend/../recordings/director_outputs/director_output_1776535785.mp4,2,/Users/claw/work/douyin-recorder/backend/../recordings/director_outputs/director_output_1776554675.mp4,2026-03-31 10:56:57,False
850,侧丸子头/外翻卷/齐刘海 栗子棕,1,classic,2,2,,/Users/claw/work/douyin-recorder/backend/../recordings/director_outputs/director_output_1778949495.mp4,2,/Users/claw/work/douyin-recorder/backend/../recordings/director_outputs/director_output_1778949503.mp4,2026-03-31 10:58:46,False
851,羊毛蛋卷假发 红色,1,classic,2,2,,/Users/claw/work/douyin-recorder/backend/../recordings/director_outputs/director_output_1778949283.mp4,2,/Users/claw/work/douyin-recorder/backend/../recordings/director_outputs/director_output_1778949258.mp4,2026-03-31 11:00:26,False
852,蛋卷卷发,1,classic,2,2,,/Users/claw/work/douyin-recorder/backend/../recordings/director_outputs/director_output_1778220925.mp4,-1,,2026-03-31 11:01:32,False
853,氧气离子卷齐刘海新款 淡灰紫色,1,classic,2,2,,/Users/claw/work/douyin-recorder/backend/../recordings/director_outputs/director_output_1778220810.mp4,-1,,2026-03-31 11:03:00,False
854,赏金猎人齐刘海直发 脏橘色,1,classic,2,2,,/Users/claw/work/douyin-recorder/backend/../recordings/director_outputs/director_output_1778220736.mp4,-1,,2026-03-31 11:04:36,False
855,中分发套,1,classic,2,2,,/Users/claw/work/douyin-recorder/backend/../recordings/director_outputs/director_output_1778251478.mp4,-1,,2026-03-31 11:05:33,False
856,卷发/直发多款展示 灰紫色/粉调灰色,1,classic,2,2,,/Users/claw/work/douyin-recorder/backend/../recordings/director_outputs/director_output_1778220561.mp4,-1,,2026-03-31 11:07:18,False
862,可可巴黎直发/高层次卷发 栗子棕/雾霾蓝/白金色,1,classic,2,2,,/Users/claw/work/douyin-recorder/backend/../recordings/director_outputs/director_output_1778220342.mp4,-1,,2026-03-31 11:16:21,False
863,迷雾冰岛渐变卷发 薄荷蓝渐变灰（T色）,1,classic,2,2,,/Users/claw/work/douyin-recorder/backend/../recordings/director_outputs/director_output_1778220318.mp4,-1,,2026-03-31 11:18:26,False
866,可可巴蕾齐刘海直发 浅棕自然色（柠檬黄/白金色亦有提及）,1,classic,2,2,,/Users/claw/work/douyin-recorder/backend/../recordings/director_outputs/director_output_1778220025.mp4,-1,,2026-03-31 11:23:57,False
869,芭比木马卷直发 米金色,2,classic,2,2,,/Users/claw/work/douyin-recorder/backend/../recordings/director_outputs/director_output_1778219744.mp4,-1,,2026-03-31 11:29:22,False
870,头顶补发片（仿真头皮中分） 自然色（黑茶色）,1,classic,2,2,,/Users/claw/work/douyin-recorder/backend/../recordings/director_outputs/director_output_1778219533.mp4,-1,,2026-03-31 11:31:04,False
871,芝士卷发/九单亚裔混血款 黑色、棕色、黑茶,1,classic,2,2,,/Users/claw/work/douyin-recorder/backend/../recordings/director_outputs/director_output_1778219479.mp4,-1,,2026-03-31 11:34:02,False
872,大单卷长直发（六号款） 焦糖棕（蜂蜜棕偏暗）,2,classic,2,2,,/Users/claw/work/douyin-recorder/backend/../recordings/director_outputs/director_output_1778219296.mp4,-1,,2026-03-31 11:36:26,False
878,迷雾冰蓝中分卷发 冰透蓝,1,classic,2,2,,/Users/claw/work/douyin-recorder/backend/../recordings/director_outputs/director_output_1778219256.mp4,-1,,2026-03-31 11:53:38,False
880,千金贝贝中分长直发 奶咖色,2,classic,2,2,,/Users/claw/work/douyin-recorder/backend/../recordings/director_outputs/director_output_1778219012.mp4,-1,,2026-03-31 11:56:35,False
881,全头套长直发/卷发多款 奶咖色,2,classic,2,2,,/Users/claw/work/douyin-recorder/backend/../recordings/director_outputs/director_output_1778218984.mp4,-1,,2026-03-31 11:58:05,False
882,公主切,1,classic,2,2,,/Users/claw/work/douyin-recorder/backend/../recordings/director_outputs/director_output_1778218648.mp4,-1,,2026-03-31 11:59:29,False
883,高层次比熊卷发 焦糖棕,2,classic,2,2,,/Users/claw/work/douyin-recorder/backend/../recordings/director_outputs/director_output_1778218629.mp4,-1,,2026-03-31 12:01:21,False
884,蛋卷卷发（齐刘海/中分）,1,classic,2,2,,/Users/claw/work/douyin-recorder/backend/../recordings/director_outputs/director_output_1778218420.mp4,-1,,2026-03-31 12:03:11,False
885,公主切短发,1,classic,2,2,,/Users/claw/work/douyin-recorder/backend/../recordings/director_outputs/director_output_1778218388.mp4,-1,,2026-03-31 12:04:36,False
886,冰蓝色卷发（迷雾冰岛款） 冰透蓝,1,classic,2,2,,/Users/claw/work/douyin-recorder/backend/../recordings/director_outputs/director_output_1778218201.mp4,-1,,2026-03-31 12:05:58,False
887,长直发/卷发多款展示 蜂蜜茶色/黑巧克力,2,classic,2,2,,/Users/claw/work/douyin-recorder/backend/../recordings/director_outputs/director_output_1778218167.mp4,-1,,2026-03-31 12:07:14,False
888,可可巴黎直发 浅棕（柠檬黄/白金）,1,classic,2,2,导演版视频时长不足30s（历史数据清理）: 25.9s,/Users/claw/work/douyin-recorder/backend/../recordings/director_outputs/director_output_1776535723.mp4,2,/Users/claw/work/douyin-recorder/backend/../recordings/director_outputs/director_output_1776554531.mp4,2026-03-31 12:08:30,False
890,公主切长卷发 白金色,1,classic,2,2,,/Users/claw/work/douyin-recorder/backend/../recordings/director_outputs/director_output_1778217966.mp4,-1,,2026-03-31 12:11:14,False
891,白金长卷发 白金色,1,classic,2,2,,/Users/claw/work/douyin-recorder/backend/../recordings/director_outputs/director_output_1778217933.mp4,-1,,2026-03-31 12:12:34,False
892,仿地针长直发/夺回卷发 黑茶色,1,classic,2,2,,/Users/claw/work/douyin-recorder/backend/../recordings/director_outputs/director_output_1778948537.mp4,2,/Users/claw/work/douyin-recorder/backend/../recordings/director_outputs/director_output_1778948526.mp4,2026-03-31 12:14:18,False
893,长直发七指宽头皮假发,1,classic,2,2,,/Users/claw/work/douyin-recorder/backend/../recordings/director_outputs/director_output_1778217772.mp4,-1,,2026-03-31 12:15:26,False
894,碎晶晶羊毛卷 灰粉调,1,classic,2,2,,/Users/claw/work/douyin-recorder/backend/../recordings/director_outputs/director_output_1778948293.mp4,2,/Users/claw/work/douyin-recorder/backend/../recordings/director_outputs/director_output_1778948283.mp4,2026-03-31 12:16:49,False
895,微卷长直发全头套 蜂蜜茶棕,2,classic,2,2,,/Users/claw/work/douyin-recorder/backend/../recordings/director_outputs/director_output_1778217717.mp4,-1,,2026-03-31 12:18:12,False
896,咖啡豆短卷发/暹罗卷卷短发 焦糖暖棕色/暹罗渐变挑染,2,classic,2,2,,/Users/claw/work/douyin-recorder/backend/../recordings/director_outputs/director_output_1778217593.mp4,-1,,2026-03-31 12:19:50,False
897,一刀切淡蛋卷短发 冷茶色,2,classic,2,2,,/Users/claw/work/douyin-recorder/backend/../recordings/director_outputs/director_output_1778217465.mp4,-1,,2026-03-31 12:20:58,False
901,天蝎座长发、古早甜心 灰棕色,1,classic,2,2,,/Users/claw/work/douyin-recorder/backend/../recordings/director_outputs/director_output_1778217336.mp4,-1,,2026-03-31 12:26:48,False
918,蜂蜜茶棕微卷长发全头套 蜂蜜茶棕,2,classic,2,2,,/Users/claw/work/douyin-recorder/backend/../recordings/director_outputs/director_output_1778217232.mp4,-1,,2026-03-31 15:27:19,False
923,比熊卷发齐刘海微卷长发 金棕色/蜂蜜黄棕色,2,classic,2,2,,/Users/claw/work/douyin-recorder/backend/../recordings/director_outputs/director_output_1778217083.mp4,-1,,2026-03-31 15:57:12,False
973,羊毛卷长卷发（雨琦美杜莎款） 红色,1,classic,2,2,,/Users/claw/work/douyin-recorder/backend/../recordings/director_outputs/director_output_1778216997.mp4,-1,,2026-03-31 18:22:33,False
1014,碎晶晶羊毛卷 灰粉调,1,classic,2,2,,/Users/claw/work/douyin-recorder/backend/../recordings/director_outputs/director_output_1776535666.mp4,2,/Users/claw/work/douyin-recorder/backend/../recordings/director_outputs/director_output_1776554092.mp4,2026-03-31 20:19:51,False
1026,齐刘海与中分蛋卷卷发,1,classic,2,2,,/Users/claw/work/douyin-recorder/backend/../recordings/director_outputs/director_output_1778216828.mp4,-1,,2026-03-31 20:52:13,False
1061,内扣卷发/卷发样品展示 乌梅子酱色/粉紫色/黑色,1,classic,2,2,,/Users/claw/work/douyin-recorder/backend/../recordings/director_outputs/director_output_1779666355.mp4,-1,,2026-03-31 22:22:29,False
1063,芝士卷发（长卷发） 茶棕色/黑茶色,1,classic,2,2,,/Users/claw/work/douyin-recorder/backend/../recordings/director_outputs/director_output_1775906998.mp4,2,/Users/claw/work/douyin-recorder/backend/../recordings/director_outputs/director_output_1776553948.mp4,2026-03-31 22:40:46,False
1069,天蝎座直发中分 自然黑,1,classic,2,2,,/Users/claw/work/douyin-recorder/backend/../recordings/director_outputs/director_output_1779666285.mp4,-1,,2026-03-31 23:11:49,False
1071,老婆款假发（直发/卷发） 奶茶粉,1,classic,2,2,,/Users/claw/work/douyin-recorder/backend/../recordings/director_outputs/director_output_1775907142.mp4,2,/Users/claw/work/douyin-recorder/backend/../recordings/director_outputs/director_output_1776553740.mp4,2026-03-31 23:19:42,False
1090,齐刘海直发（清透清冷风）,1,classic,2,2,,/Users/claw/work/douyin-recorder/backend/../recordings/director_outputs/director_output_1779666213.mp4,-1,,2026-04-01 05:54:38,False
1123,丸子头扎发款 黑茶色/茶棕色,1,classic,2,2,,/Users/claw/work/douyin-recorder/backend/../recordings/director_outputs/director_output_1778216490.mp4,-1,,2026-04-01 12:23:53,False
1124,仿帝针宽中分长发 黑色、黑茶色,1,classic,2,2,,/Users/claw/work/douyin-recorder/backend/../recordings/director_outputs/director_output_1778216411.mp4,-1,,2026-04-01 12:26:23,False
1129,夺回中分外翻卷发 黑色,1,classic,2,2,,/Users/claw/work/douyin-recorder/backend/../recordings/director_outputs/director_output_1778908300.mp4,-1,,2026-04-01 12:34:53,False
1130,碎晶晶羊毛蛋卷假发 棕色,1,classic,2,2,,/Users/claw/work/douyin-recorder/backend/../recordings/director_outputs/director_output_1778216203.mp4,-1,,2026-04-01 12:36:36,False
1131,碎发卷发/碎晶直发 粉调灰色,1,classic,2,2,,/Users/claw/work/douyin-recorder/backend/../recordings/director_outputs/director_output_1778216160.mp4,-1,,2026-04-01 12:38:15,False
1132,碎晶晶直发 浅色,1,classic,2,2,,/Users/claw/work/douyin-recorder/backend/../recordings/director_outputs/director_output_1778215866.mp4,-1,,2026-04-01 12:38:56,False
1133,羊毛卷中长发 琥珀棕,2,classic,2,2,,/Users/claw/work/douyin-recorder/backend/../recordings/director_outputs/director_output_1778215847.mp4,-1,,2026-04-01 12:43:10,False
1134,夺回长卷发 黑色,1,classic,2,2,,/Users/claw/work/douyin-recorder/backend/../recordings/director_outputs/director_output_1778215540.mp4,-1,,2026-04-01 12:46:56,False
1135,碎晶直发/卷发多款 粉调暖灰,1,classic,2,2,,/Users/claw/work/douyin-recorder/backend/../recordings/director_outputs/director_output_1778215505.mp4,-1,,2026-04-01 12:49:43,False
1137,碎晶晶羊毛蛋卷卷发 棕色,1,classic,2,2,,/Users/claw/work/douyin-recorder/backend/../recordings/director_outputs/director_output_1778215333.mp4,-1,,2026-04-01 12:53:41,False
1140,高层次齐刘海直发 巧克力棕色渐变,2,classic,2,2,,/Users/claw/work/douyin-recorder/backend/../recordings/director_outputs/director_output_1778215270.mp4,-1,,2026-04-01 13:01:24,False
1141,顶美中分长直发 巧克力色/米金色,2,classic,2,2,,/Users/claw/work/douyin-recorder/backend/../recordings/director_outputs/director_output_1778215120.mp4,-1,,2026-04-01 13:04:24,False
1142,丸子头（高丸子/侧丸子） 黑色/茶棕色,1,classic,2,2,,/Users/claw/work/douyin-recorder/backend/../recordings/director_outputs/director_output_1778215070.mp4,-1,,2026-04-01 13:07:25,False
1143,仿帝针中分假发 黑茶色,1,classic,2,2,,/Users/claw/work/douyin-recorder/backend/../recordings/director_outputs/director_output_1776535519.mp4,2,/Users/claw/work/douyin-recorder/backend/../recordings/director_outputs/director_output_1776553640.mp4,2026-04-01 13:10:06,False
1146,偏分蓬松自然发型 暖棕黄色,1,classic,2,2,,/Users/claw/work/douyin-recorder/backend/../recordings/director_outputs/director_output_1778214937.mp4,-1,,2026-04-01 13:18:00,False
1147,微卷长发（千金网红款） 蜂蜜茶色（蜜棕）,2,classic,2,2,,/Users/claw/work/douyin-recorder/backend/../recordings/director_outputs/director_output_1778214877.mp4,-1,,2026-04-01 13:22:10,False
1148,海藻卷长发 蜜桃乌龙/灰粉渐变,2,classic,2,2,,/Users/claw/work/douyin-recorder/backend/../recordings/director_outputs/director_output_1778250766.mp4,-1,,2026-04-01 13:25:39,False
1150,海藻卷长发 蜜桃乌龙（渐变灰粉）,2,classic,2,2,,/Users/claw/work/douyin-recorder/backend/../recordings/director_outputs/director_output_1778250542.mp4,-1,,2026-04-01 13:31:14,False
1151,中分直发、暹罗卷卷、外翻蛋卷短发 黑巧克力色、奶油咖渐变色,2,classic,2,2,,/Users/claw/work/douyin-recorder/backend/../recordings/director_outputs/director_output_1778214512.mp4,-1,,2026-04-01 13:34:37,False
1153,顶美中分长直发（幺六八） 米金色,2,classic,2,2,,/Users/claw/work/douyin-recorder/backend/../recordings/director_outputs/director_output_1776535610.mp4,2,/Users/claw/work/douyin-recorder/backend/../recordings/director_outputs/director_output_1776553832.mp4,2026-04-01 13:43:45,False
1154,暹罗卷卷短卷发 巧克力色/奶油咖渐变,2,classic,2,2,,/Users/claw/work/douyin-recorder/backend/../recordings/director_outputs/director_output_1778214506.mp4,-1,,2026-04-01 13:45:56,False
1155,古早甜心 浅色,1,classic,2,2,,/Users/claw/work/douyin-recorder/backend/../recordings/director_outputs/director_output_1778250501.mp4,-1,,2026-04-01 13:50:34,False
1156,长直发（含卷发款） 黑色,2,classic,2,2,,/Users/claw/work/douyin-recorder/backend/../recordings/director_outputs/director_output_1778250283.mp4,-1,,2026-04-01 13:52:38,False
1159,咖啡豆短卷发 焦糖暖棕色,2,classic,2,2,,/Users/claw/work/douyin-recorder/backend/../recordings/director_outputs/director_output_1778214134.mp4,-1,,2026-04-01 14:27:55,False
1160,齐刘海长直发 黑巧克力色,2,classic,2,2,,/Users/claw/work/douyin-recorder/backend/../recordings/director_outputs/director_output_1778214043.mp4,-1,,2026-04-01 14:29:03,False
1161,黑色短发黑莓卷 黑色,2,classic,2,2,,/Users/claw/work/douyin-recorder/backend/../recordings/director_outputs/director_output_1778213858.mp4,-1,,2026-04-01 14:29:45,False
1162,天蝎座长直发（长度80cm）,1,classic,2,2,,/Users/claw/work/douyin-recorder/backend/../recordings/director_outputs/director_output_1778213690.mp4,-1,,2026-04-01 14:31:15,False
1163,白金卷卷短卷发 白金色（奶油米金色）,2,classic,2,2,,/Users/claw/work/douyin-recorder/backend/../recordings/director_outputs/director_output_1778213593.mp4,-1,,2026-04-01 14:32:43,False
1164,高层次中长内收发,2,classic,2,2,,/Users/claw/work/douyin-recorder/backend/../recordings/director_outputs/director_output_1778213482.mp4,-1,,2026-04-01 14:33:47,False
1165,古早甜心天蝎座中长直发 灰棕色,1,classic,2,2,,/Users/claw/work/douyin-recorder/backend/../recordings/director_outputs/director_output_1778213323.mp4,-1,,2026-04-01 14:35:12,False
1166,暹罗卷卷（微卷/大半卷长发） 咖染挑染（暹罗猫咪同款潮色）,2,classic,2,2,,/Users/claw/work/douyin-recorder/backend/../recordings/director_outputs/director_output_1778213222.mp4,-1,,2026-04-01 14:37:14,False
1167,中分/齐刘海长卷发 蜂蜜茶棕,2,classic,2,2,,/Users/claw/work/douyin-recorder/backend/../recordings/director_outputs/director_output_1778213083.mp4,-1,,2026-04-01 14:39:20,False
1168,天蝎座、丽丽丝、芝士、古早甜心等多款,1,classic,2,2,,/Users/claw/work/douyin-recorder/backend/../recordings/director_outputs/director_output_1778212939.mp4,-1,,2026-04-01 14:41:05,False
1170,长卷发 渐变灰粉色,2,classic,2,2,,/Users/claw/work/douyin-recorder/backend/../recordings/director_outputs/director_output_1778212840.mp4,-1,,2026-04-01 14:43:36,False
1172,中分卷发 蜂蜜茶棕色,2,classic,2,2,,/Users/claw/work/douyin-recorder/backend/../recordings/director_outputs/director_output_1778212750.mp4,-1,,2026-04-01 14:46:20,False
1174,咖啡豆短卷发 焦糖咖啡色,2,classic,2,2,,/Users/claw/work/douyin-recorder/backend/../recordings/director_outputs/director_output_1778212552.mp4,-1,,2026-04-01 14:49:37,False
1177,蜂蜜茶棕微卷长发 蜂蜜茶棕,2,classic,2,2,,/Users/claw/work/douyin-recorder/backend/../recordings/director_outputs/director_output_1778212478.mp4,-1,,2026-04-01 14:54:34,False
1179,微卷长发全头套 蜂蜜茶棕,2,classic,2,2,,/Users/claw/work/douyin-recorder/backend/../recordings/director_outputs/director_output_1778212263.mp4,-1,,2026-04-01 14:58:15,False
1180,中分直发长发 黑巧克力,2,classic,2,2,,/Users/claw/work/douyin-recorder/backend/../recordings/director_outputs/director_output_1778212147.mp4,-1,,2026-04-01 15:02:10,False
1182,大蛋卷长卷发 焦糖茶棕色,2,classic,2,2,,/Users/claw/work/douyin-recorder/backend/../recordings/director_outputs/director_output_1778212054.mp4,-1,,2026-04-01 15:07:31,False
1184,堆堆熊短卷发 黑棕色,2,classic,2,2,,/Users/claw/work/douyin-recorder/backend/../recordings/director_outputs/director_output_1778211853.mp4,-1,,2026-04-01 15:11:10,False
1186,梨花烫微卷长发 蜂蜜茶棕色,2,classic,2,2,,/Users/claw/work/douyin-recorder/backend/../recordings/director_outputs/director_output_1778211743.mp4,-1,,2026-04-01 15:14:40,False
1188,短发外翻卷（咖啡豆/暹罗卷） 焦糖暖棕（咖啡豆）/暹罗渐变挑染,2,classic,2,2,,/Users/claw/work/douyin-recorder/backend/../recordings/director_outputs/director_output_1778211672.mp4,-1,,2026-04-01 15:18:04,False
1189,空气感刘海短发 冷茶色,2,classic,2,2,,/Users/claw/work/douyin-recorder/backend/../recordings/director_outputs/director_output_1778211382.mp4,-1,,2026-04-01 15:19:14,False
1191,微卷发（一号）,2,classic,2,2,,/Users/claw/work/douyin-recorder/backend/../recordings/director_outputs/director_output_1778211099.mp4,-1,,2026-04-01 15:21:27,False
1193,好命女主齐刘海卷发 灰棕混血色（黑茶色）,1,classic,2,2,导演版视频时长不足30s（历史数据清理）: 27.8s,/Users/claw/work/douyin-recorder/backend/../recordings/director_outputs/director_output_1776535457.mp4,2,/Users/claw/work/douyin-recorder/backend/../recordings/director_outputs/director_output_1776553524.mp4,2026-04-01 15:26:46,False
1194,人参头中分假发 亚麻棕/茶棕,1,classic,2,2,,/Users/claw/work/douyin-recorder/backend/../recordings/director_outputs/director_output_1778211029.mp4,-1,,2026-04-01 15:28:53,False
1195,仿地针工艺全头套 自然黑,1,classic,2,2,,/Users/claw/work/douyin-recorder/backend/../recordings/director_outputs/director_output_1778210827.mp4,-1,,2026-04-01 15:30:42,False
1204,黑色,1,classic,2,2,,/Users/claw/work/douyin-recorder/backend/../recordings/director_outputs/director_output_1778210754.mp4,2,/Users/claw/work/douyin-recorder/backend/../recordings/director_outputs/director_output_1784992605_padded_2160x3840_50fps.mp4,2026-04-01 15:53:42,False
1208,短发卷发,2,classic,2,2,,/Users/claw/work/douyin-recorder/backend/../recordings/director_outputs/director_output_1778210591.mp4,2,/Users/claw/work/douyin-recorder/backend/../recordings/director_outputs/director_output_1778260436.mp4,2026-04-01 16:06:56,False
1209,直发,1,classic,2,2,,/Users/claw/work/douyin-recorder/backend/../recordings/director_outputs/director_output_1778210490.mp4,2,/Users/claw/work/douyin-recorder/backend/../recordings/director_outputs/director_output_1778260093.mp4,2026-04-01 16:07:28,False
1214,日系高层次齐刘海卷发（海藻卷） 蜜桃乌龙灰粉渐变色,2,classic,2,2,,/Users/claw/work/douyin-recorder/backend/../recordings/director_outputs/director_output_1778210314.mp4,2,/Users/claw/work/douyin-recorder/backend/../recordings/director_outputs/director_output_1778259753.mp4,2026-04-01 16:26:39,False
1262,碎晶晶羊毛蛋卷 棕色,1,classic,2,2,,/Users/claw/work/douyin-recorder/backend/../recordings/director_outputs/director_output_1778210252.mp4,-1,,2026-04-01 17:48:41,False
1303,海波浪卷发 西梅乌龙、粉色,2,classic,2,2,,/Users/claw/work/douyin-recorder/backend/../recordings/director_outputs/director_output_1778209991.mp4,2,/Users/claw/work/douyin-recorder/backend/../recordings/director_outputs/director_output_1778256127.mp4,2026-04-02 04:17:26,False
1317,免打理直发长发,2,classic,2,2,,/Users/claw/work/douyin-recorder/backend/../recordings/director_outputs/director_output_1778209963.mp4,2,/Users/claw/work/douyin-recorder/backend/../recordings/director_outputs/director_output_1778255289.mp4,2026-04-02 04:35:17,False
1319,中长发半扎发蕾丝假发 深棕色,2,classic,2,2,,/Users/claw/work/douyin-recorder/backend/../recordings/director_outputs/director_output_1778209717.mp4,2,/Users/claw/work/douyin-recorder/backend/../recordings/director_outputs/director_output_1778254888.mp4,2026-04-02 04:37:53,False
1324,海藻卷中分卷发 西梅灰紫色,2,classic,2,2,,/Users/claw/work/douyin-recorder/backend/../recordings/director_outputs/director_output_1778209651.mp4,2,/Users/claw/work/douyin-recorder/backend/../recordings/director_outputs/director_output_1778254434.mp4,2026-04-02 04:47:00,False
1336,碎发卷发/直发多款展示 粉调灰色,1,classic,2,2,,/Users/claw/work/douyin-recorder/backend/../recordings/director_outputs/director_output_1778209447.mp4,2,/Users/claw/work/douyin-recorder/backend/../recordings/director_outputs/director_output_1778253717.mp4,2026-04-02 05:22:56,False
1345,芝士小圆直发 茶棕色/黑茶色,1,classic,2,2,,/Users/claw/work/douyin-recorder/backend/../recordings/director_outputs/director_output_1778209353.mp4,-1,,2026-04-02 05:43:59,False
1354,中分仿帝针假发 黑茶色,1,classic,2,2,,/Users/claw/work/douyin-recorder/backend/../recordings/director_outputs/director_output_1778209196.mp4,2,/Users/claw/work/douyin-recorder/backend/../recordings/director_outputs/director_output_1778252481.mp4,2026-04-02 06:12:14,False
1359,丝滑直发 巧克力色,2,classic,2,2,,/Users/claw/work/douyin-recorder/backend/../recordings/director_outputs/director_output_1779665866.mp4,2,/Users/claw/work/douyin-recorder/backend/../recordings/director_outputs/director_output_1783521332.mp4,2026-04-02 06:35:10,False
1362,仿地针长直发/夺回卷发 黑茶色,1,classic,2,2,,/Users/claw/work/douyin-recorder/backend/../recordings/director_outputs/director_output_1778208989.mp4,2,/Users/claw/work/douyin-recorder/backend/../recordings/director_outputs/director_output_1778251638.mp4,2026-04-02 06:42:14,False
1365,半弹网丝长款假发,2,classic,2,2,,/Users/claw/work/douyin-recorder/backend/../recordings/director_outputs/director_output_1779665797.mp4,2,/Users/claw/work/douyin-recorder/backend/../recordings/director_outputs/director_output_1779668009.mp4,2026-04-02 06:48:52,False
1366,卷发/中分/起刘海多款假发 蜂蜜茶色、微醺黑棕,2,classic,2,2,,/Users/claw/work/douyin-recorder/backend/../recordings/director_outputs/director_output_1775907525.mp4,2,/Users/claw/work/douyin-recorder/backend/../recordings/director_outputs/director_output_1776553122.mp4,2026-04-02 06:49:49,False
1371,天才女友/天才牛卷发 深棕冷色系,1,classic,2,2,导演版视频时长不足30s（历史数据清理）: 4.0s,/Users/claw/work/douyin-recorder/backend/../recordings/director_outputs/director_output_1775907619.mp4,2,/Users/claw/work/douyin-recorder/backend/../recordings/director_outputs/director_output_1776552955.mp4,2026-04-02 07:50:25,False
1373,长卷发（夺回款） 黑茶、棕色,1,classic,2,2,,/Users/claw/work/douyin-recorder/backend/../recordings/director_outputs/director_output_1778208698.mp4,2,/Users/claw/work/douyin-recorder/backend/../recordings/director_outputs/director_output_1778250879.mp4,2026-04-02 08:04:01,False
1386,卷发/直发多款式 自然黑、深棕、奶茶色,1,classic,2,2,导演版视频时长不足30s（历史数据清理）: 3.4s,/Users/claw/work/douyin-recorder/backend/../recordings/director_outputs/director_output_1776535355.mp4,2,/Users/claw/work/douyin-recorder/backend/../recordings/director_outputs/director_output_1776552740.mp4,2026-04-02 08:43:01,False
1388,碎晶晶直发,1,classic,2,2,,/Users/claw/work/douyin-recorder/backend/../recordings/director_outputs/director_output_1779665789.mp4,-1,,2026-04-02 08:51:49,False
1392,米白灰调齐刘海长直发 米白色（含灰调与粉调）,1,classic,2,2,,/Users/claw/work/douyin-recorder/backend/../recordings/director_outputs/director_output_1778208405.mp4,2,/Users/claw/work/douyin-recorder/backend/../recordings/director_outputs/director_output_1778249929.mp4,2026-04-02 09:04:17,False
1405,中长款微卷免发网假发 黑棕色,2,classic,2,2,,/Users/claw/work/douyin-recorder/backend/../recordings/director_outputs/director_output_1778208368.mp4,2,/Users/claw/work/douyin-recorder/backend/../recordings/director_outputs/director_output_1778249233.mp4,2026-04-02 10:10:15,False
1406,白金短发一刀切 白金色,1,classic,2,2,,/Users/claw/work/douyin-recorder/backend/../recordings/director_outputs/director_output_1778208088.mp4,2,/Users/claw/work/douyin-recorder/backend/../recordings/director_outputs/director_output_1778248764.mp4,2026-04-02 10:16:23,False
1421,古早甜心/古早青木长发卷发 亚麻色/深棕多色可选,1,classic,2,2,,/Users/claw/work/douyin-recorder/backend/../recordings/director_outputs/director_output_1775908016.mp4,2,/Users/claw/work/douyin-recorder/backend/../recordings/director_outputs/director_output_1776552517.mp4,2026-04-02 10:59:17,False
1428,中分微卷长发（女神款） 黑茶色,2,classic,2,2,,/Users/claw/work/douyin-recorder/backend/../recordings/director_outputs/director_output_1778208060.mp4,2,/Users/claw/work/douyin-recorder/backend/../recordings/director_outputs/director_output_1778247989.mp4,2026-04-02 11:26:42,False
1429,芝士齐刘海长卷发 茶棕色,1,classic,2,2,,/Users/claw/work/douyin-recorder/backend/../recordings/director_outputs/director_output_1779665732.mp4,2,/Users/claw/work/douyin-recorder/backend/../recordings/director_outputs/director_output_1779667376.mp4,2026-04-02 11:31:58,False
1430,仿帝针精修碎晶卷发/直发 米灰调（含粉调）,1,classic,2,2,,/Users/claw/work/douyin-recorder/backend/../recordings/director_outputs/director_output_1775908270.mp4,2,/Users/claw/work/douyin-recorder/backend/../recordings/director_outputs/director_output_1776552345.mp4,2026-04-02 11:50:56,False
1433,内扣卷发/卷发样品展示 乌梅子酱色/粉紫色/黑色,1,classic,2,2,,/Users/claw/work/douyin-recorder/backend/../recordings/director_outputs/director_output_1775908285.mp4,2,/Users/claw/work/douyin-recorder/backend/../recordings/director_outputs/director_output_1776552229.mp4,2026-04-02 11:58:48,False
1445,丸子头（高丸子/侧丸子） 黑茶色/茶棕色,1,classic,2,2,,/Users/claw/work/douyin-recorder/backend/../recordings/director_outputs/director_output_1778207765.mp4,-1,,2026-04-02 12:34:05,False
1447,蕾丝假发/仿真发际线卷发 乌紫色/灰紫色,1,classic,2,2,,/Users/claw/work/douyin-recorder/backend/../recordings/director_outputs/director_output_1775908397.mp4,2,/Users/claw/work/douyin-recorder/backend/../recordings/director_outputs/director_output_1776552023.mp4,2026-04-02 13:36:13,False
1467,未分类,2,classic,2,2,,/Users/claw/work/douyin-recorder/backend/../recordings/director_outputs/director_output_1778207275.mp4,2,/Users/claw/work/douyin-recorder/backend/../recordings/director_outputs/director_output_1778245712.mp4,2026-04-03 15:10:59,False
1468,未分类,2,classic,2,2,,/Users/claw/work/douyin-recorder/backend/../recordings/director_outputs/director_output_1778207222.mp4,2,/Users/claw/work/douyin-recorder/backend/../recordings/director_outputs/director_output_1778245342.mp4,2026-04-03 15:34:19,False
1469,高层次中长卷发 黑棕色,2,classic,2,2,,/Users/claw/work/douyin-recorder/backend/../recordings/director_outputs/director_output_1778207040.mp4,2,/Users/claw/work/douyin-recorder/backend/../recordings/director_outputs/director_output_1778244995.mp4,2026-04-03 15:59:51,False
1471,无辜卷卷中分长卷发 冷茶色,2,classic,2,2,,/Users/claw/work/douyin-recorder/backend/../recordings/director_outputs/director_output_1778206970.mp4,2,/Users/claw/work/douyin-recorder/backend/../recordings/director_outputs/director_output_1778244617.mp4,2026-04-03 16:15:29,False
1479,珍妮小猫微卷短发 豆沙粉棕,2,classic,2,2,,/Users/claw/work/douyin-recorder/backend/../recordings/director_outputs/director_output_1778206785.mp4,2,/Users/claw/work/douyin-recorder/backend/../recordings/director_outputs/director_output_1778244262.mp4,2026-04-03 16:58:45,False
1485,千金小头围假发 棕色、自然黑,1,classic,2,2,,/Users/claw/work/douyin-recorder/backend/../recordings/director_outputs/director_output_1778206703.mp4,2,/Users/claw/work/douyin-recorder/backend/../recordings/director_outputs/director_output_1778243904.mp4,2026-04-03 17:24:00,False
1488,水光绸缎黑色中分V卷长发 黑茶色,2,classic,2,2,,/Users/claw/work/douyin-recorder/backend/../recordings/director_outputs/director_output_1778206527.mp4,2,/Users/claw/work/douyin-recorder/backend/../recordings/director_outputs/director_output_1778243534.mp4,2026-04-03 17:34:08,False
1490,中分假发 焦糖冷棕,1,classic,2,2,,/Users/claw/work/douyin-recorder/backend/../recordings/director_outputs/director_output_1778206436.mp4,-1,,2026-04-03 17:44:26,False
1494,水光绸绸 黑色,2,classic,2,2,,/Users/claw/work/douyin-recorder/backend/../recordings/director_outputs/director_output_1776535116.mp4,2,/Users/claw/work/douyin-recorder/backend/../recordings/director_outputs/director_output_1776551189.mp4,2026-04-03 17:59:50,False
1496,仿帝针短发福利款 栗子棕,1,classic,2,2,,/Users/claw/work/douyin-recorder/backend/../recordings/director_outputs/director_output_1778206230.mp4,2,/Users/claw/work/douyin-recorder/backend/../recordings/director_outputs/director_output_1778242867.mp4,2026-04-03 18:18:17,False
1497,高层次齐刘海直发 巧克力色,2,classic,2,2,,/Users/claw/work/douyin-recorder/backend/../recordings/director_outputs/director_output_1778206185.mp4,2,/Users/claw/work/douyin-recorder/backend/../recordings/director_outputs/director_output_1778242513.mp4,2026-04-03 18:23:38,False
1498,缪系模仿生爆款开叉发型,2,classic,2,2,,/Users/claw/work/douyin-recorder/backend/../recordings/director_outputs/director_output_1778249299.mp4,2,/Users/claw/work/douyin-recorder/backend/../recordings/director_outputs/director_output_1778242131.mp4,2026-04-03 18:26:24,False
1501,齐刘海直发 金色,2,classic,2,2,,/Users/claw/work/douyin-recorder/backend/../recordings/director_outputs/director_output_1778205968.mp4,2,/Users/claw/work/douyin-recorder/backend/../recordings/director_outputs/director_output_1778241774.mp4,2026-04-03 18:36:07,False
1502,舵杆金沙直发 奶茶金棕色,1,classic,2,2,,/Users/claw/work/douyin-recorder/backend/../recordings/director_outputs/director_output_1778205882.mp4,2,/Users/claw/work/douyin-recorder/backend/../recordings/director_outputs/director_output_1778241429.mp4,2026-04-03 18:45:56,False
1505,羊毛小卷卷发（海藻卷） 灰金色,2,classic,2,2,,/Users/claw/work/douyin-recorder/backend/../recordings/director_outputs/director_output_1778249270.mp4,2,/Users/claw/work/douyin-recorder/backend/../recordings/director_outputs/director_output_1778241033.mp4,2026-04-03 19:06:48,False
1506,头顶补发片 自然色,1,classic,2,2,,/Users/claw/work/douyin-recorder/backend/../recordings/director_outputs/director_output_1778205720.mp4,2,/Users/claw/work/douyin-recorder/backend/../recordings/director_outputs/director_output_1778240692.mp4,2026-04-03 19:10:42,False
1510,高层次比熊卷发 橙金棕色,2,classic,2,2,,/Users/claw/work/douyin-recorder/backend/../recordings/director_outputs/director_output_1776535092.mp4,2,/Users/claw/work/douyin-recorder/backend/../recordings/director_outputs/director_output_1776550848.mp4,2026-04-03 19:34:50,False
1511,妲己壶、比熊（两款小头适用新款）,2,classic,2,2,,/Users/claw/work/douyin-recorder/backend/../recordings/director_outputs/director_output_1778205584.mp4,2,/Users/claw/work/douyin-recorder/backend/../recordings/director_outputs/director_output_1778240335.mp4,2026-04-03 19:44:22,False
1514,芭比木马卷 奶油米金色,2,classic,2,2,,/Users/claw/work/douyin-recorder/backend/../recordings/director_outputs/director_output_1778205496.mp4,2,/Users/claw/work/douyin-recorder/backend/../recordings/director_outputs/director_output_1778239942.mp4,2026-04-03 19:53:29,False
1516,外翻卷发/侧丸子头/齐刘海 栗子棕,1,classic,2,2,,/Users/claw/work/douyin-recorder/backend/../recordings/director_outputs/director_output_1778205289.mp4,-1,,2026-04-03 19:58:54,False
1522,中分假发 白金色,1,classic,2,2,,/Users/claw/work/douyin-recorder/backend/../recordings/director_outputs/director_output_1778205207.mp4,2,/Users/claw/work/douyin-recorder/backend/../recordings/director_outputs/director_output_1778239223.mp4,2026-04-03 20:19:44,False
1523,微卷长发 蜂蜜茶棕,2,classic,2,2,,/Users/claw/work/douyin-recorder/backend/../recordings/director_outputs/director_output_1778205054.mp4,2,/Users/claw/work/douyin-recorder/backend/../recordings/director_outputs/director_output_1778238909.mp4,2026-04-03 20:28:28,False
1531,蛋卷短发/海藻卷长发 黑莓色/灰粉渐变,2,classic,2,2,,/Users/claw/work/douyin-recorder/backend/../recordings/director_outputs/director_output_1778204976.mp4,2,/Users/claw/work/douyin-recorder/backend/../recordings/director_outputs/director_output_1778238525.mp4,2026-04-03 20:50:32,False
1537,夺回卷发（中分外翻卷） 黑色/黑茶色,1,classic,2,2,,/Users/claw/work/douyin-recorder/backend/../recordings/director_outputs/director_output_1778204745.mp4,2,/Users/claw/work/douyin-recorder/backend/../recordings/director_outputs/director_output_1778238157.mp4,2026-04-03 21:13:09,False
1539,中分直发高层次精修款 黑巧克力,2,classic,2,2,,/Users/claw/work/douyin-recorder/backend/../recordings/director_outputs/director_output_1778204683.mp4,2,/Users/claw/work/douyin-recorder/backend/../recordings/director_outputs/director_output_1778237848.mp4,2026-04-03 21:19:54,False
1540,水光绸缎微卷长直发 自然黑,2,classic,2,2,,/Users/claw/work/douyin-recorder/backend/../recordings/director_outputs/director_output_1778204466.mp4,2,/Users/claw/work/douyin-recorder/backend/../recordings/director_outputs/director_output_1778237471.mp4,2026-04-03 21:31:04,False
1541,无辜卷卷短卷发 冷茶色、咖啡豆色,2,classic,2,2,,/Users/claw/work/douyin-recorder/backend/../recordings/director_outputs/director_output_1778204345.mp4,2,/Users/claw/work/douyin-recorder/backend/../recordings/director_outputs/director_output_1778237057.mp4,2026-04-03 21:40:38,False
1543,梨花烫内扣长发 自然黑,2,classic,2,2,,/Users/claw/work/douyin-recorder/backend/../recordings/director_outputs/director_output_1778204250.mp4,2,/Users/claw/work/douyin-recorder/backend/../recordings/director_outputs/director_output_1778236659.mp4,2026-04-03 21:54:32,False
1548,齐刘海卷发/中分直发,2,classic,2,2,,/Users/claw/work/douyin-recorder/backend/../recordings/director_outputs/director_output_1778204063.mp4,2,/Users/claw/work/douyin-recorder/backend/../recordings/director_outputs/director_output_1778236256.mp4,2026-04-03 22:12:35,False
1549,微卷长发/蛋卷短发 粉棕色,2,classic,2,2,,/Users/claw/work/douyin-recorder/backend/../recordings/director_outputs/director_output_1778203939.mp4,2,/Users/claw/work/douyin-recorder/backend/../recordings/director_outputs/director_output_1778235899.mp4,2026-04-03 22:21:04,False
1553,假发（含发网发帽教学）,2,classic,2,2,,/Users/claw/work/douyin-recorder/backend/../recordings/director_outputs/director_output_1778203837.mp4,2,/Users/claw/work/douyin-recorder/backend/../recordings/director_outputs/director_output_1778235517.mp4,2026-04-03 22:40:45,False
1557,黑色微卷长发 黑茶色,2,classic,2,2,,/Users/claw/work/douyin-recorder/backend/../recordings/director_outputs/director_output_1776534968.mp4,2,/Users/claw/work/douyin-recorder/backend/../recordings/director_outputs/director_output_1776549958.mp4,2026-04-03 23:04:01,False
1558,氧气粒子卷高马尾,1,classic,2,2,,/Users/claw/work/douyin-recorder/backend/../recordings/director_outputs/director_output_1778203604.mp4,2,/Users/claw/work/douyin-recorder/backend/../recordings/director_outputs/director_output_1778235120.mp4,2026-04-03 23:05:41,False
1562,刘海直发中长款 深色,2,classic,2,2,,/Users/claw/work/douyin-recorder/backend/../recordings/director_outputs/director_output_1776534941.mp4,2,/Users/claw/work/douyin-recorder/backend/../recordings/director_outputs/director_output_1776549747.mp4,2026-04-03 23:18:39,False
1565,赏金猎人中分、氧气粒子直发,1,classic,2,2,,/Users/claw/work/douyin-recorder/backend/../recordings/director_outputs/director_output_1778203562.mp4,2,/Users/claw/work/douyin-recorder/backend/../recordings/director_outputs/director_output_1778234939.mp4,2026-04-03 23:29:56,False
1567,长直发（可扎公主头） 蜂蜜茶棕色,2,classic,2,2,,/Users/claw/work/douyin-recorder/backend/../recordings/director_outputs/director_output_1778203321.mp4,2,/Users/claw/work/douyin-recorder/backend/../recordings/director_outputs/director_output_1778234748.mp4,2026-04-03 23:38:36,False
1568,长直发中分款（75cm） 粉色渐变（蜜桃色）,2,classic,2,2,,/Users/claw/work/douyin-recorder/backend/../recordings/director_outputs/director_output_1778203249.mp4,2,/Users/claw/work/douyin-recorder/backend/../recordings/director_outputs/director_output_1778234379.mp4,2026-04-03 23:41:22,False
1570,无辜卷卷 白金、冷棕、冷茶色,2,classic,2,2,,/Users/claw/work/douyin-recorder/backend/../recordings/director_outputs/director_output_1778203035.mp4,2,/Users/claw/work/douyin-recorder/backend/../recordings/director_outputs/director_output_1778234024.mp4,2026-04-03 23:48:49,False
1571,齐刘海中分卷发 茶棕色,1,classic,2,2,,/Users/claw/work/douyin-recorder/backend/../recordings/director_outputs/director_output_1778202956.mp4,2,/Users/claw/work/douyin-recorder/backend/../recordings/director_outputs/director_output_1778233667.mp4,2026-04-04 00:00:03,False
1572,高层次梨花烫中长发 黑棕色/蜂蜜茶色,2,classic,2,2,,/Users/claw/work/douyin-recorder/backend/../recordings/director_outputs/director_output_1778202736.mp4,2,/Users/claw/work/douyin-recorder/backend/../recordings/director_outputs/director_output_1778233295.mp4,2026-04-04 00:06:12,False
1577,短卷发（蛋卷/卷卷） 咖啡豆/暹罗渐变/无辜自然色,2,classic,2,2,,/Users/claw/work/douyin-recorder/backend/../recordings/director_outputs/director_output_1778202658.mp4,2,/Users/claw/work/douyin-recorder/backend/../recordings/director_outputs/director_output_1778232951.mp4,2026-04-04 00:33:32,False
1578,白金卷发/微卷长发 奶油米白/粉棕豆沙,2,classic,2,2,,/Users/claw/work/douyin-recorder/backend/../recordings/director_outputs/director_output_1778202436.mp4,2,/Users/claw/work/douyin-recorder/backend/../recordings/director_outputs/director_output_1778232593.mp4,2026-04-04 00:36:59,False
1584,微卷长发（一号链接主推款） 蜂蜜茶色,2,classic,2,2,,/Users/claw/work/douyin-recorder/backend/../recordings/director_outputs/director_output_1778202360.mp4,2,/Users/claw/work/douyin-recorder/backend/../recordings/director_outputs/director_output_1778232223.mp4,2026-04-04 00:49:46,False
1585,古早甜心齐刘海长直发 浅色/淡棕清墨色,1,classic,2,2,,/Users/claw/work/douyin-recorder/backend/../recordings/director_outputs/director_output_1778202088.mp4,2,/Users/claw/work/douyin-recorder/backend/../recordings/director_outputs/director_output_1778231919.mp4,2026-04-04 00:51:44,False
1604,白金卷发/微卷发 白金色/奶油色/粉棕色,2,classic,2,2,,/Users/claw/work/douyin-recorder/backend/../recordings/director_outputs/director_output_1778202078.mp4,2,/Users/claw/work/douyin-recorder/backend/../recordings/director_outputs/director_output_1778231582.mp4,2026-04-04 02:02:04,False
1610,黑色、西梅紫,2,classic,2,2,,/Users/claw/work/douyin-recorder/backend/../recordings/director_outputs/director_output_1776560836.mp4,2,/Users/claw/work/douyin-recorder/backend/../recordings/director_outputs/director_output_1776548653.mp4,2026-04-04 02:49:24,False
1613,偏黑,2,classic,2,2,,/Users/claw/work/douyin-recorder/backend/../recordings/director_outputs/director_output_1778201732.mp4,2,/Users/claw/work/douyin-recorder/backend/../recordings/director_outputs/director_output_1778230913.mp4,2026-04-04 03:06:06,False
1618,头顶补发片（仿递针工艺，可中分可齐刘海） 自然色/摩卡色/黑茶色,1,classic,2,2,,/Users/claw/work/douyin-recorder/backend/../recordings/director_outputs/director_output_1778201469.mp4,2,/Users/claw/work/douyin-recorder/backend/../recordings/director_outputs/director_output_1778230243.mp4,2026-04-04 03:23:25,False
1622,短发蛋卷头 咖啡豆色,2,classic,2,2,,/Users/claw/work/douyin-recorder/backend/../recordings/director_outputs/director_output_1778201197.mp4,2,/Users/claw/work/douyin-recorder/backend/../recordings/director_outputs/director_output_1778229840.mp4,2026-04-04 03:45:53,False
1624,仿帝针卷发/碎晶晶卷发 粉灰色（玻璃塔）,1,classic,2,2,,/Users/claw/work/douyin-recorder/backend/../recordings/director_outputs/director_output_1778201184.mp4,2,/Users/claw/work/douyin-recorder/backend/../recordings/director_outputs/director_output_1778229461.mp4,2026-04-04 03:50:48,False
1625,未分类,2,classic,2,2,导演版视频时长不足30s（历史数据清理）: 14.3s,/Users/claw/work/douyin-recorder/backend/../recordings/director_outputs/director_output_1776534807.mp4,2,/Users/claw/work/douyin-recorder/backend/../recordings/director_outputs/director_output_1776548449.mp4,2026-04-04 03:56:24,False
1630,翘翘头短发（齐刘海/斜刘海） 粉棕泡芙/白金,1,classic,2,2,,/Users/claw/work/douyin-recorder/backend/../recordings/director_outputs/director_output_1778200877.mp4,2,/Users/claw/work/douyin-recorder/backend/../recordings/director_outputs/director_output_1778228805.mp4,2026-04-04 04:18:46,False
1640,深色系,1,classic,2,2,导演版视频时长不足30s（历史数据清理）: 20.7s,/Users/claw/work/douyin-recorder/backend/../recordings/director_outputs/director_output_1776534600.mp4,2,/Users/claw/work/douyin-recorder/backend/../recordings/director_outputs/director_output_1776548078.mp4,2026-04-04 13:01:42,False
1664,天蝎座无刘海款,1,classic,2,2,导演版视频时长不足30s（历史数据清理）: 23.6s,/Users/claw/work/douyin-recorder/backend/../recordings/director_outputs/director_output_1776534344.mp4,2,/Users/claw/work/douyin-recorder/backend/../recordings/director_outputs/director_output_1776547745.mp4,2026-04-05 09:10:15,False
1667,中分刘海假发,1,classic,2,2,导演版视频时长不足30s（历史数据清理）: 12.4s,/Users/claw/work/douyin-recorder/backend/../recordings/director_outputs/director_output_1776534414.mp4,2,/Users/claw/work/douyin-recorder/backend/../recordings/director_outputs/director_output_1776547828.mp4,2026-04-05 13:56:21,False
1668,紫调灰色,1,classic,2,2,,/Users/claw/work/douyin-recorder/backend/../recordings/director_outputs/director_output_1776534216.mp4,2,/Users/claw/work/douyin-recorder/backend/../recordings/director_outputs/director_output_1776547543.mp4,2026-04-05 14:36:53,False
1670,未分类,5,classic,2,2,,/Users/claw/work/douyin-recorder/backend/../recordings/director_outputs/director_output_1778199411.mp4,2,/Users/claw/work/douyin-recorder/backend/../recordings/director_outputs/director_output_1778225250.mp4,2026-04-07 17:42:09,False
1672,未分类,1,classic,2,2,,/Users/claw/work/douyin-recorder/backend/../recordings/director_outputs/director_output_1778199275.mp4,2,/Users/claw/work/douyin-recorder/backend/../recordings/director_outputs/director_output_1778224819.mp4,2026-04-07 17:42:09,False
1673,无辜卷卷 白金色、冷茶色、焦糖暖棕色,2,classic,2,2,,/Users/claw/work/douyin-recorder/backend/../recordings/director_outputs/director_output_1778199098.mp4,2,/Users/claw/work/douyin-recorder/backend/../recordings/director_outputs/director_output_1778224451.mp4,2026-04-07 17:42:09,False
1674,海藻卷发 粉色/紫色,2,classic,2,2,,/Users/claw/work/douyin-recorder/backend/../recordings/director_outputs/director_output_1778199027.mp4,2,/Users/claw/work/douyin-recorder/backend/../recordings/director_outputs/director_output_1778224052.mp4,2026-04-07 17:42:10,False
1675,比熊长卷发 金色,2,classic,2,2,,/Users/claw/work/douyin-recorder/backend/../recordings/director_outputs/director_output_1778198818.mp4,2,/Users/claw/work/douyin-recorder/backend/../recordings/director_outputs/director_output_1778223683.mp4,2026-04-07 17:42:10,False
1677,沙丘猎人羊毛卷发 亚麻灰棕色,1,classic,2,2,,/Users/claw/work/douyin-recorder/backend/../recordings/director_outputs/director_output_1779664576.mp4,-1,,2026-04-07 17:42:10,False
1678,尼克中长款前额蕾丝假发 白金色,1,classic,2,2,,/Users/claw/work/douyin-recorder/backend/../recordings/director_outputs/director_output_1779664492.mp4,-1,,2026-04-07 17:42:10,False
1681,比熊卷发 纯金色,2,classic,2,2,,/Users/claw/work/douyin-recorder/backend/../recordings/director_outputs/director_output_1778198516.mp4,2,/Users/claw/work/douyin-recorder/backend/../recordings/director_outputs/director_output_1778222866.mp4,2026-04-07 17:42:10,False
1682,沙丘猎人蛋卷卷发 亚麻灰棕色,1,classic,2,2,,/Users/claw/work/douyin-recorder/backend/../recordings/director_outputs/director_output_1779664318.mp4,2,/Users/claw/work/douyin-recorder/backend/../recordings/director_outputs/director_output_1779665685.mp4,2026-04-07 17:42:10,False
1684,中分直发/黑长直 巧克力色（黑巧色）,2,classic,2,2,,/Users/claw/work/douyin-recorder/backend/../recordings/director_outputs/director_output_1775910169.mp4,2,/Users/claw/work/douyin-recorder/backend/../recordings/director_outputs/director_output_1776546366.mp4,2026-04-07 17:42:10,False
1686,仿帝针浅色直发 灰色/浅色,1,classic,2,2,导演版视频时长不足30s（历史数据清理）: 4.0s,/Users/claw/work/douyin-recorder/backend/../recordings/director_outputs/director_output_1775910182.mp4,2,/Users/claw/work/douyin-recorder/backend/../recordings/director_outputs/director_output_1776546453.mp4,2026-04-07 17:42:10,False
1687,芝士卷发/天才牛直发 茶棕色、黑茶色、自然黑,1,classic,2,2,导演版视频时长不足30s（历史数据清理）: 4.0s,/Users/claw/work/douyin-recorder/backend/../recordings/director_outputs/director_output_1776560242.mp4,2,/Users/claw/work/douyin-recorder/backend/../recordings/director_outputs/director_output_1776546538.mp4,2026-04-07 17:42:10,False
1688,无辜卷卷短发 冷茶色/咖啡豆焦糖棕,2,classic,2,2,,/Users/claw/work/douyin-recorder/backend/../recordings/director_outputs/director_output_1775910300.mp4,2,/Users/claw/work/douyin-recorder/backend/../recordings/director_outputs/director_output_1776546795.mp4,2026-04-07 17:42:10,False
1689,裸色,5,classic,2,2,,/Users/claw/work/douyin-recorder/backend/../recordings/director_outputs/director_output_1778198216.mp4,2,/Users/claw/work/douyin-recorder/backend/../recordings/director_outputs/director_output_1778222261.mp4,2026-04-07 17:42:10,False
1691,天蝎座高层次长卷发 深色/自然黑,1,classic,2,2,,/Users/claw/work/douyin-recorder/backend/../recordings/director_outputs/director_output_1775909112.mp4,2,/Users/claw/work/douyin-recorder/backend/../recordings/director_outputs/director_output_1776546885.mp4,2026-04-07 17:42:10,False
1693,齐刘海假发（可反戴中分） 摩卡色,1,classic,2,2,,/Users/claw/work/douyin-recorder/backend/../recordings/director_outputs/director_output_1779664160.mp4,-1,,2026-04-07 17:42:10,False
1695,肉桂奶茶长波浪卷发 粉棕（玫瑰肉桂奶咖）,1,classic,2,2,,/Users/claw/work/douyin-recorder/backend/../recordings/director_outputs/director_output_1779664042.mp4,2,/Users/claw/work/douyin-recorder/backend/../recordings/director_outputs/director_output_1779665423.mp4,2026-04-07 17:42:10,False
1696,羊毛卷/小卷发长发 琥珀棕,2,classic,2,2,,/Users/claw/work/douyin-recorder/backend/../recordings/director_outputs/director_output_1775909244.mp4,2,/Users/claw/work/douyin-recorder/backend/../recordings/director_outputs/director_output_1776546704.mp4,2026-04-07 17:42:10,False
1697,氧气粒子卷,1,classic,2,2,,/Users/claw/work/douyin-recorder/backend/../recordings/director_outputs/director_output_1778197734.mp4,2,/Users/claw/work/douyin-recorder/backend/../recordings/director_outputs/director_output_1778221374.mp4,2026-04-07 17:42:10,False
1698,发网佩戴教学/多款假发 橘棕色,2,classic,2,2,,/Users/claw/work/douyin-recorder/backend/../recordings/director_outputs/director_output_1775909365.mp4,2,/Users/claw/work/douyin-recorder/backend/../recordings/director_outputs/director_output_1776546994.mp4,2026-04-07 17:42:10,False
1699,齐刘海长直发（四号款） 黑巧克力色,2,classic,2,2,,/Users/claw/work/douyin-recorder/backend/../recordings/director_outputs/director_output_1778197692.mp4,2,/Users/claw/work/douyin-recorder/backend/../recordings/director_outputs/director_output_1778221186.mp4,2026-04-07 17:42:10,False
1701,齐刘海卷发（比熊款） 沉金色,2,classic,2,2,,/Users/claw/work/douyin-recorder/backend/../recordings/director_outputs/director_output_1778197430.mp4,2,/Users/claw/work/douyin-recorder/backend/../recordings/director_outputs/director_output_1778220939.mp4,2026-04-07 17:42:10,False
1702,免发网中长直发（高层次） 琥珀黑棕,2,classic,2,2,,/Users/claw/work/douyin-recorder/backend/../recordings/director_outputs/director_output_1778197419.mp4,2,/Users/claw/work/douyin-recorder/backend/../recordings/director_outputs/director_output_1778220704.mp4,2026-04-07 17:42:10,False
1703,羊毛卷 自然黑,2,classic,2,2,,/Users/claw/work/douyin-recorder/backend/../recordings/director_outputs/director_output_1778197140.mp4,2,/Users/claw/work/douyin-recorder/backend/../recordings/director_outputs/director_output_1778220478.mp4,2026-04-07 17:42:10,False
1705,珍妮款直发/九号链接假发 豆沙粉棕,2,classic,2,2,,/Users/claw/work/douyin-recorder/backend/../recordings/director_outputs/director_output_1775909765.mp4,2,/Users/claw/work/douyin-recorder/backend/../recordings/director_outputs/director_output_1776547191.mp4,2026-04-07 17:42:10,False
1706,暹罗卷卷 渐变挑染色,2,classic,2,2,,/Users/claw/work/douyin-recorder/backend/../recordings/director_outputs/director_output_1778197109.mp4,2,/Users/claw/work/douyin-recorder/backend/../recordings/director_outputs/director_output_1778220194.mp4,2026-04-07 17:42:10,False
1707,齐刘海顶美触摸直发 黑巧克力色,2,classic,2,2,,/Users/claw/work/douyin-recorder/backend/../recordings/director_outputs/director_output_1778247034.mp4,2,/Users/claw/work/douyin-recorder/backend/../recordings/director_outputs/director_output_1778219882.mp4,2026-04-07 17:42:10,False
1708,氧气粒子直发 自然黑,1,classic,2,2,,/Users/claw/work/douyin-recorder/backend/../recordings/director_outputs/director_output_1779664014.mp4,-1,,2026-04-07 17:42:10,False
1709,赏金链中分直发,1,classic,2,2,,/Users/claw/work/douyin-recorder/backend/../recordings/director_outputs/director_output_1778196759.mp4,2,/Users/claw/work/douyin-recorder/backend/../recordings/director_outputs/director_output_1778219355.mp4,2026-04-07 17:42:10,False
1710,潮色直发主推款,2,classic,2,2,,/Users/claw/work/douyin-recorder/backend/../recordings/director_outputs/director_output_1778196664.mp4,2,/Users/claw/work/douyin-recorder/backend/../recordings/director_outputs/director_output_1778219026.mp4,2026-04-07 17:42:10,False
1711,氧气卷（养气卷） 栗子棕,1,classic,2,2,,/Users/claw/work/douyin-recorder/backend/../recordings/director_outputs/director_output_1779663937.mp4,2,/Users/claw/work/douyin-recorder/backend/../recordings/director_outputs/director_output_1779665231.mp4,2026-04-07 17:42:10,False
1713,大蛋卷长卷发（齐刘海/中分款） 焦糖暖棕,2,classic,2,2,,/Users/claw/work/douyin-recorder/backend/../recordings/director_outputs/director_output_1776533964.mp4,2,/Users/claw/work/douyin-recorder/backend/../recordings/director_outputs/director_output_1776547094.mp4,2026-04-07 17:42:10,False
1715,氧气粒子卷 淡蓝色,1,classic,2,2,,/Users/claw/work/douyin-recorder/backend/../recordings/director_outputs/director_output_1778196397.mp4,2,/Users/claw/work/douyin-recorder/backend/../recordings/director_outputs/director_output_1778218351.mp4,2026-04-07 17:42:10,False
1716,长款假发,2,classic,2,2,,/Users/claw/work/douyin-recorder/backend/../recordings/director_outputs/director_output_1779663843.mp4,2,/Users/claw/work/douyin-recorder/backend/../recordings/director_outputs/director_output_1779665152.mp4,2026-04-07 17:42:10,False
1717,氧气粒子直发 栗子棕,1,classic,2,2,,/Users/claw/work/douyin-recorder/backend/../recordings/director_outputs/director_output_1778196143.mp4,-1,,2026-04-07 17:42:10,False
1718,自然刘海长卷发 脏橘色,1,classic,2,2,,/Users/claw/work/douyin-recorder/backend/../recordings/director_outputs/director_output_1778196054.mp4,2,/Users/claw/work/douyin-recorder/backend/../recordings/director_outputs/director_output_1778217698.mp4,2026-04-07 17:42:10,False
1719,齐刘海微卷长发,2,classic,2,2,,/Users/claw/work/douyin-recorder/backend/../recordings/director_outputs/director_output_1778246610.mp4,2,/Users/claw/work/douyin-recorder/backend/../recordings/director_outputs/director_output_1778217373.mp4,2026-04-07 17:42:10,False
1720,氧气卷发/齐刘海直发,1,classic,2,2,,/Users/claw/work/douyin-recorder/backend/../recordings/director_outputs/director_output_1776534016.mp4,2,/Users/claw/work/douyin-recorder/backend/../recordings/director_outputs/director_output_1776547285.mp4,2026-04-07 17:42:10,False
1721,富江宽齐刘海直发,1,classic,2,2,,/Users/claw/work/douyin-recorder/backend/../recordings/director_outputs/director_output_1779663640.mp4,-1,,2026-04-07 17:42:10,False
1722,中分、齐刘海、古早甜心、赛博豆包,1,classic,2,2,,/Users/claw/work/douyin-recorder/backend/../recordings/director_outputs/director_output_1779663495.mp4,2,/Users/claw/work/douyin-recorder/backend/../recordings/director_outputs/director_output_1779664828.mp4,2026-04-07 17:42:10,False
1723,天蝎座高层次长直发 自然黑,1,classic,2,2,,/Users/claw/work/douyin-recorder/backend/../recordings/director_outputs/director_output_1779663444.mp4,2,/Users/claw/work/douyin-recorder/backend/../recordings/director_outputs/director_output_1779664762.mp4,2026-04-07 17:42:10,False
1724,齐刘海海藻卷长发 灰粉色,2,classic,2,2,,/Users/claw/work/douyin-recorder/backend/../recordings/director_outputs/director_output_1778195545.mp4,2,/Users/claw/work/douyin-recorder/backend/../recordings/director_outputs/director_output_1778216190.mp4,2026-04-07 17:42:10,False
1725,夺回款仿递针大头皮假发 黑色,1,classic,2,2,,/Users/claw/work/douyin-recorder/backend/../recordings/director_outputs/director_output_1778195440.mp4,2,/Users/claw/work/douyin-recorder/backend/../recordings/director_outputs/director_output_1778215815.mp4,2026-04-07 17:42:10,False
1728,雨琦系列卷发 红色,1,classic,2,2,,/Users/claw/work/douyin-recorder/backend/../recordings/director_outputs/director_output_1779663387.mp4,2,/Users/claw/work/douyin-recorder/backend/../recordings/director_outputs/director_output_1779664695.mp4,2026-04-07 17:42:10,False
1732,碎发层次羊毛卷 自然黑、深棕,2,classic,2,2,,/Users/claw/work/douyin-recorder/backend/../recordings/director_outputs/director_output_1778195179.mp4,2,/Users/claw/work/douyin-recorder/backend/../recordings/director_outputs/director_output_1778215276.mp4,2026-04-07 17:42:10,False
1733,一刀切短发 白金色,1,classic,2,2,,/Users/claw/work/douyin-recorder/backend/../recordings/director_outputs/director_output_1779663224.mp4,2,/Users/claw/work/douyin-recorder/backend/../recordings/director_outputs/director_output_1779664559.mp4,2026-04-07 17:42:10,False
1734,齐刘海、中分、无刘海多款假发 粉紫色,1,classic,2,2,,/Users/claw/work/douyin-recorder/backend/../recordings/director_outputs/director_output_1779663011.mp4,2,/Users/claw/work/douyin-recorder/backend/../recordings/director_outputs/director_output_1779664214.mp4,2026-04-07 17:42:10,False
1735,赏金链中分直发 棕色,1,classic,2,2,,/Users/claw/work/douyin-recorder/backend/../recordings/director_outputs/director_output_1778194765.mp4,2,/Users/claw/work/douyin-recorder/backend/../recordings/director_outputs/director_output_1778214518.mp4,2026-04-07 17:42:10,False
1737,长直发/微卷长发 自然黑,2,classic,2,2,,/Users/claw/work/douyin-recorder/backend/../recordings/director_outputs/director_output_1776534086.mp4,2,/Users/claw/work/douyin-recorder/backend/../recordings/director_outputs/director_output_1776547378.mp4,2026-04-07 17:42:10,False
1738,短发蛋卷卷发（暹罗卷卷） 焦糖暖棕、暹罗色,2,classic,2,2,,/Users/claw/work/douyin-recorder/backend/../recordings/director_outputs/director_output_1778194701.mp4,-1,,2026-04-07 17:42:10,False
1739,未分类,6,classic,2,2,,/Users/claw/work/douyin-recorder/backend/../recordings/director_outputs/director_output_1778194511.mp4,2,/Users/claw/work/douyin-recorder/backend/../recordings/director_outputs/director_output_1778214018.mp4,2026-04-07 17:42:10,False
1740,头顶发片（顶发片） 自然黑、摩卡棕,1,classic,2,2,,/Users/claw/work/douyin-recorder/backend/../recordings/director_outputs/director_output_1778245814.mp4,2,/Users/claw/work/douyin-recorder/backend/../recordings/director_outputs/director_output_1778213611.mp4,2026-04-07 17:42:10,False
1741,黑鲨新娘卷发 黑色,1,classic,2,2,,/Users/claw/work/douyin-recorder/backend/../recordings/director_outputs/director_output_1778194393.mp4,2,/Users/claw/work/douyin-recorder/backend/../recordings/director_outputs/director_output_1778213231.mp4,2026-04-07 17:42:10,False
1742,小头专用贴合款（防翘边） 黑色,1,classic,2,2,,/Users/claw/work/douyin-recorder/backend/../recordings/director_outputs/director_output_1778245722.mp4,2,/Users/claw/work/douyin-recorder/backend/../recordings/director_outputs/director_output_1778212848.mp4,2026-04-07 17:42:10,False
1743,刘海发片,2,classic,2,2,,/Users/claw/work/douyin-recorder/backend/../recordings/director_outputs/director_output_1778194145.mp4,2,/Users/claw/work/douyin-recorder/backend/../recordings/director_outputs/director_output_1778212492.mp4,2026-04-07 17:42:10,False
1744,齐刘海外翻卷（芝士款） 茶棕,1,classic,2,2,,/Users/claw/work/douyin-recorder/backend/../recordings/director_outputs/director_output_1778194007.mp4,2,/Users/claw/work/douyin-recorder/backend/../recordings/director_outputs/director_output_1778212134.mp4,2026-04-07 17:42:10,False
1745,齐刘海/中分款式 彩色,1,classic,2,2,导演版视频时长不足30s（历史数据清理）: 3.4s,/Users/claw/work/douyin-recorder/backend/../recordings/director_outputs/director_output_1776534147.mp4,2,/Users/claw/work/douyin-recorder/backend/../recordings/director_outputs/director_output_1776547474.mp4,2026-04-07 17:42:10,False
1747,齐刘海大蛋卷长卷发 焦糖暖棕色,2,classic,2,2,,/Users/claw/work/douyin-recorder/backend/../recordings/director_outputs/director_output_1778193863.mp4,2,/Users/claw/work/douyin-recorder/backend/../recordings/director_outputs/director_output_1778211769.mp4,2026-04-07 17:42:10,False
1750,氧气粒子直发,1,classic,2,2,,/Users/claw/work/douyin-recorder/backend/../recordings/director_outputs/director_output_1778193763.mp4,2,/Users/claw/work/douyin-recorder/backend/../recordings/director_outputs/director_output_1778211347.mp4,2026-04-07 17:42:10,False
1751,刘海卷发/直发多款 深棕栗色,1,classic,2,2,导演版视频时长不足30s（历史数据清理）: 3.4s,/Users/claw/work/douyin-recorder/backend/../recordings/director_outputs/director_output_1776534561.mp4,2,/Users/claw/work/douyin-recorder/backend/../recordings/director_outputs/director_output_1776548004.mp4,2026-04-07 17:42:10,False
1752,微卷发 树莓红,2,classic,2,2,,/Users/claw/work/douyin-recorder/backend/../recordings/director_outputs/director_output_1778193542.mp4,2,/Users/claw/work/douyin-recorder/backend/../recordings/director_outputs/director_output_1778211013.mp4,2026-04-07 17:42:10,False
1754,珍妮小猫微卷长发 豆沙粉棕,2,classic,2,2,,/Users/claw/work/douyin-recorder/backend/../recordings/director_outputs/director_output_1778193486.mp4,2,/Users/claw/work/douyin-recorder/backend/../recordings/director_outputs/director_output_1778210694.mp4,2026-04-07 17:42:11,False
1755,氧气粒子直发/赏金人卷发 橘色,1,classic,2,2,导演版视频时长不足30s（历史数据清理）: 3.4s,/Users/claw/work/douyin-recorder/backend/../recordings/director_outputs/director_output_1776533614.mp4,2,/Users/claw/work/douyin-recorder/backend/../recordings/director_outputs/director_output_1776546023.mp4,2026-04-07 17:42:11,False
1756,赛博豆包一刀切短发 珠宝白金色,1,classic,2,2,,/Users/claw/work/douyin-recorder/backend/../recordings/director_outputs/director_output_1779662996.mp4,2,/Users/claw/work/douyin-recorder/backend/../recordings/director_outputs/director_output_1779664155.mp4,2026-04-07 17:42:11,False
1757,仿地针工艺中分长直发 黑茶色,1,classic,2,2,,/Users/claw/work/douyin-recorder/backend/../recordings/director_outputs/director_output_1779662910.mp4,2,/Users/claw/work/douyin-recorder/backend/../recordings/director_outputs/director_output_1779664060.mp4,2026-04-07 17:42:11,False
1758,头顶发片（中分款） 紫白金、白金色、紫色,1,classic,2,2,,/Users/claw/work/douyin-recorder/backend/../recordings/director_outputs/director_output_1778193055.mp4,2,/Users/claw/work/douyin-recorder/backend/../recordings/director_outputs/director_output_1778209906.mp4,2026-04-07 17:42:11,False
1760,中分刘海短发 摩卡色,1,classic,2,2,,/Users/claw/work/douyin-recorder/backend/../recordings/director_outputs/director_output_1778192933.mp4,2,/Users/claw/work/douyin-recorder/backend/../recordings/director_outputs/director_output_1778209638.mp4,2026-04-07 17:42:11,False
1761,微醺中长发（中短直发） 黑棕色,2,classic,2,2,,/Users/claw/work/douyin-recorder/backend/../recordings/director_outputs/director_output_1778192839.mp4,2,/Users/claw/work/douyin-recorder/backend/../recordings/director_outputs/director_output_1778209340.mp4,2026-04-07 17:42:11,False
1762,暹罗卷卷短发 自然色/黑色/黑莓色,2,classic,2,2,,/Users/claw/work/douyin-recorder/backend/../recordings/director_outputs/director_output_1776533817.mp4,2,/Users/claw/work/douyin-recorder/backend/../recordings/director_outputs/director_output_1776546267.mp4,2026-04-07 17:42:11,False
1763,卷发/波波头多款对比展示 月光色、碎晶晶、棕色、白金,1,classic,2,2,,/Users/claw/work/douyin-recorder/backend/../recordings/director_outputs/director_output_1776533700.mp4,2,/Users/claw/work/douyin-recorder/backend/../recordings/director_outputs/director_output_1776546106.mp4,2026-04-07 17:42:11,False
1764,芝士卷发 黑茶,1,classic,2,2,,/Users/claw/work/douyin-recorder/backend/../recordings/director_outputs/director_output_1779662801.mp4,2,/Users/claw/work/douyin-recorder/backend/../recordings/director_outputs/director_output_1779663973.mp4,2026-04-07 17:42:11,False
1766,头顶补发片（中分/斜刘海两用） 摩卡棕,1,classic,2,2,,/Users/claw/work/douyin-recorder/backend/../recordings/director_outputs/director_output_1776533879.mp4,2,/Users/claw/work/douyin-recorder/backend/../recordings/director_outputs/director_output_1776546610.mp4,2026-04-07 17:42:11,False
1767,多款假发（含卷发、波波头、长发等）,2,classic,2,2,,/Users/claw/work/douyin-recorder/backend/../recordings/director_outputs/director_output_1778192532.mp4,2,/Users/claw/work/douyin-recorder/backend/../recordings/director_outputs/director_output_1778208463.mp4,2026-04-07 17:42:11,False
1768,氧气粒子卷 栗子棕,1,classic,2,2,,/Users/claw/work/douyin-recorder/backend/../recordings/director_outputs/director_output_1779662579.mp4,2,/Users/claw/work/douyin-recorder/backend/../recordings/director_outputs/director_output_1779663719.mp4,2026-04-07 17:42:11,False
1769,古岛甜心卷发造型 亚麻棕,1,classic,2,2,,/Users/claw/work/douyin-recorder/backend/../recordings/director_outputs/director_output_1778192237.mp4,-1,,2026-04-07 17:42:12,False
1770,醉美人/微醺美人卷发 亚麻灰棕/棕色,1,classic,2,2,,/Users/claw/work/douyin-recorder/backend/../recordings/director_outputs/director_output_1776531867.mp4,2,/Users/claw/work/douyin-recorder/backend/../recordings/director_outputs/director_output_1776543731.mp4,2026-04-07 17:42:12,False
1771,人生长卷发全头套 棕色,1,classic,2,2,,/Users/claw/work/douyin-recorder/backend/../recordings/director_outputs/director_output_1778191975.mp4,2,/Users/claw/work/douyin-recorder/backend/../recordings/director_outputs/director_output_1778207532.mp4,2026-04-07 17:42:12,False
1772,蛋卷短发/中分长发/齐刘海款 灰粉色/焦糖暖棕色,2,classic,2,2,,/Users/claw/work/douyin-recorder/backend/../recordings/director_outputs/director_output_1776531980.mp4,2,/Users/claw/work/douyin-recorder/backend/../recordings/director_outputs/director_output_1776543831.mp4,2026-04-07 17:42:12,False
1773,头顶补发片 黑茶色,1,classic,2,2,,/Users/claw/work/douyin-recorder/backend/../recordings/director_outputs/director_output_1778191948.mp4,2,/Users/claw/work/douyin-recorder/backend/../recordings/director_outputs/director_output_1778207192.mp4,2026-04-07 17:42:12,False
1774,财发千金中分直发 黑色、肉桂奶咖、珍珠白,1,classic,2,2,,/Users/claw/work/douyin-recorder/backend/../recordings/director_outputs/director_output_1779646260.mp4,-1,,2026-04-07 17:42:12,False
1775,齐刘海卷发/中分假发 米金色,2,classic,2,2,,/Users/claw/work/douyin-recorder/backend/../recordings/director_outputs/director_output_1776532015.mp4,2,/Users/claw/work/douyin-recorder/backend/../recordings/director_outputs/director_output_1776543926.mp4,2026-04-07 17:42:12,False
1776,仿地针满头假发（人参款） 黑茶色（茶棕色）,1,classic,2,2,,/Users/claw/work/douyin-recorder/backend/../recordings/director_outputs/director_output_1778191656.mp4,2,/Users/claw/work/douyin-recorder/backend/../recordings/director_outputs/director_output_1778206644.mp4,2026-04-07 17:42:12,False
1777,舵杆金沙卷发 金沙色,1,classic,2,2,,/Users/claw/work/douyin-recorder/backend/../recordings/director_outputs/director_output_1779646202.mp4,-1,,2026-04-07 17:42:12,False
1779,芭比木马卷中分全头套 奶油蜜金色,2,classic,2,2,,/Users/claw/work/douyin-recorder/backend/../recordings/director_outputs/director_output_1778191340.mp4,2,/Users/claw/work/douyin-recorder/backend/../recordings/director_outputs/director_output_1778206090.mp4,2026-04-07 17:42:12,False
1780,亚裔芭比卷发 巴黎华染色,1,classic,2,2,,/Users/claw/work/douyin-recorder/backend/../recordings/director_outputs/director_output_1779662448.mp4,-1,,2026-04-07 17:42:12,False
1782,芝士齐刘海假发 黑茶色,1,classic,2,2,,/Users/claw/work/douyin-recorder/backend/../recordings/director_outputs/director_output_1778191060.mp4,2,/Users/claw/work/douyin-recorder/backend/../recordings/director_outputs/director_output_1778205505.mp4,2026-04-07 17:42:12,False
1783,古早甜心齐刘海长直发 浅色碎晶灰/古早baby色(05号色),1,classic,2,2,,/Users/claw/work/douyin-recorder/backend/../recordings/director_outputs/director_output_1776532180.mp4,2,/Users/claw/work/douyin-recorder/backend/../recordings/director_outputs/director_output_1776544115.mp4,2026-04-07 17:42:12,False
1784,有村甲醇（齐刘海仿地针大头皮款） 栗子棕,1,classic,2,2,,/Users/claw/work/douyin-recorder/backend/../recordings/director_outputs/director_output_1778190890.mp4,2,/Users/claw/work/douyin-recorder/backend/../recordings/director_outputs/director_output_1778205198.mp4,2026-04-07 17:42:12,False
1785,蜜桃乌龙齐刘海/中分长发 粉色渐变/棕色,2,classic,2,2,导演版视频时长不足30s（历史数据清理）: 3.4s,/Users/claw/work/douyin-recorder/backend/../recordings/director_outputs/director_output_1776532295.mp4,2,/Users/claw/work/douyin-recorder/backend/../recordings/director_outputs/director_output_1776544286.mp4,2026-04-07 17:42:12,False
1786,天蝎座长直发（齐刘海中分） 自然黑,1,classic,2,2,,/Users/claw/work/douyin-recorder/backend/../recordings/director_outputs/director_output_1779662322.mp4,-1,,2026-04-07 17:42:12,False
1787,刘海假发片/斗篷发型 自然黑,1,classic,2,2,导演版视频时长不足30s（历史数据清理）: 3.4s,/Users/claw/work/douyin-recorder/backend/../recordings/director_outputs/director_output_1776532239.mp4,2,/Users/claw/work/douyin-recorder/backend/../recordings/director_outputs/director_output_1776544206.mp4,2026-04-07 17:42:12,False
1788,齐刘海直发（天才女友福利款） 玫瑰金冷色系,1,classic,2,2,,/Users/claw/work/douyin-recorder/backend/../recordings/director_outputs/director_output_1779662270.mp4,-1,,2026-04-07 17:42:12,False
1789,卷发（波波卷/短卷发） 黑莓色/冷茶色/黑茶色/白金色/咖啡豆色,2,classic,2,2,,/Users/claw/work/douyin-recorder/backend/../recordings/director_outputs/director_output_1776532376.mp4,2,/Users/claw/work/douyin-recorder/backend/../recordings/director_outputs/director_output_1776544362.mp4,2026-04-07 17:42:12,False
1790,仿地针羊毛卷拳头套假发 茶棕芝士/黑茶,1,classic,2,2,导演版视频时长不足30s（历史数据清理）: 3.4s,/Users/claw/work/douyin-recorder/backend/../recordings/director_outputs/director_output_1776532418.mp4,2,/Users/claw/work/douyin-recorder/backend/../recordings/director_outputs/director_output_1776544455.mp4,2026-04-07 17:42:12,False
1791,亚裔韩妹、吉赛尔中粉直发 粉色,1,classic,2,2,,/Users/claw/work/douyin-recorder/backend/../recordings/director_outputs/director_output_1778190595.mp4,2,/Users/claw/work/douyin-recorder/backend/../recordings/director_outputs/director_output_1778204329.mp4,2026-04-07 17:42:12,False
1792,海藻卷长发（洗刘海款） 灰紫渐变/灰粉纱金渐变,2,classic,2,2,,/Users/claw/work/douyin-recorder/backend/../recordings/director_outputs/director_output_1776532556.mp4,2,/Users/claw/work/douyin-recorder/backend/../recordings/director_outputs/director_output_1776544544.mp4,2026-04-07 17:42:12,False
1794,赏金猎人 彩色/多色（非黑色）,1,classic,2,2,导演版视频时长不足30s（历史数据清理）: 3.4s,/Users/claw/work/douyin-recorder/backend/../recordings/director_outputs/director_output_1776532539.mp4,2,/Users/claw/work/douyin-recorder/backend/../recordings/director_outputs/director_output_1776544639.mp4,2026-04-07 17:42:12,False
1797,齐刘海长卷发全头套 黑巧克力、黑茶、茶物灰、粉色,2,classic,2,2,,/Users/claw/work/douyin-recorder/backend/../recordings/director_outputs/director_output_1779662235.mp4,2,/Users/claw/work/douyin-recorder/backend/../recordings/director_outputs/director_output_1779663084.mp4,2026-04-07 17:42:12,False
1799,高马尾假发（绷带款）,1,classic,2,2,,/Users/claw/work/douyin-recorder/backend/../recordings/director_outputs/director_output_1778011650.mp4,-1,,2026-04-07 17:42:12,False
1800,齐刘海仿低针全头套 茶棕色,1,classic,2,2,,/Users/claw/work/douyin-recorder/backend/../recordings/director_outputs/director_output_1778011369.mp4,-1,,2026-04-07 17:42:12,False
1802,渐变灰粉海藻微卷全头套 灰粉渐变色,2,classic,2,2,,/Users/claw/work/douyin-recorder/backend/../recordings/director_outputs/director_output_1778011290.mp4,-1,,2026-04-07 17:42:12,False
1803,黑长直、微卷发、羊毛卷 自然黑、黑巧克力,2,classic,2,2,,/Users/claw/work/douyin-recorder/backend/../recordings/director_outputs/director_output_1778190348.mp4,2,/Users/claw/work/douyin-recorder/backend/../recordings/director_outputs/director_output_1778203575.mp4,2026-04-07 17:42:12,False
1805,芝士刘海长直发 黑茶色、棕色,1,classic,2,2,,/Users/claw/work/douyin-recorder/backend/../recordings/director_outputs/director_output_1778010839.mp4,-1,,2026-04-07 17:42:12,False
1807,氧气离子卷发 栗子棕,1,classic,2,2,,/Users/claw/work/douyin-recorder/backend/../recordings/director_outputs/director_output_1778010781.mp4,-1,,2026-04-07 17:42:12,False
1808,芝士中分长直发 茶棕色、黑茶色,1,classic,2,2,,/Users/claw/work/douyin-recorder/backend/../recordings/director_outputs/director_output_1779645708.mp4,-1,,2026-04-07 17:42:12,False
1809,水光绸缎直发/V卷发 黑茶色、自然黑,2,classic,2,2,导演版视频时长不足30s（历史数据清理）: 4.0s,/Users/claw/work/douyin-recorder/backend/../recordings/director_outputs/director_output_1776532661.mp4,2,/Users/claw/work/douyin-recorder/backend/../recordings/director_outputs/director_output_1776544721.mp4,2026-04-07 17:42:12,False
1811,双麻花辫长直发（齐刘海/中分） 橘色,1,classic,2,2,,/Users/claw/work/douyin-recorder/backend/../recordings/director_outputs/director_output_1776532695.mp4,2,/Users/claw/work/douyin-recorder/backend/../recordings/director_outputs/director_output_1776544796.mp4,2026-04-07 17:42:12,False
1812,中长直发免发网款 黑巧克力色,2,classic,2,2,,/Users/claw/work/douyin-recorder/backend/../recordings/director_outputs/director_output_1778010204.mp4,-1,,2026-04-07 17:42:12,False
1813,尼克中长卷发 脏橘色、茶棕色,1,classic,2,2,,/Users/claw/work/douyin-recorder/backend/../recordings/director_outputs/director_output_1779645636.mp4,-1,,2026-04-07 17:42:12,False
1814,可可芭蕾齐刘海卷发 浅棕奶茶色,1,classic,2,2,,/Users/claw/work/douyin-recorder/backend/../recordings/director_outputs/director_output_1778009738.mp4,-1,,2026-04-07 17:42:12,False
1815,一刀切短发（仿地针工艺） 白金色,1,classic,2,2,,/Users/claw/work/douyin-recorder/backend/../recordings/director_outputs/director_output_1779645531.mp4,-1,,2026-04-07 17:42:12,False
1816,碎晶晶直发 灰色调（含粉调/白调）,1,classic,2,2,,/Users/claw/work/douyin-recorder/backend/../recordings/director_outputs/director_output_1776532769.mp4,2,/Users/claw/work/douyin-recorder/backend/../recordings/director_outputs/director_output_1776544884.mp4,2026-04-07 17:42:12,False
1817,乌梅子酱长直发 粉紫色,1,classic,2,2,,/Users/claw/work/douyin-recorder/backend/../recordings/director_outputs/director_output_1778009388.mp4,-1,,2026-04-07 17:42:12,False
1818,副江宽刘海直发 巧克力棕,1,classic,2,2,,/Users/claw/work/douyin-recorder/backend/../recordings/director_outputs/director_output_1779645502.mp4,-1,,2026-04-07 17:42:12,False
1820,中分黑巧克力色直发 巧克力色（黑巧色）,2,classic,2,2,,/Users/claw/work/douyin-recorder/backend/../recordings/director_outputs/director_output_1778008988.mp4,-1,,2026-04-07 17:42:12,False
1821,长卷发（含齐刘海款） 奶茶灰金,2,classic,2,2,,/Users/claw/work/douyin-recorder/backend/../recordings/director_outputs/director_output_1778008879.mp4,-1,,2026-04-07 17:42:12,False
1822,头顶补发片（仿地针五指款） 西柚粉,1,classic,2,2,,/Users/claw/work/douyin-recorder/backend/../recordings/director_outputs/director_output_1778008397.mp4,-1,,2026-04-07 17:42:12,False
1823,高层次精修直发/黑色水光绸缎卷发 自然黑、深棕（14号/8号）,2,classic,2,2,,/Users/claw/work/douyin-recorder/backend/../recordings/director_outputs/director_output_1776532836.mp4,2,/Users/claw/work/douyin-recorder/backend/../recordings/director_outputs/director_output_1776544990.mp4,2026-04-07 17:42:12,False
1826,中分长卷发 蜜棕色,2,classic,2,2,,/Users/claw/work/douyin-recorder/backend/../recordings/director_outputs/director_output_1778008005.mp4,-1,,2026-04-07 17:42:12,False
1827,氧气粒子植发长直发 茶棕色（栗子棕）,1,classic,2,2,,/Users/claw/work/douyin-recorder/backend/../recordings/director_outputs/director_output_1779662161.mp4,2,/Users/claw/work/douyin-recorder/backend/../recordings/director_outputs/director_output_1779662893.mp4,2026-04-07 17:42:12,False
1828,黑色,5,classic,2,2,,/Users/claw/work/douyin-recorder/backend/../recordings/director_outputs/director_output_1778007340.mp4,-1,,2026-04-07 17:42:12,False
1829,好命女主（仿帝针进口丝福利款） 灰色（莫兰迪灰棕）,1,classic,2,2,,/Users/claw/work/douyin-recorder/backend/../recordings/director_outputs/director_output_1779645213.mp4,-1,,2026-04-07 17:42:12,False
1830,富江宽刘海直发 粉棕色,1,classic,2,2,,/Users/claw/work/douyin-recorder/backend/../recordings/director_outputs/director_output_1779645143.mp4,-1,,2026-04-07 17:42:12,False
1831,白金一刀切短发 白金色,1,classic,2,2,,/Users/claw/work/douyin-recorder/backend/../recordings/director_outputs/director_output_1779661970.mp4,2,/Users/claw/work/douyin-recorder/backend/../recordings/director_outputs/director_output_1779662836.mp4,2026-04-07 17:42:12,False
1832,刘海卷发/直发多款 棕色偏浅,1,classic,2,2,导演版视频时长不足30s（历史数据清理）: 3.4s,/Users/claw/work/douyin-recorder/backend/../recordings/director_outputs/director_output_1776532918.mp4,2,/Users/claw/work/douyin-recorder/backend/../recordings/director_outputs/director_output_1776545079.mp4,2026-04-07 17:42:12,False
1834,零一号色,2,classic,2,2,,/Users/claw/work/douyin-recorder/backend/../recordings/director_outputs/director_output_1777992336.mp4,2,/Users/claw/work/douyin-recorder/backend/../recordings/director_outputs/director_output_1777992644.mp4,2026-04-07 17:42:12,False
1835,头顶补发片（小裤衩底网款） 自然黑/摩卡棕,1,classic,2,2,导演版视频时长不足30s（历史数据清理）: 4.0s,/Users/claw/work/douyin-recorder/backend/../recordings/director_outputs/director_output_1776533061.mp4,2,/Users/claw/work/douyin-recorder/backend/../recordings/director_outputs/director_output_1776545224.mp4,2026-04-07 17:42:12,False
1836,棕色芝士卷发 棕色,1,classic,2,2,,/Users/claw/work/douyin-recorder/backend/../recordings/director_outputs/director_output_1779645027.mp4,-1,,2026-04-07 17:42:12,False
1837,微卷长发（前额蕾丝仿蝶针） 蜂蜜茶棕色,2,classic,2,2,,/Users/claw/work/douyin-recorder/backend/../recordings/director_outputs/director_output_1777991757.mp4,2,/Users/claw/work/douyin-recorder/backend/../recordings/director_outputs/director_output_1779013788.mp4,2026-04-07 17:42:12,False
1838,齐刘海卷发（醉美人/最美人） 紫色、粉色,1,classic,2,2,导演版视频时长不足30s（历史数据清理）: 3.4s,/Users/claw/work/douyin-recorder/backend/../recordings/director_outputs/director_output_1776532949.mp4,2,/Users/claw/work/douyin-recorder/backend/../recordings/director_outputs/director_output_1776545152.mp4,2026-04-07 17:42:12,False
1839,卷发/丸子头编发造型 自然黑、深棕、棕色,1,classic,2,2,导演版视频时长不足30s（历史数据清理）: 3.4s,/Users/claw/work/douyin-recorder/backend/../recordings/director_outputs/director_output_1776533181.mp4,2,/Users/claw/work/douyin-recorder/backend/../recordings/director_outputs/director_output_1776545390.mp4,2026-04-07 17:42:12,False
1840,天蝎座、肉桂奶咖 深棕、肉桂奶茶色,1,classic,2,2,,/Users/claw/work/douyin-recorder/backend/../recordings/director_outputs/director_output_1777991584.mp4,2,/Users/claw/work/douyin-recorder/backend/../recordings/director_outputs/director_output_1779013853.mp4,2026-04-07 17:42:12,False
1841,丽丽丝斜刘海直发 黑茶色,1,classic,2,2,,/Users/claw/work/douyin-recorder/backend/../recordings/director_outputs/director_output_1777991340.mp4,2,/Users/claw/work/douyin-recorder/backend/../recordings/director_outputs/director_output_1779013960.mp4,2026-04-07 17:42:12,False
1842,长直发/麻花辫款假发 橘色,1,classic,2,2,,/Users/claw/work/douyin-recorder/backend/../recordings/director_outputs/director_output_1776533305.mp4,2,/Users/claw/work/douyin-recorder/backend/../recordings/director_outputs/director_output_1776545547.mp4,2026-04-07 17:42:12,False
1844,人参卷发（中分卷发）,1,classic,2,2,,/Users/claw/work/douyin-recorder/backend/../recordings/director_outputs/director_output_1777991088.mp4,2,/Users/claw/work/douyin-recorder/backend/../recordings/director_outputs/director_output_1779014302.mp4,2026-04-07 17:42:12,False
1845,芭比木马混合卷中分/齐刘海长发 奶油金色、黑色、橙色、奶咖色,2,classic,2,2,,/Users/claw/work/douyin-recorder/backend/../recordings/director_outputs/director_output_1776533076.mp4,2,/Users/claw/work/douyin-recorder/backend/../recordings/director_outputs/director_output_1776545303.mp4,2026-04-07 17:42:12,False
1847,地狱少女齐刘海假发 栗色,1,classic,2,2,,/Users/claw/work/douyin-recorder/backend/../recordings/director_outputs/director_output_1777991011.mp4,2,/Users/claw/work/douyin-recorder/backend/../recordings/director_outputs/director_output_1779014369.mp4,2026-04-07 17:42:12,False
1848,高层次梨花烫中短发 奶咖色,2,classic,2,2,,/Users/claw/work/douyin-recorder/backend/../recordings/director_outputs/director_output_1777990826.mp4,2,/Users/claw/work/douyin-recorder/backend/../recordings/director_outputs/director_output_1779014436.mp4,2026-04-07 17:42:12,False
1849,齐刘海直发（清透校花风）,1,classic,2,2,,/Users/claw/work/douyin-recorder/backend/../recordings/director_outputs/director_output_1779644995.mp4,2,/Users/claw/work/douyin-recorder/backend/../recordings/director_outputs/director_output_1779647054.mp4,2026-04-07 17:42:12,False
1850,氧气离子卷发 栗子棕,1,classic,2,2,,/Users/claw/work/douyin-recorder/backend/../recordings/director_outputs/director_output_1777990510.mp4,2,/Users/claw/work/douyin-recorder/backend/../recordings/director_outputs/director_output_1779014542.mp4,2026-04-07 17:42:12,False
1851,仿地针齐刘海长卷发（赏金链同款） 棕色（暖棕）,1,classic,2,2,,/Users/claw/work/douyin-recorder/backend/../recordings/director_outputs/director_output_1779644911.mp4,-1,,2026-04-07 17:42:12,False
1852,高马尾中长直发假发 白金色,1,classic,2,2,,/Users/claw/work/douyin-recorder/backend/../recordings/director_outputs/director_output_1777990042.mp4,2,/Users/claw/work/douyin-recorder/backend/../recordings/director_outputs/director_output_1779014873.mp4,2026-04-07 17:42:12,False
1853,风格二子白金卷发 白金色,1,classic,2,2,,/Users/claw/work/douyin-recorder/backend/../recordings/director_outputs/director_output_1777989936.mp4,2,/Users/claw/work/douyin-recorder/backend/../recordings/director_outputs/director_output_1779014982.mp4,2026-04-07 17:42:12,False
1854,微卷全头套（羊毛卷） 豆沙粉棕,2,classic,2,2,,/Users/claw/work/douyin-recorder/backend/../recordings/director_outputs/director_output_1777989816.mp4,2,/Users/claw/work/douyin-recorder/backend/../recordings/director_outputs/director_output_1779015060.mp4,2026-04-07 17:42:12,False
1855,香榭大道 豆沙灰粉,1,classic,2,2,,/Users/claw/work/douyin-recorder/backend/../recordings/director_outputs/director_output_1779644815.mp4,-1,,2026-04-07 17:42:12,False
1856,美杜莎卷发 白金色,1,classic,2,2,,/Users/claw/work/douyin-recorder/backend/../recordings/director_outputs/director_output_1776533199.mp4,2,/Users/claw/work/douyin-recorder/backend/../recordings/director_outputs/director_output_1776545458.mp4,2026-04-07 17:42:12,False
1857,直发假发,1,classic,2,2,,/Users/claw/work/douyin-recorder/backend/../recordings/director_outputs/director_output_1777989533.mp4,-1,,2026-04-07 17:42:12,False
1858,乌梅子酱中分假发 粉紫色,1,classic,2,2,,/Users/claw/work/douyin-recorder/backend/../recordings/director_outputs/director_output_1779644666.mp4,-1,,2026-04-07 17:42:12,False
1859,古早甜心/古早青木中分碎发 亚麻色/深色,1,classic,2,2,,/Users/claw/work/douyin-recorder/backend/../recordings/director_outputs/director_output_1776533339.mp4,2,/Users/claw/work/douyin-recorder/backend/../recordings/director_outputs/director_output_1776545642.mp4,2026-04-07 17:42:12,False
1862,高丸子头/碎晶晶卷发/古早甜心 深棕灰调（古早甜心与古早青木结合色）,1,classic,2,2,,/Users/claw/work/douyin-recorder/backend/../recordings/director_outputs/director_output_1776533444.mp4,2,/Users/claw/work/douyin-recorder/backend/../recordings/director_outputs/director_output_1776545749.mp4,2026-04-07 17:42:12,False
1863,旗袍斜刘海/乌梅子酱卷发 大地色/紫色/粉色,1,classic,2,2,,/Users/claw/work/douyin-recorder/backend/../recordings/director_outputs/director_output_1776533562.mp4,2,/Users/claw/work/douyin-recorder/backend/../recordings/director_outputs/director_output_1776545931.mp4,2026-04-07 17:42:12,False
1864,赏金猎人齐刘海卷发,1,classic,2,2,,/Users/claw/work/douyin-recorder/backend/../recordings/director_outputs/director_output_1777989315.mp4,2,/Users/claw/work/douyin-recorder/backend/../recordings/director_outputs/director_output_1779015459.mp4,2026-04-07 17:42:12,False
1865,齐刘海卷发长发 奶油米金色,2,classic,2,2,,/Users/claw/work/douyin-recorder/backend/../recordings/director_outputs/director_output_1777989210.mp4,2,/Users/claw/work/douyin-recorder/backend/../recordings/director_outputs/director_output_1779015595.mp4,2026-04-07 17:42:12,False
1866,刘海造型假发 自然黑,1,classic,2,2,,/Users/claw/work/douyin-recorder/backend/../recordings/director_outputs/director_output_1779644651.mp4,2,/Users/claw/work/douyin-recorder/backend/../recordings/director_outputs/director_output_1779646986.mp4,2026-04-07 17:42:12,False
1867,仙罗卷卷,2,classic,2,2,,/Users/claw/work/douyin-recorder/backend/../recordings/director_outputs/director_output_1777988678.mp4,2,/Users/claw/work/douyin-recorder/backend/../recordings/director_outputs/director_output_1779015670.mp4,2026-04-07 17:42:12,False
1868,渐变卷发全头套 灰粉渐变色（蜜桃乌龙）,2,classic,2,2,,/Users/claw/work/douyin-recorder/backend/../recordings/director_outputs/director_output_1779644557.mp4,2,/Users/claw/work/douyin-recorder/backend/../recordings/director_outputs/director_output_1779645796.mp4,2026-04-07 17:42:12,False
1869,无名指酱齐刘海中分假发 粉紫色,1,classic,2,2,,/Users/claw/work/douyin-recorder/backend/../recordings/director_outputs/director_output_1777988319.mp4,2,/Users/claw/work/douyin-recorder/backend/../recordings/director_outputs/director_output_1779015747.mp4,2026-04-07 17:42:12,False
1870,羊毛小卷齐刘海卷发 琥珀棕,2,classic,2,2,,/Users/claw/work/douyin-recorder/backend/../recordings/director_outputs/director_output_1777988065.mp4,2,/Users/claw/work/douyin-recorder/backend/../recordings/director_outputs/director_output_1779016104.mp4,2026-04-07 17:42:12,False
1872,稀柚粉色假发（赏金丽人齐刘海） 稀柚粉（暖粉/肉粉色）,1,classic,2,2,,/Users/claw/work/douyin-recorder/backend/../recordings/director_outputs/director_output_1776533495.mp4,2,/Users/claw/work/douyin-recorder/backend/../recordings/director_outputs/director_output_1776545846.mp4,2026-04-07 17:42:12,False
1873,海藻卷长发 灰粉色,2,classic,2,2,,/Users/claw/work/douyin-recorder/backend/../recordings/director_outputs/director_output_1777987943.mp4,2,/Users/claw/work/douyin-recorder/backend/../recordings/director_outputs/director_output_1778519389.mp4,2026-04-07 17:42:12,False
1876,赏金猎人蛋卷发 脏橘色,1,classic,2,2,,/Users/claw/work/douyin-recorder/backend/../recordings/director_outputs/director_output_1779644510.mp4,-1,,2026-04-07 17:42:12,False
1877,夺回中分大波浪卷发 自然黑,1,classic,2,2,,/Users/claw/work/douyin-recorder/backend/../recordings/director_outputs/director_output_1779389591.mp4,-1,,2026-04-07 17:42:13,False
1878,外翻卷公主头假发 白金色（偏黄调）,1,classic,2,2,,/Users/claw/work/douyin-recorder/backend/../recordings/director_outputs/director_output_1779389511.mp4,-1,,2026-04-07 17:42:13,False
1879,中分长直发,2,classic,2,2,,/Users/claw/work/douyin-recorder/backend/../recordings/director_outputs/director_output_1777987049.mp4,2,/Users/claw/work/douyin-recorder/backend/../recordings/director_outputs/director_output_1779016176.mp4,2026-04-07 17:42:13,False
1881,信奈中分直发（小头专用） 灰调混血色,1,classic,2,2,,/Users/claw/work/douyin-recorder/backend/../recordings/director_outputs/director_output_1778004619.mp4,-1,,2026-04-07 17:42:13,False
1886,卷发/马尾/丸子头多款式 自然黑、棕色、金色,1,classic,2,2,导演版视频时长不足30s（历史数据清理）: 4.0s,/Users/claw/work/douyin-recorder/backend/../recordings/director_outputs/director_output_1776056506.mp4,2,/Users/claw/work/douyin-recorder/backend/../recordings/director_outputs/director_output_1776539681.mp4,2026-04-07 17:42:13,False
1887,长直发 白金色,1,classic,2,2,,/Users/claw/work/douyin-recorder/backend/../recordings/director_outputs/director_output_1777986535.mp4,2,/Users/claw/work/douyin-recorder/backend/../recordings/director_outputs/director_output_1779016193.mp4,2026-04-07 17:42:13,False
1888,可可芭蕾齐刘海卷发 浅棕/奶茶色,1,classic,2,2,,/Users/claw/work/douyin-recorder/backend/../recordings/director_outputs/director_output_1776056551.mp4,2,/Users/claw/work/douyin-recorder/backend/../recordings/director_outputs/director_output_1776540024.mp4,2026-04-07 17:42:13,False
1890,小卷高层次精修卷发 全金棕色,2,classic,2,2,,/Users/claw/work/douyin-recorder/backend/../recordings/director_outputs/director_output_1777986292.mp4,2,/Users/claw/work/douyin-recorder/backend/../recordings/director_outputs/director_output_1779016289.mp4,2026-04-07 17:42:13,False
1891,BB夹发片 黑茶色、摩卡色,1,classic,2,2,,/Users/claw/work/douyin-recorder/backend/../recordings/director_outputs/director_output_1777986241.mp4,2,/Users/claw/work/douyin-recorder/backend/../recordings/director_outputs/director_output_1779016538.mp4,2026-04-07 17:42:13,False
1892,氧气粒子卷 栗子棕,1,classic,2,2,,/Users/claw/work/douyin-recorder/backend/../recordings/director_outputs/director_output_1779389323.mp4,-1,,2026-04-07 17:42:13,False
1893,氧气粒子卷发 栗子棕,1,classic,2,2,,/Users/claw/work/douyin-recorder/backend/../recordings/director_outputs/director_output_1779389142.mp4,-1,,2026-04-07 17:42:13,False
1895,黑茶芝士满头假发、赛博豆包短发 黑茶色、茶棕色、白金色,1,classic,2,2,,/Users/claw/work/douyin-recorder/backend/../recordings/director_outputs/director_output_1777985737.mp4,2,/Users/claw/work/douyin-recorder/backend/../recordings/director_outputs/director_output_1779016697.mp4,2026-04-07 17:42:13,False
1896,中长发梨花烫齐刘海 浅棕多层次色,1,classic,2,2,,/Users/claw/work/douyin-recorder/backend/../recordings/director_outputs/director_output_1777985410.mp4,2,/Users/claw/work/douyin-recorder/backend/../recordings/director_outputs/director_output_1779016794.mp4,2026-04-07 17:42:13,False
1897,黑茶芝士长直发 黑茶色,1,classic,2,2,,/Users/claw/work/douyin-recorder/backend/../recordings/director_outputs/director_output_1777985219.mp4,-1,,2026-04-07 17:42:13,False
1898,乌梅子酱中分直发 粉紫色,1,classic,2,2,,/Users/claw/work/douyin-recorder/backend/../recordings/director_outputs/director_output_1779389022.mp4,-1,,2026-04-07 17:42:13,False
1899,柔柔齐刘海中长发 粉色,1,classic,2,2,,/Users/claw/work/douyin-recorder/backend/../recordings/director_outputs/director_output_1779388908.mp4,-1,,2026-04-07 17:42:13,False
1900,羊毛小拉梅卷发（齐刘海款） 琥珀棕,2,classic,2,2,,/Users/claw/work/douyin-recorder/backend/../recordings/director_outputs/director_output_1777984528.mp4,2,/Users/claw/work/douyin-recorder/backend/../recordings/director_outputs/director_output_1779017239.mp4,2026-04-07 17:42:13,False
1901,昭和美人、古早甜心等多款 棕色、黑色、白金色,1,classic,2,2,,/Users/claw/work/douyin-recorder/backend/../recordings/director_outputs/director_output_1779388817.mp4,-1,,2026-04-07 17:42:13,False
1902,无骨卷卷短发 冷棕、咖啡豆、白金米金、琥珀棕,2,classic,2,2,,/Users/claw/work/douyin-recorder/backend/../recordings/director_outputs/director_output_1777983976.mp4,2,/Users/claw/work/douyin-recorder/backend/../recordings/director_outputs/director_output_1779017364.mp4,2026-04-07 17:42:13,False
1903,赏金猎人蛋卷发 脏橘色,1,classic,2,2,,/Users/claw/work/douyin-recorder/backend/../recordings/director_outputs/director_output_1779388715.mp4,-1,,2026-04-07 17:42:13,False
1904,乌梅子酱粉紫长直发 粉紫色,1,classic,2,2,,/Users/claw/work/douyin-recorder/backend/../recordings/director_outputs/director_output_1779388609.mp4,-1,,2026-04-07 17:42:13,False
1905,中分微卷长发/齐刘海款 蜂蜜茶棕红/粉棕色,2,classic,2,2,,/Users/claw/work/douyin-recorder/backend/../recordings/director_outputs/director_output_1776056623.mp4,2,/Users/claw/work/douyin-recorder/backend/../recordings/director_outputs/director_output_1776539934.mp4,2026-04-07 17:42:13,False
1907,头顶补发片（齐刘海/中分两用） 摩卡色、黑茶色,1,classic,2,2,导演版视频时长不足30s（历史数据清理）: 3.4s,/Users/claw/work/douyin-recorder/backend/../recordings/director_outputs/director_output_1776056662.mp4,2,/Users/claw/work/douyin-recorder/backend/../recordings/director_outputs/director_output_1776540220.mp4,2026-04-07 17:42:13,False
1909,短发蛋卷卷发 奶黄色/黄金色,1,classic,2,2,,/Users/claw/work/douyin-recorder/backend/../recordings/director_outputs/director_output_1776056728.mp4,2,/Users/claw/work/douyin-recorder/backend/../recordings/director_outputs/director_output_1776540293.mp4,2026-04-07 17:42:13,False
1911,八字刘海中分一刀切短发,1,classic,2,2,,/Users/claw/work/douyin-recorder/backend/../recordings/director_outputs/director_output_1777983396.mp4,2,/Users/claw/work/douyin-recorder/backend/../recordings/director_outputs/director_output_1779017555.mp4,2026-04-07 17:42:13,False
1912,八字刘海长直发（性奈/性代） 古早棕灰色,1,classic,2,2,,/Users/claw/work/douyin-recorder/backend/../recordings/director_outputs/director_output_1776056765.mp4,2,/Users/claw/work/douyin-recorder/backend/../recordings/director_outputs/director_output_1776540125.mp4,2026-04-07 17:42:13,False
1913,珠宝斜刘海卷发,1,classic,2,2,,/Users/claw/work/douyin-recorder/backend/../recordings/director_outputs/director_output_1777983068.mp4,2,/Users/claw/work/douyin-recorder/backend/../recordings/director_outputs/director_output_1779017682.mp4,2026-04-07 17:42:13,False
1914,舵感金沙卷发 金沙色,1,classic,2,2,,/Users/claw/work/douyin-recorder/backend/../recordings/director_outputs/director_output_1779388466.mp4,-1,,2026-04-07 17:42:13,False
1915,马尾/刘海/U夹发片多款 自然黑、柔棕、紫粉,1,classic,2,2,导演版视频时长不足30s（历史数据清理）: 4.0s,/Users/claw/work/douyin-recorder/backend/../recordings/director_outputs/director_output_1776056860.mp4,2,/Users/claw/work/douyin-recorder/backend/../recordings/director_outputs/director_output_1776540390.mp4,2026-04-07 17:42:13,False
1917,碎晶金卷长卷发 浅灰粉调混血色,1,classic,2,2,,/Users/claw/work/douyin-recorder/backend/../recordings/director_outputs/director_output_1779388385.mp4,-1,,2026-04-07 17:42:13,False
1918,海藻卷长发（中分/齐刘海） 灰粉沙金渐变色,2,classic,2,2,,/Users/claw/work/douyin-recorder/backend/../recordings/director_outputs/director_output_1776056905.mp4,2,/Users/claw/work/douyin-recorder/backend/../recordings/director_outputs/director_output_1776540474.mp4,2026-04-07 17:42:13,False
1919,比熊卷发（齐刘海/中分） 纯金棕色,2,classic,2,2,,/Users/claw/work/douyin-recorder/backend/../recordings/director_outputs/director_output_1776056970.mp4,2,/Users/claw/work/douyin-recorder/backend/../recordings/director_outputs/director_output_1776541711.mp4,2026-04-07 17:42:13,False
1920,发片/补发片（仿地针头皮） 摩卡色、黑茶色,1,classic,2,2,导演版视频时长不足30s（历史数据清理）: 3.4s,/Users/claw/work/douyin-recorder/backend/../recordings/director_outputs/director_output_1776529634.mp4,2,/Users/claw/work/douyin-recorder/backend/../recordings/director_outputs/director_output_1776540578.mp4,2026-04-07 17:42:13,False
1921,珍妮小猫微卷长发 粉棕色,2,classic,2,2,,/Users/claw/work/douyin-recorder/backend/../recordings/director_outputs/director_output_1779388254.mp4,-1,,2026-04-07 17:42:13,False
1922,氧气粒子卷发 深棕,1,classic,2,2,,/Users/claw/work/douyin-recorder/backend/../recordings/director_outputs/director_output_1777982226.mp4,2,/Users/claw/work/douyin-recorder/backend/../recordings/director_outputs/director_output_1779017827.mp4,2026-04-07 17:42:13,False
1924,侧马尾/丸子头/齐刘海多款展示 自然黑,1,classic,2,2,导演版视频时长不足30s（历史数据清理）: 3.4s,/Users/claw/work/douyin-recorder/backend/../recordings/director_outputs/director_output_1776529700.mp4,2,/Users/claw/work/douyin-recorder/backend/../recordings/director_outputs/director_output_1776540653.mp4,2026-04-07 17:42:13,False
1926,亚裔芭比卷发 巴黎华染色,1,classic,2,2,,/Users/claw/work/douyin-recorder/backend/../recordings/director_outputs/director_output_1779388135.mp4,-1,,2026-04-07 17:42:13,False
1927,中分一刀切长直发 沙丘色/白鹿发色,1,classic,2,2,导演版视频时长不足30s（历史数据清理）: 3.4s,/Users/claw/work/douyin-recorder/backend/../recordings/director_outputs/director_output_1776529751.mp4,2,/Users/claw/work/douyin-recorder/backend/../recordings/director_outputs/director_output_1776540723.mp4,2026-04-07 17:42:13,False
1928,氧气粒子卷发,1,classic,2,2,,/Users/claw/work/douyin-recorder/backend/../recordings/director_outputs/director_output_1777981919.mp4,2,/Users/claw/work/douyin-recorder/backend/../recordings/director_outputs/director_output_1779017945.mp4,2026-04-07 17:42:13,False
1929,植发主推款 奶咖色,2,classic,2,2,,/Users/claw/work/douyin-recorder/backend/../recordings/director_outputs/director_output_1777991836.mp4,2,/Users/claw/work/douyin-recorder/backend/../recordings/director_outputs/director_output_1779018051.mp4,2026-04-07 17:42:13,False
1930,齐耳外翻卷长发 白金色/偏黄金调,1,classic,2,2,导演版视频时长不足30s（历史数据清理）: 3.4s,/Users/claw/work/douyin-recorder/backend/../recordings/director_outputs/director_output_1776529835.mp4,2,/Users/claw/work/douyin-recorder/backend/../recordings/director_outputs/director_output_1776540800.mp4,2026-04-07 17:42:13,False
1932,赏金恋人中分卷发 珠宝色（偏暖调彩色）,1,classic,2,2,,/Users/claw/work/douyin-recorder/backend/../recordings/director_outputs/director_output_1779388000.mp4,-1,,2026-04-07 17:42:13,False
1933,柔柔中分/齐刘海长直发 深灰棕（低调气质色）,1,classic,2,2,导演版视频时长不足30s（历史数据清理）: 3.4s,/Users/claw/work/douyin-recorder/backend/../recordings/director_outputs/director_output_1776529964.mp4,2,/Users/claw/work/douyin-recorder/backend/../recordings/director_outputs/director_output_1776540969.mp4,2026-04-07 17:42:13,False
1934,头顶补发片（仿地针大底网） 摩卡色/黑茶色/自然色,1,classic,2,2,,/Users/claw/work/douyin-recorder/backend/../recordings/director_outputs/director_output_1776529884.mp4,2,/Users/claw/work/douyin-recorder/backend/../recordings/director_outputs/director_output_1776540878.mp4,2026-04-07 17:42:13,False
1937,补发片（头顶增高发片） 摩卡色,1,classic,2,2,,/Users/claw/work/douyin-recorder/backend/../recordings/director_outputs/director_output_1777981150.mp4,2,/Users/claw/work/douyin-recorder/backend/../recordings/director_outputs/director_output_1779018247.mp4,2026-04-07 17:42:13,False
1938,白金短发一刀切 白金色,1,classic,2,2,,/Users/claw/work/douyin-recorder/backend/../recordings/director_outputs/director_output_1779387910.mp4,2,/Users/claw/work/douyin-recorder/backend/../recordings/director_outputs/director_output_1779390064.mp4,2026-04-07 17:42:13,False
1939,齐刘海假发（含公主切、地狱少女等多款）,1,classic,2,2,,/Users/claw/work/douyin-recorder/backend/../recordings/director_outputs/director_output_1777990326.mp4,2,/Users/claw/work/douyin-recorder/backend/../recordings/director_outputs/director_output_1779018324.mp4,2026-04-07 17:42:13,False
1940,中分全头套 芝士茶棕色,1,classic,2,2,,/Users/claw/work/douyin-recorder/backend/../recordings/director_outputs/director_output_1777980510.mp4,2,/Users/claw/work/douyin-recorder/backend/../recordings/director_outputs/director_output_1779018537.mp4,2026-04-07 17:42:13,False
1941,醉美人/微醺美人卷发 亚麻灰棕/棕色,1,classic,2,2,,/Users/claw/work/douyin-recorder/backend/../recordings/director_outputs/director_output_1776530011.mp4,2,/Users/claw/work/douyin-recorder/backend/../recordings/director_outputs/director_output_1776541054.mp4,2026-04-07 17:42:13,False
1943,天蝎座齐刘海长直发 灰色,1,classic,2,2,,/Users/claw/work/douyin-recorder/backend/../recordings/director_outputs/director_output_1777980462.mp4,2,/Users/claw/work/douyin-recorder/backend/../recordings/director_outputs/director_output_1779018647.mp4,2026-04-07 17:42:13,False
1946,蜂蜜棕、灰粉纱,2,classic,2,2,,/Users/claw/work/douyin-recorder/backend/../recordings/director_outputs/director_output_1777980087.mp4,2,/Users/claw/work/douyin-recorder/backend/../recordings/director_outputs/director_output_1779018891.mp4,2026-04-07 17:42:13,False
1947,短卷发（咖啡豆款） 咖啡豆色（焦糖暖棕）,2,classic,2,2,,/Users/claw/work/douyin-recorder/backend/../recordings/director_outputs/director_output_1777979772.mp4,2,/Users/claw/work/douyin-recorder/backend/../recordings/director_outputs/director_output_1777991786.mp4,2026-04-07 17:42:13,False
1948,卷发与直发新款短发 灰紫色,1,classic,2,2,,/Users/claw/work/douyin-recorder/backend/../recordings/director_outputs/director_output_1777972884.mp4,2,/Users/claw/work/douyin-recorder/backend/../recordings/director_outputs/director_output_1777972914.mp4,2026-04-07 17:42:13,False
1949,彩发千金小头中分假发 黑茶色,1,classic,2,2,,/Users/claw/work/douyin-recorder/backend/../recordings/director_outputs/director_output_1777979743.mp4,2,/Users/claw/work/douyin-recorder/backend/../recordings/director_outputs/director_output_1777991456.mp4,2026-04-07 17:42:13,False
1950,刘海款假发,1,classic,2,2,,/Users/claw/work/douyin-recorder/backend/../recordings/director_outputs/director_output_1779387814.mp4,2,/Users/claw/work/douyin-recorder/backend/../recordings/director_outputs/director_output_1779390153.mp4,2026-04-07 17:42:13,False
1951,外翻卷中分长发 西柚粉,1,classic,2,2,,/Users/claw/work/douyin-recorder/backend/../recordings/director_outputs/director_output_1777972332.mp4,2,/Users/claw/work/douyin-recorder/backend/../recordings/director_outputs/director_output_1779018995.mp4,2026-04-07 17:42:13,False
1953,齐刘海假发,2,classic,2,2,,/Users/claw/work/douyin-recorder/backend/../recordings/director_outputs/director_output_1777972328.mp4,2,/Users/claw/work/douyin-recorder/backend/../recordings/director_outputs/director_output_1779019228.mp4,2026-04-07 17:42:13,False
1954,柔柔齐刘海、氧气粒子直发 栗棕色,1,classic,2,2,,/Users/claw/work/douyin-recorder/backend/../recordings/director_outputs/director_output_1779387663.mp4,-1,,2026-04-07 17:42:13,False
1955,齐刘海长直发/公主切 黑茶色,1,classic,2,2,导演版视频时长不足30s（历史数据清理）: 3.4s,/Users/claw/work/douyin-recorder/backend/../recordings/director_outputs/director_output_1776530119.mp4,2,/Users/claw/work/douyin-recorder/backend/../recordings/director_outputs/director_output_1776541146.mp4,2026-04-07 17:42:13,False
1956,自然色,2,classic,2,2,,/Users/claw/work/douyin-recorder/backend/../recordings/director_outputs/director_output_1777971973.mp4,2,/Users/claw/work/douyin-recorder/backend/../recordings/director_outputs/director_output_1779019351.mp4,2026-04-07 17:42:13,False
1957,海狸微卷长发 奶油棕灰（蜂蜜茶棕）,2,classic,2,2,,/Users/claw/work/douyin-recorder/backend/../recordings/director_outputs/director_output_1777965348.mp4,2,/Users/claw/work/douyin-recorder/backend/../recordings/director_outputs/director_output_1779019534.mp4,2026-04-07 17:42:13,False
1958,头顶补发片（仿地针工艺） 摩卡色,1,classic,2,2,,/Users/claw/work/douyin-recorder/backend/../recordings/director_outputs/director_output_1779387461.mp4,2,/Users/claw/work/douyin-recorder/backend/../recordings/director_outputs/director_output_1779390073.mp4,2026-04-07 17:42:13,False
1959,乌梅子酱中分假发 粉紫色,1,classic,2,2,,/Users/claw/work/douyin-recorder/backend/../recordings/director_outputs/director_output_1779387282.mp4,-1,,2026-04-07 17:42:13,False
1960,无辜卷卷/纤罗卷卷短卷发 咖啡豆焦糖棕、无辜冷茶色,2,classic,2,2,,/Users/claw/work/douyin-recorder/backend/../recordings/director_outputs/director_output_1776530163.mp4,2,/Users/claw/work/douyin-recorder/backend/../recordings/director_outputs/director_output_1776541227.mp4,2026-04-07 17:42:13,False
1962,比熊卷发 微醺黑棕/纯净棕,2,classic,2,2,,/Users/claw/work/douyin-recorder/backend/../recordings/director_outputs/director_output_1776530242.mp4,2,/Users/claw/work/douyin-recorder/backend/../recordings/director_outputs/director_output_1776541322.mp4,2026-04-07 17:42:13,False
1963,蛋蛋卷短发/咖啡豆卷发 焦糖暖棕/黑莓,2,classic,2,2,,/Users/claw/work/douyin-recorder/backend/../recordings/director_outputs/director_output_1776530315.mp4,2,/Users/claw/work/douyin-recorder/backend/../recordings/director_outputs/director_output_1776541422.mp4,2026-04-07 17:42:13,False
1965,长直发（80cm层次感款） 自然黑,2,classic,2,2,,/Users/claw/work/douyin-recorder/backend/../recordings/director_outputs/director_output_1777964306.mp4,2,/Users/claw/work/douyin-recorder/backend/../recordings/director_outputs/director_output_1779019559.mp4,2026-04-07 17:42:13,False
1966,混血BB卷发 亚麻棕/白粉混血色,1,classic,2,2,,/Users/claw/work/douyin-recorder/backend/../recordings/director_outputs/director_output_1776530385.mp4,2,/Users/claw/work/douyin-recorder/backend/../recordings/director_outputs/director_output_1776541511.mp4,2026-04-07 17:42:13,False
1967,赏金猎人、氧气粒直发,1,classic,2,2,,/Users/claw/work/douyin-recorder/backend/../recordings/director_outputs/director_output_1777971757.mp4,2,/Users/claw/work/douyin-recorder/backend/../recordings/director_outputs/director_output_1779019709.mp4,2026-04-07 17:42:13,False
1968,暹罗卷卷 咖啡色、鲜裸色、冷棕色,2,classic,2,2,,/Users/claw/work/douyin-recorder/backend/../recordings/director_outputs/director_output_1777964044.mp4,2,/Users/claw/work/douyin-recorder/backend/../recordings/director_outputs/director_output_1779019784.mp4,2026-04-07 17:42:13,False
1969,暹罗卷卷（蛋卷短发） 暹罗色（渐变色）、冷茶色、无辜色、白金色,2,classic,2,2,,/Users/claw/work/douyin-recorder/backend/../recordings/director_outputs/director_output_1777963698.mp4,2,/Users/claw/work/douyin-recorder/backend/../recordings/director_outputs/director_output_1779019858.mp4,2026-04-07 17:42:13,False
1970,白金卷卷/黑莓卷卷 米金色/黑色,2,classic,2,2,,/Users/claw/work/douyin-recorder/backend/../recordings/director_outputs/director_output_1776530442.mp4,2,/Users/claw/work/douyin-recorder/backend/../recordings/director_outputs/director_output_1776541609.mp4,2026-04-07 17:42:13,False
1971,古早甜心高层次卷发 浅色暖调粉棕混血发色,1,classic,2,2,,/Users/claw/work/douyin-recorder/backend/../recordings/director_outputs/director_output_1777963605.mp4,2,/Users/claw/work/douyin-recorder/backend/../recordings/director_outputs/director_output_1779019887.mp4,2026-04-07 17:42:13,False
1972,丸子头、卷发,2,classic,2,2,,/Users/claw/work/douyin-recorder/backend/../recordings/director_outputs/director_output_1777952916.mp4,2,/Users/claw/work/douyin-recorder/backend/../recordings/director_outputs/director_output_1777953294.mp4,2026-04-07 17:42:13,False
1973,仿地针齐刘海中长发 茶棕色,1,classic,2,2,,/Users/claw/work/douyin-recorder/backend/../recordings/director_outputs/director_output_1777953250.mp4,2,/Users/claw/work/douyin-recorder/backend/../recordings/director_outputs/director_output_1777954077.mp4,2026-04-07 17:42:13,False
1975,天蝎座齐刘海假发,1,classic,2,2,,/Users/claw/work/douyin-recorder/backend/../recordings/director_outputs/director_output_1779387213.mp4,2,/Users/claw/work/douyin-recorder/backend/../recordings/director_outputs/director_output_1779389404.mp4,2026-04-07 17:42:13,False
1977,海藻卷短发/长卷发 灰粉沙金渐变色,2,classic,2,2,,/Users/claw/work/douyin-recorder/backend/../recordings/director_outputs/director_output_1776530537.mp4,2,/Users/claw/work/douyin-recorder/backend/../recordings/director_outputs/director_output_1776541812.mp4,2026-04-07 17:42:13,False
1978,中分高层次直发（全头套） 巧克力色,2,classic,2,2,,/Users/claw/work/douyin-recorder/backend/../recordings/director_outputs/director_output_1777952490.mp4,2,/Users/claw/work/douyin-recorder/backend/../recordings/director_outputs/director_output_1779019959.mp4,2026-04-07 17:42:13,False
1979,古早甜心/古岛青木长发 亚麻棕/碎金/深棕多色,1,classic,2,2,导演版视频时长不足30s（历史数据清理）: 3.4s,/Users/claw/work/douyin-recorder/backend/../recordings/director_outputs/director_output_1776530580.mp4,2,/Users/claw/work/douyin-recorder/backend/../recordings/director_outputs/director_output_1776541913.mp4,2026-04-07 17:42:13,False
1980,齐刘海中分卷发长发 黑色、橘棕色,1,classic,2,2,,/Users/claw/work/douyin-recorder/backend/../recordings/director_outputs/director_output_1779387165.mp4,2,/Users/claw/work/douyin-recorder/backend/../recordings/director_outputs/director_output_1779389247.mp4,2026-04-07 17:42:13,False
1981,大单卷韩系长卷发 焦糖暖棕色,2,classic,2,2,,/Users/claw/work/douyin-recorder/backend/../recordings/director_outputs/director_output_1777971318.mp4,2,/Users/claw/work/douyin-recorder/backend/../recordings/director_outputs/director_output_1779020026.mp4,2026-04-07 17:42:13,False
1982,高层次遮脸卷发（升级爆款） 冷棕色/粉紫色/乌梅子酱,4,classic,2,2,,/Users/claw/work/douyin-recorder/backend/../recordings/director_outputs/director_output_1776530686.mp4,2,/Users/claw/work/douyin-recorder/backend/../recordings/director_outputs/director_output_1776542006.mp4,2026-04-07 17:42:13,False
1983,中分假发 粉紫色,1,classic,2,2,,/Users/claw/work/douyin-recorder/backend/../recordings/director_outputs/director_output_1777952171.mp4,2,/Users/claw/work/douyin-recorder/backend/../recordings/director_outputs/director_output_1779020105.mp4,2026-04-07 17:42:13,False
1984,马尾/斜刘海多款式演示 灰棕色,1,classic,2,2,导演版视频时长不足30s（历史数据清理）: 3.4s,/Users/claw/work/douyin-recorder/backend/../recordings/director_outputs/director_output_1776530719.mp4,2,/Users/claw/work/douyin-recorder/backend/../recordings/director_outputs/director_output_1776561805.mp4,2026-04-07 17:42:13,False
1985,蛋卷卷发（女团韩系风） 自然黑,1,classic,2,2,,/Users/claw/work/douyin-recorder/backend/../recordings/director_outputs/director_output_1779387115.mp4,2,/Users/claw/work/douyin-recorder/backend/../recordings/director_outputs/director_output_1779389205.mp4,2026-04-07 17:42:13,False
1988,水光绸缎微卷长发 墨黑色,2,classic,2,2,,/Users/claw/work/douyin-recorder/backend/../recordings/director_outputs/director_output_1777952004.mp4,2,/Users/claw/work/douyin-recorder/backend/../recordings/director_outputs/director_output_1779020137.mp4,2026-04-07 17:42:13,False
1989,刘海卷发 棕色,1,classic,2,2,,/Users/claw/work/douyin-recorder/backend/../recordings/director_outputs/director_output_1779644314.mp4,2,/Users/claw/work/douyin-recorder/backend/../recordings/director_outputs/director_output_1779645427.mp4,2026-04-07 17:42:13,False
1991,仿地针头皮假发（含大波浪/公主头款） 黑茶色/棕色,1,classic,2,2,,/Users/claw/work/douyin-recorder/backend/../recordings/director_outputs/director_output_1776057184.mp4,2,/Users/claw/work/douyin-recorder/backend/../recordings/director_outputs/director_output_1776542326.mp4,2026-04-07 17:42:13,False
1992,全头套假发（含齐刘海、中分、侧马尾等多款） 乌梅子酱（粉紫色）、棕色、枫叶焦糖,1,classic,2,2,,/Users/claw/work/douyin-recorder/backend/../recordings/director_outputs/director_output_1777951696.mp4,2,/Users/claw/work/douyin-recorder/backend/../recordings/director_outputs/director_output_1779020195.mp4,2026-04-07 17:42:13,False
1993,柔柔齐刘海、氧气粒子直发 粉色、栗子棕,1,classic,2,2,,/Users/claw/work/douyin-recorder/backend/../recordings/director_outputs/director_output_1779386847.mp4,2,/Users/claw/work/douyin-recorder/backend/../recordings/director_outputs/director_output_1779388792.mp4,2026-04-07 17:42:13,False
1996,白金色,1,classic,2,2,,/Users/claw/work/douyin-recorder/backend/../recordings/director_outputs/director_output_1777951374.mp4,2,/Users/claw/work/douyin-recorder/backend/../recordings/director_outputs/director_output_1779020262.mp4,2026-04-07 17:42:13,False
1997,奶黄包中分假发,1,classic,2,2,,/Users/claw/work/douyin-recorder/backend/../recordings/director_outputs/director_output_1777951149.mp4,2,/Users/claw/work/douyin-recorder/backend/../recordings/director_outputs/director_output_1779020334.mp4,2026-04-07 17:42:13,False
1999,芝士头（丸子头/齐刘海） 黑茶色,1,classic,2,2,,/Users/claw/work/douyin-recorder/backend/../recordings/director_outputs/director_output_1776530816.mp4,2,/Users/claw/work/douyin-recorder/backend/../recordings/director_outputs/director_output_1776542153.mp4,2026-04-07 17:42:13,False
2000,碎晶晶卷发/公主卷发 灰色（粉调灰）,1,classic,2,2,导演版视频时长不足30s（历史数据清理）: 3.4s,/Users/claw/work/douyin-recorder/backend/../recordings/director_outputs/director_output_1776530845.mp4,2,/Users/claw/work/douyin-recorder/backend/../recordings/director_outputs/director_output_1776542247.mp4,2026-04-07 17:42:13,False
2001,一刀切蛋卷短发 咖啡豆色（蜜茶棕）,2,classic,2,2,,/Users/claw/work/douyin-recorder/backend/../recordings/director_outputs/director_output_1777951095.mp4,2,/Users/claw/work/douyin-recorder/backend/../recordings/director_outputs/director_output_1779020393.mp4,2026-04-07 17:42:13,False
2002,中分卷发/八字刘海/古早甜心 冷棕、自然黑,1,classic,2,2,,/Users/claw/work/douyin-recorder/backend/../recordings/director_outputs/director_output_1776530957.mp4,2,/Users/claw/work/douyin-recorder/backend/../recordings/director_outputs/director_output_1776542491.mp4,2026-04-07 17:42:13,False
2003,卷发/直发多款假发 深棕、紫色、奶茶色,1,classic,2,2,导演版视频时长不足30s（历史数据清理）: 3.4s,/Users/claw/work/douyin-recorder/backend/../recordings/director_outputs/director_output_1776530939.mp4,2,/Users/claw/work/douyin-recorder/backend/../recordings/director_outputs/director_output_1776542416.mp4,2026-04-07 17:42:13,False
2004,氧气粒子卷发 栗子棕,1,classic,2,2,,/Users/claw/work/douyin-recorder/backend/../recordings/director_outputs/director_output_1777950935.mp4,2,/Users/claw/work/douyin-recorder/backend/../recordings/director_outputs/director_output_1779020422.mp4,2026-04-07 17:42:13,False
2005,才发千金小头中分直发 黑色、黑茶、棕色,1,classic,2,2,,/Users/claw/work/douyin-recorder/backend/../recordings/director_outputs/director_output_1777950857.mp4,2,/Users/claw/work/douyin-recorder/backend/../recordings/director_outputs/director_output_1779020490.mp4,2026-04-07 17:42:13,False
2006,水光绸缎,2,classic,2,2,,/Users/claw/work/douyin-recorder/backend/../recordings/director_outputs/director_output_1777950652.mp4,2,/Users/claw/work/douyin-recorder/backend/../recordings/director_outputs/director_output_1779020572.mp4,2026-04-07 17:42:13,False
2008,高层次遮脸卷发（升级爆款） 冷棕色/粉紫色,1,classic,2,2,,/Users/claw/work/douyin-recorder/backend/../recordings/director_outputs/director_output_1776531043.mp4,2,/Users/claw/work/douyin-recorder/backend/../recordings/director_outputs/director_output_1776542580.mp4,2026-04-07 17:42:13,False
2009,大波浪卷发（中分/齐刘海） 焦糖暖棕色,2,classic,2,2,导演版视频时长不足30s（历史数据清理）: 3.4s,/Users/claw/work/douyin-recorder/backend/../recordings/director_outputs/director_output_1776531152.mp4,2,/Users/claw/work/douyin-recorder/backend/../recordings/director_outputs/director_output_1776542780.mp4,2026-04-07 17:42:13,False
2010,乌梅子酱中分假发 粉紫色,1,classic,2,2,,/Users/claw/work/douyin-recorder/backend/../recordings/director_outputs/director_output_1779386754.mp4,-1,,2026-04-07 17:42:13,False
2011,高层次中长卷发 奶咖色/灰粉色,2,classic,2,2,,/Users/claw/work/douyin-recorder/backend/../recordings/director_outputs/director_output_1776594704.mp4,2,/Users/claw/work/douyin-recorder/backend/../recordings/director_outputs/director_output_1776542688.mp4,2026-04-07 17:42:13,False
2012,中长发直发 自然深色,2,classic,2,2,,/Users/claw/work/douyin-recorder/backend/../recordings/director_outputs/director_output_1777950371.mp4,2,/Users/claw/work/douyin-recorder/backend/../recordings/director_outputs/director_output_1779020632.mp4,2026-04-07 17:42:13,False
2013,高层次直发/微卷发 黑巧克力色/粉棕渐变粉纱金,2,classic,2,2,,/Users/claw/work/douyin-recorder/backend/../recordings/director_outputs/director_output_1776531186.mp4,2,/Users/claw/work/douyin-recorder/backend/../recordings/director_outputs/director_output_1776542861.mp4,2026-04-07 17:42:13,False
2014,长直发（日韩系） 咖啡豆焦糖暖棕色,2,classic,2,2,,/Users/claw/work/douyin-recorder/backend/../recordings/director_outputs/director_output_1777950320.mp4,2,/Users/claw/work/douyin-recorder/backend/../recordings/director_outputs/director_output_1779020686.mp4,2026-04-07 17:42:13,False
2015,头顶补发片（仿递针真人发） 黑色、黑茶色、棕色,1,classic,2,2,,/Users/claw/work/douyin-recorder/backend/../recordings/director_outputs/director_output_1777950146.mp4,2,/Users/claw/work/douyin-recorder/backend/../recordings/director_outputs/director_output_1779020755.mp4,2026-04-07 17:42:13,False
2017,古早甜心高层次卷发 浅色暖调粉棕混血发色,1,classic,2,2,,/Users/claw/work/douyin-recorder/backend/../recordings/director_outputs/director_output_1777950051.mp4,2,/Users/claw/work/douyin-recorder/backend/../recordings/director_outputs/director_output_1779020831.mp4,2026-04-07 17:42:13,False
2019,顶美触摸直发 巧克力色,2,classic,2,2,,/Users/claw/work/douyin-recorder/backend/../recordings/director_outputs/director_output_1777949701.mp4,2,/Users/claw/work/douyin-recorder/backend/../recordings/director_outputs/director_output_1779020893.mp4,2026-04-07 17:42:13,False
2020,肉桂奶咖长卷发 粉棕（玫瑰肉桂奶咖）,1,classic,2,2,,/Users/claw/work/douyin-recorder/backend/../recordings/director_outputs/director_output_1777949438.mp4,2,/Users/claw/work/douyin-recorder/backend/../recordings/director_outputs/director_output_1779020952.mp4,2026-04-07 17:42:13,False
2021,古早甜心齐刘海长直发 亚麻棕,1,classic,2,2,,/Users/claw/work/douyin-recorder/backend/../recordings/director_outputs/director_output_1779386611.mp4,-1,,2026-04-07 17:42:13,False
2023,宽齐刘海假发（芝士款） 自然黑,1,classic,2,2,,/Users/claw/work/douyin-recorder/backend/../recordings/director_outputs/director_output_1779386432.mp4,-1,,2026-04-07 17:42:13,False
2025,微卷长发（中分/齐刘海） 蜂蜜茶棕色,2,classic,2,2,,/Users/claw/work/douyin-recorder/backend/../recordings/director_outputs/director_output_1776531280.mp4,2,/Users/claw/work/douyin-recorder/backend/../recordings/director_outputs/director_output_1776542958.mp4,2026-04-07 17:42:13,False
2026,阴区齐刘海、慵懒泰迪熊、棕色猎人 棕色、黑色、米金色,1,classic,2,2,,/Users/claw/work/douyin-recorder/backend/../recordings/director_outputs/director_output_1779386271.mp4,2,/Users/claw/work/douyin-recorder/backend/../recordings/director_outputs/director_output_1779388087.mp4,2026-04-07 17:42:13,False
2027,前额蕾丝短发/淡卷一刀切 焦糖暖棕/粉棕/蜂蜜茶棕,2,classic,2,2,,/Users/claw/work/douyin-recorder/backend/../recordings/director_outputs/director_output_1776531462.mp4,2,/Users/claw/work/douyin-recorder/backend/../recordings/director_outputs/director_output_1776543155.mp4,2026-04-07 17:42:13,False
2028,直发假发 自然黑,1,classic,2,2,,/Users/claw/work/douyin-recorder/backend/../recordings/director_outputs/director_output_1779386229.mp4,2,/Users/claw/work/douyin-recorder/backend/../recordings/director_outputs/director_output_1779388009.mp4,2026-04-07 17:42:13,False
2030,仿真皮碎晶晶直发/卷发 浅色系,1,classic,2,2,,/Users/claw/work/douyin-recorder/backend/../recordings/director_outputs/director_output_1776531328.mp4,2,/Users/claw/work/douyin-recorder/backend/../recordings/director_outputs/director_output_1776543053.mp4,2026-04-07 17:42:13,False
2031,卷发/直发多款式 自然黑、棕色、粉色,1,classic,2,2,导演版视频时长不足30s（历史数据清理）: 3.4s,/Users/claw/work/douyin-recorder/backend/../recordings/director_outputs/director_output_1776531488.mp4,2,/Users/claw/work/douyin-recorder/backend/../recordings/director_outputs/director_output_1776543245.mp4,2026-04-07 17:42:13,False
2033,天蝎座高层次直发 自然黑,1,classic,2,2,,/Users/claw/work/douyin-recorder/backend/../recordings/director_outputs/director_output_1779386158.mp4,2,/Users/claw/work/douyin-recorder/backend/../recordings/director_outputs/director_output_1779387711.mp4,2026-04-07 17:42:13,False
2034,前额蕾丝直发 奶咖棕色,2,classic,2,2,,/Users/claw/work/douyin-recorder/backend/../recordings/director_outputs/director_output_1779386023.mp4,2,/Users/claw/work/douyin-recorder/backend/../recordings/director_outputs/director_output_1779387526.mp4,2026-04-07 17:42:13,False
2035,中分卷发（珍妮款） 豆沙粉棕色,2,classic,2,2,,/Users/claw/work/douyin-recorder/backend/../recordings/director_outputs/director_output_1777958750.mp4,2,/Users/claw/work/douyin-recorder/backend/../recordings/director_outputs/director_output_1777958803.mp4,2026-04-07 17:42:13,False
2036,短发空气刘海淡卷全头套 焦糖暖棕,2,classic,2,2,,/Users/claw/work/douyin-recorder/backend/../recordings/director_outputs/director_output_1777958794.mp4,2,/Users/claw/work/douyin-recorder/backend/../recordings/director_outputs/director_output_1777959524.mp4,2026-04-07 17:42:13,False
2038,垂发/刘海发片/马尾 黑色/紫色/粉色,1,classic,2,2,导演版视频时长不足30s（历史数据清理）: 3.4s,/Users/claw/work/douyin-recorder/backend/../recordings/director_outputs/director_output_1776531591.mp4,2,/Users/claw/work/douyin-recorder/backend/../recordings/director_outputs/director_output_1776543323.mp4,2026-04-07 17:42:13,False
2041,中分微卷长直发（贝贝/水光绸缎） 自然黑,2,classic,2,2,,/Users/claw/work/douyin-recorder/backend/../recordings/director_outputs/director_output_1776532119.mp4,2,/Users/claw/work/douyin-recorder/backend/../recordings/director_outputs/director_output_1776544019.mp4,2026-04-07 17:42:13,False
2042,无辜卷、咖啡豆短发 焦糖暖棕、冷茶棕,2,classic,2,2,,/Users/claw/work/douyin-recorder/backend/../recordings/director_outputs/director_output_1777947804.mp4,2,/Users/claw/work/douyin-recorder/backend/../recordings/director_outputs/director_output_1779021017.mp4,2026-04-07 17:42:13,False
2043,梨花烫内扣中短发/水光绸缎卷发 奶咖棕色/黑色,2,classic,2,2,,/Users/claw/work/douyin-recorder/backend/../recordings/director_outputs/director_output_1776531740.mp4,2,/Users/claw/work/douyin-recorder/backend/../recordings/director_outputs/director_output_1776543552.mp4,2026-04-07 17:42:13,False
2044,亚裔韩妹羊毛卷假发 暖棕,1,classic,2,2,,/Users/claw/work/douyin-recorder/backend/../recordings/director_outputs/director_output_1777947616.mp4,2,/Users/claw/work/douyin-recorder/backend/../recordings/director_outputs/director_output_1779021077.mp4,2026-04-07 17:42:13,False
2045,乌梅子酱卷发、可可巴蕾卷发、齐刘海款 野生玫瑰金,1,classic,2,2,,/Users/claw/work/douyin-recorder/backend/../recordings/director_outputs/director_output_1779385744.mp4,2,/Users/claw/work/douyin-recorder/backend/../recordings/director_outputs/director_output_1779387317.mp4,2026-04-07 17:42:13,False
2048,齐刘海大蛋卷卷发 深棕、焦糖棕,2,classic,2,2,,/Users/claw/work/douyin-recorder/backend/../recordings/director_outputs/director_output_1777947390.mp4,-1,,2026-04-07 17:42:13,False
2049,刘海假发（含卷发/直发多款） 深棕、灰棕、奶茶色、浅粉,1,classic,2,2,导演版视频时长不足30s（历史数据清理）: 3.4s,/Users/claw/work/douyin-recorder/backend/../recordings/director_outputs/director_output_1776531614.mp4,2,/Users/claw/work/douyin-recorder/backend/../recordings/director_outputs/director_output_1776543394.mp4,2026-04-07 17:42:13,False
2050,芝士/彩发千金/赏金猎人 文青木（偏黄金）、肉桂奶咖（偏粉）、人参（深红棕）,1,classic,2,2,导演版视频时长不足30s（历史数据清理）: 3.4s,/Users/claw/work/douyin-recorder/backend/../recordings/director_outputs/director_output_1776531719.mp4,2,/Users/claw/work/douyin-recorder/backend/../recordings/director_outputs/director_output_1776543471.mp4,2026-04-07 17:42:13,False
2051,羊毛小卷中分卷发 琥珀棕,2,classic,2,2,,/Users/claw/work/douyin-recorder/backend/../recordings/director_outputs/director_output_1777947283.mp4,-1,,2026-04-07 17:42:13,False
2052,齐刘海高层次直发/卷发多款,1,classic,2,2,,/Users/claw/work/douyin-recorder/backend/../recordings/director_outputs/director_output_1776531821.mp4,2,/Users/claw/work/douyin-recorder/backend/../recordings/director_outputs/director_output_1776543640.mp4,2026-04-07 17:42:13,False
2053,风格二子内扣卷发（芭比娃娃款） 白金色,1,classic,2,2,,/Users/claw/work/douyin-recorder/backend/../recordings/director_outputs/director_output_1777947083.mp4,-1,,2026-04-07 17:42:13,False
2054,仿递针中分全头套 奶茶灰棕、灰白混色,1,classic,2,2,,/Users/claw/work/douyin-recorder/backend/../recordings/director_outputs/director_output_1777947021.mp4,-1,,2026-04-07 17:42:13,False
2055,咖啡豆日系卷发 焦糖暖棕色,2,classic,2,2,,/Users/claw/work/douyin-recorder/backend/../recordings/director_outputs/director_output_1777958061.mp4,-1,,2026-04-07 17:42:13,False
2056,齐刘海卷发 黑茶色,2,classic,2,2,,/Users/claw/work/douyin-recorder/backend/../recordings/director_outputs/director_output_1777946830.mp4,-1,,2026-04-07 17:42:13,False
2057,多款式假发（含卷发、波波头、长发等）,2,classic,2,2,,/Users/claw/work/douyin-recorder/backend/../recordings/director_outputs/director_output_1777946719.mp4,-1,,2026-04-07 17:42:14,False
2058,人参氧气粒子卷中分假发,1,classic,2,2,,/Users/claw/work/douyin-recorder/backend/../recordings/director_outputs/director_output_1777946634.mp4,-1,,2026-04-07 17:42:14,False
2059,斜刘海马尾/双马尾/卷发混血风 灰色/浅灰棕,1,classic,2,2,导演版视频时长不足30s（历史数据清理）: 3.4s,/Users/claw/work/douyin-recorder/backend/../recordings/director_outputs/director_output_1776056440.mp4,2,/Users/claw/work/douyin-recorder/backend/../recordings/director_outputs/director_output_1776539762.mp4,2026-04-07 17:42:14,False
2061,卷发（大头皮加宽款） 豆沙灰粉,1,classic,2,2,,/Users/claw/work/douyin-recorder/backend/../recordings/director_outputs/director_output_1779385671.mp4,-1,,2026-04-07 17:42:14,False
2062,仿真头皮中长卷发 焦糖棕,2,classic,2,2,,/Users/claw/work/douyin-recorder/backend/../recordings/director_outputs/director_output_1777946397.mp4,-1,,2026-04-07 17:42:14,False
2064,中分长直发（顶美系列） 黑巧克力,2,classic,2,2,,/Users/claw/work/douyin-recorder/backend/../recordings/director_outputs/director_output_1777946251.mp4,-1,,2026-04-07 17:42:14,False
2065,赏金猎人,1,classic,2,2,,/Users/claw/work/douyin-recorder/backend/../recordings/director_outputs/director_output_1779385601.mp4,2,/Users/claw/work/douyin-recorder/backend/../recordings/director_outputs/director_output_1779387037.mp4,2026-04-07 17:42:15,False
2066,赏金猎人齐刘海卷发 白色/金色/浅粉,1,classic,2,2,,/Users/claw/work/douyin-recorder/backend/../recordings/director_outputs/director_output_1776056378.mp4,2,/Users/claw/work/douyin-recorder/backend/../recordings/director_outputs/director_output_1776539497.mp4,2026-04-07 17:42:15,False
2067,短发蛋卷发 焦糖暖棕（咖啡豆色）,2,classic,2,2,,/Users/claw/work/douyin-recorder/backend/../recordings/director_outputs/director_output_1777945971.mp4,-1,,2026-04-07 17:42:16,False
2068,奶黄包短发一刀切 奶黄色,1,classic,2,2,,/Users/claw/work/douyin-recorder/backend/../recordings/director_outputs/director_output_1777957607.mp4,-1,,2026-04-07 17:42:18,False
2070,一刀切短发,1,classic,2,2,,/Users/claw/work/douyin-recorder/backend/../recordings/director_outputs/director_output_1777945703.mp4,-1,,2026-04-07 17:42:26,False
2071,短卷发（咖啡豆款） 咖啡豆色（暖棕）,2,classic,2,2,,/Users/claw/work/douyin-recorder/backend/../recordings/director_outputs/director_output_1777945648.mp4,-1,,2026-04-07 17:59:05,False
2073,超长直发（80cm）,2,classic,-2,2,,/Users/claw/work/douyin-recorder/backend/../recordings/director_outputs/director_output_1777945288.mp4,-1,,2026-04-07 18:09:32,False
2074,真头皮系列 黑色,2,classic,2,2,,/Users/claw/work/douyin-recorder/backend/../recordings/director_outputs/director_output_1777945134.mp4,-1,,2026-04-07 18:35:00,False
2075,西梅色,2,classic,2,2,,/Users/claw/work/douyin-recorder/backend/../recordings/director_outputs/director_output_1777945084.mp4,-1,,2026-04-07 18:59:41,False
2077,直发与卷发对比款,1,classic,2,2,,/Users/claw/work/douyin-recorder/backend/../recordings/director_outputs/director_output_1777944838.mp4,-1,,2026-04-09 10:41:01,False
2078,蜜棕色,2,classic,2,2,,/Users/claw/work/douyin-recorder/backend/../recordings/director_outputs/director_output_1777944649.mp4,2,/Users/claw/work/douyin-recorder/backend/../recordings/director_outputs/director_output_1783086601.mp4,2026-04-09 10:46:52,False
2079,古岛甜心 黑色,1,classic,2,2,,/Users/claw/work/douyin-recorder/backend/../recordings/director_outputs/director_output_1777968930.mp4,2,/Users/claw/work/douyin-recorder/backend/../recordings/director_outputs/director_output_1777972468.mp4,2026-04-09 10:50:42,False
2080,公主头假发 橙色、粉色,2,classic,2,2,,/Users/claw/work/douyin-recorder/backend/../recordings/director_outputs/director_output_1777944434.mp4,-1,,2026-04-09 10:51:48,False
2081,前额蕾丝齐刘海 奶咖色,2,classic,2,2,,/Users/claw/work/douyin-recorder/backend/../recordings/director_outputs/director_output_1777944282.mp4,-1,,2026-04-09 11:02:21,False
2082,天蝎座直发、阴区女王卷发 白金色、挑染发根染,1,classic,2,2,,/Users/claw/work/douyin-recorder/backend/../recordings/director_outputs/director_output_1777944155.mp4,-1,,2026-04-09 11:05:26,False
2083,齐刘海款假发,2,classic,2,2,,/Users/claw/work/douyin-recorder/backend/../recordings/director_outputs/director_output_1777943993.mp4,-1,,2026-04-09 11:08:57,False
2084,马尾辫鸡毛头,2,classic,2,2,,/Users/claw/work/douyin-recorder/backend/../recordings/director_outputs/director_output_1777943858.mp4,-1,,2026-04-09 11:09:39,False
2085,镂空网底透气款,2,classic,2,2,,/Users/claw/work/douyin-recorder/backend/../recordings/director_outputs/director_output_1777943784.mp4,-1,,2026-04-09 11:30:54,False
2086,中分卷发,2,classic,2,2,,/Users/claw/work/douyin-recorder/backend/../recordings/director_outputs/director_output_1777943623.mp4,-1,,2026-04-09 11:31:38,False
2087,红色,2,classic,2,2,,/Users/claw/work/douyin-recorder/backend/../recordings/director_outputs/director_output_1776273859.mp4,2,/Users/claw/work/douyin-recorder/backend/../recordings/director_outputs/director_output_1776839610.mp4,2026-04-09 11:34:13,False
2088,比熊卷长卷发（齐刘海/中分款） 蜂蜜棕,2,classic,2,2,,/Users/claw/work/douyin-recorder/backend/../recordings/director_outputs/director_output_1776056318.mp4,2,/Users/claw/work/douyin-recorder/backend/../recordings/director_outputs/director_output_1776539395.mp4,2026-04-09 12:28:03,False
2089,仿地针头皮假发（夺回款） 自然棕色,1,classic,2,2,,/Users/claw/work/douyin-recorder/backend/../recordings/director_outputs/director_output_1779385349.mp4,2,/Users/claw/work/douyin-recorder/backend/../recordings/director_outputs/director_output_1779386647.mp4,2026-04-09 12:29:41,False
2090,橘色长卷发（中分/斜刘海） 橘色,1,classic,2,2,,/Users/claw/work/douyin-recorder/backend/../recordings/director_outputs/director_output_1776056240.mp4,2,/Users/claw/work/douyin-recorder/backend/../recordings/director_outputs/director_output_1776539834.mp4,2026-04-09 12:38:27,False
2091,小头围卷发（财发千金/芝士卷） 棕色/黑色,1,classic,2,2,,/Users/claw/work/douyin-recorder/backend/../recordings/director_outputs/director_output_1776056196.mp4,2,/Users/claw/work/douyin-recorder/backend/../recordings/director_outputs/director_output_1776539590.mp4,2026-04-09 13:23:31,False
2092,氧气直发,1,classic,2,2,,/Users/claw/work/douyin-recorder/backend/../recordings/director_outputs/director_output_1777943333.mp4,-1,,2026-04-09 13:41:37,False
2095,卷发（5号款）,2,classic,2,2,,/Users/claw/work/douyin-recorder/backend/../recordings/director_outputs/director_output_1777943310.mp4,-1,,2026-04-09 14:09:22,False
2096,彩彩发千金直发 浅色/白金/碎晶银,1,classic,2,2,,/Users/claw/work/douyin-recorder/backend/../recordings/director_outputs/director_output_1776529529.mp4,2,/Users/claw/work/douyin-recorder/backend/../recordings/director_outputs/director_output_1776539236.mp4,2026-04-09 14:16:06,False
2097,羊毛卷/多款假发混合介绍 粉色/粉紫色/白金色,1,director,2,2,,/Users/claw/work/douyin-recorder/backend/../recordings/director_outputs/director_output_1776056010.mp4,2,/Users/claw/work/douyin-recorder/backend/../recordings/director_outputs/director_output_1776539147.mp4,2026-04-09 14:25:15,False
2098,柔柔齐刘海中长卷发 粉色,1,director,2,2,,/Users/claw/work/douyin-recorder/backend/../recordings/director_outputs/director_output_1779200950.mp4,2,/Users/claw/work/douyin-recorder/backend/../recordings/director_outputs/director_output_1779201157.mp4,2026-04-09 14:35:13,False
2099,赏金猎人卷发（麻花辫长卷） 棕色,1,director,-2,2,,/Users/claw/work/douyin-recorder/backend/../recordings/director_outputs/director_output_1779201008.mp4,2,/Users/claw/work/douyin-recorder/backend/../recordings/director_outputs/director_output_1779201191.mp4,2026-04-09 14:37:23,False
2100,高丸子头/公主切直发 黑茶色/棕色,1,director,2,2,,/Users/claw/work/douyin-recorder/backend/../recordings/director_outputs/director_output_1779201046.mp4,2,/Users/claw/work/douyin-recorder/backend/../recordings/director_outputs/director_output_1779201235.mp4,2026-04-09 14:49:02,False
2101,中分柔柔卷发（仿帝针福利款） 黑茶色/粉紫色/灰紫色,1,director,2,2,,/Users/claw/work/douyin-recorder/backend/../recordings/director_outputs/director_output_1776056014.mp4,2,/Users/claw/work/douyin-recorder/backend/../recordings/director_outputs/director_output_1776539057.mp4,2026-04-09 14:53:30,False
2102,羚羊羊毛拉梅卷（14号链接） 黑茶色/自然黑,2,director,2,2,,/Users/claw/work/douyin-recorder/backend/../recordings/director_outputs/director_output_1777917737.mp4,2,/Users/claw/work/douyin-recorder/backend/../recordings/director_outputs/director_output_1777918048.mp4,2026-04-09 14:58:17,False
2103,仿地针假发,1,director,-2,2,,/Users/claw/work/douyin-recorder/backend/../recordings/director_outputs/director_output_1779131499.mp4,2,/Users/claw/work/douyin-recorder/backend/../recordings/director_outputs/director_output_1779258717.mp4,2026-04-09 15:03:45,False
2104,小蕾丝中分卷发造型,1,director,2,2,,/Users/claw/work/douyin-recorder/backend/../recordings/director_outputs/director_output_1777917884.mp4,2,/Users/claw/work/douyin-recorder/backend/../recordings/director_outputs/director_output_1777918339.mp4,2026-04-09 15:05:13,False
2105,短发 白金色,1,director,2,2,,/Users/claw/work/douyin-recorder/backend/../recordings/director_outputs/director_output_1777918008.mp4,2,/Users/claw/work/douyin-recorder/backend/../recordings/director_outputs/director_output_1777918655.mp4,2026-04-09 15:24:09,False
2106,中长卷发新品（耳括弧卷发） 榛果灰棕（冷色调灰棕）,1,director,2,2,,/Users/claw/work/douyin-recorder/backend/../recordings/director_outputs/director_output_1778884306.mp4,2,/Users/claw/work/douyin-recorder/backend/../recordings/director_outputs/director_output_1778884295.mp4,2026-04-09 15:51:12,False
2107,仿真大头皮齐刘海卷发 黑茶色、茶棕色,1,director,2,2,,/Users/claw/work/douyin-recorder/backend/../recordings/director_outputs/director_output_1777918160.mp4,2,/Users/claw/work/douyin-recorder/backend/../recordings/director_outputs/director_output_1777919006.mp4,2026-04-09 15:53:19,False
2108,氧气粒子卷 粒子棕（咖啡巧克力色）,1,director,2,2,,/Users/claw/work/douyin-recorder/backend/../recordings/director_outputs/director_output_1777918237.mp4,2,/Users/claw/work/douyin-recorder/backend/../recordings/director_outputs/director_output_1777919321.mp4,2026-04-09 15:55:56,False
2109,挑染长卷发 黑色挑染,1,director,2,2,,/Users/claw/work/douyin-recorder/backend/../recordings/director_outputs/director_output_1777918370.mp4,2,/Users/claw/work/douyin-recorder/backend/../recordings/director_outputs/director_output_1777919615.mp4,2026-04-09 15:58:27,False
2110,齐耳直发/古早甜心/养气直发 自然黑、深棕,1,director,2,2,,/Users/claw/work/douyin-recorder/backend/../recordings/director_outputs/director_output_1777942909.mp4,-1,,2026-04-09 16:01:06,False
2111,慵懒泰迪熊、天蝎、富江、古早亭线等多款 棕色、粉色等多色,1,director,2,2,,/Users/claw/work/douyin-recorder/backend/../recordings/director_outputs/director_output_1777918646.mp4,2,/Users/claw/work/douyin-recorder/backend/../recordings/director_outputs/director_output_1777920323.mp4,2026-04-09 16:03:31,False
2112,碎晶晶卷发/羊毛卷直发 白金/暖灰/粉灰,1,director,2,2,,/Users/claw/work/douyin-recorder/backend/../recordings/director_outputs/director_output_1778884072.mp4,2,/Users/claw/work/douyin-recorder/backend/../recordings/director_outputs/director_output_1778884079.mp4,2026-04-09 16:06:08,False
2113,仿地针精修卷发（芝士款） 查宗色,1,director,2,2,,/Users/claw/work/douyin-recorder/backend/../recordings/director_outputs/director_output_1777918715.mp4,2,/Users/claw/work/douyin-recorder/backend/../recordings/director_outputs/director_output_1777920623.mp4,2026-04-09 16:06:32,False
2114,头顶补发片 摩卡色/白金色,1,director,2,2,,/Users/claw/work/douyin-recorder/backend/../recordings/director_outputs/director_output_1777918917.mp4,2,/Users/claw/work/douyin-recorder/backend/../recordings/director_outputs/director_output_1777920918.mp4,2026-04-09 16:09:16,False
2115,白金Molly齐刘海短发 白金色,1,director,2,2,,/Users/claw/work/douyin-recorder/backend/../recordings/director_outputs/director_output_1777918997.mp4,2,/Users/claw/work/douyin-recorder/backend/../recordings/director_outputs/director_output_1777921228.mp4,2026-04-09 16:09:51,False
2116,仿地针卷发 自然黑,1,director,2,2,,/Users/claw/work/douyin-recorder/backend/../recordings/director_outputs/director_output_1777919097.mp4,-1,,2026-04-09 16:11:44,False
2117,古早甜心齐刘海直发 茶棕色,1,director,2,2,,/Users/claw/work/douyin-recorder/backend/../recordings/director_outputs/director_output_1777919221.mp4,2,/Users/claw/work/douyin-recorder/backend/../recordings/director_outputs/director_output_1777921951.mp4,2026-04-09 16:12:28,False
2118,古岛甜心,1,director,2,2,,/Users/claw/work/douyin-recorder/backend/../recordings/director_outputs/director_output_1778883838.mp4,2,/Users/claw/work/douyin-recorder/backend/../recordings/director_outputs/director_output_1778883802.mp4,2026-04-09 16:14:04,False
2119,豆包短发、高马尾、丸子头 栗子棕、氧气栗子、白晶、碎晶晶,1,director,2,2,,/Users/claw/work/douyin-recorder/backend/../recordings/director_outputs/director_output_1777919354.mp4,2,/Users/claw/work/douyin-recorder/backend/../recordings/director_outputs/director_output_1777922273.mp4,2026-04-09 16:15:53,False
2120,红色直发、双马尾、公主头 红色,1,director,2,2,,/Users/claw/work/douyin-recorder/backend/../recordings/director_outputs/director_output_1777919441.mp4,-1,,2026-04-09 16:17:12,False
2122,白金猎人蛋卷长发 白金色,1,director,2,2,,/Users/claw/work/douyin-recorder/backend/../recordings/director_outputs/director_output_1777919679.mp4,2,/Users/claw/work/douyin-recorder/backend/../recordings/director_outputs/director_output_1777922970.mp4,2026-04-09 16:18:40,False
2123,齐刘海直发/中分款 黑茶粉,1,director,2,2,,/Users/claw/work/douyin-recorder/backend/../recordings/director_outputs/director_output_1777919915.mp4,2,/Users/claw/work/douyin-recorder/backend/../recordings/director_outputs/director_output_1777923327.mp4,2026-04-09 16:19:58,False
2124,财发千金五指宽大头皮中分 黑茶色/棕色,1,director,2,2,,/Users/claw/work/douyin-recorder/backend/../recordings/director_outputs/director_output_1777956695.mp4,-1,,2026-04-09 16:20:25,False
2126,头顶补发片 白金色,1,director,2,2,,/Users/claw/work/douyin-recorder/backend/../recordings/director_outputs/director_output_1777920193.mp4,2,/Users/claw/work/douyin-recorder/backend/../recordings/director_outputs/director_output_1777924381.mp4,2026-04-09 16:23:23,False
2127,蓬松饱满卷发,1,director,2,2,,/Users/claw/work/douyin-recorder/backend/../recordings/director_outputs/director_output_1777920287.mp4,-1,,2026-04-09 16:25:43,False
2128,微卷发,2,director,2,2,,/Users/claw/work/douyin-recorder/backend/../recordings/director_outputs/director_output_1777920396.mp4,2,/Users/claw/work/douyin-recorder/backend/../recordings/director_outputs/director_output_1777924787.mp4,2026-04-09 16:40:54,False
2129,轻薄短发（13号款） 水光色（韩系街拍风）,2,director,2,2,,/Users/claw/work/douyin-recorder/backend/../recordings/director_outputs/director_output_1777920525.mp4,2,/Users/claw/work/douyin-recorder/backend/../recordings/director_outputs/director_output_1777925151.mp4,2026-04-09 17:06:25,False
2130,无辜卷卷 冷棕色,2,director,2,2,,/Users/claw/work/douyin-recorder/backend/../recordings/director_outputs/director_output_1777920664.mp4,2,/Users/claw/work/douyin-recorder/backend/../recordings/director_outputs/director_output_1777925512.mp4,2026-04-09 17:31:36,False
2131,纤裸卷卷 渐变色,2,director,2,2,,/Users/claw/work/douyin-recorder/backend/../recordings/director_outputs/director_output_1777920749.mp4,2,/Users/claw/work/douyin-recorder/backend/../recordings/director_outputs/director_output_1777925890.mp4,2026-04-09 18:47:02,False
2132,高层次内扣中长款 琥珀黑棕色,2,director,2,2,,/Users/claw/work/douyin-recorder/backend/../recordings/director_outputs/director_output_1777920960.mp4,2,/Users/claw/work/douyin-recorder/backend/../recordings/director_outputs/director_output_1777926261.mp4,2026-04-09 19:21:01,False
2133,微卷长直发（1号链接主推款） 蜜棕色,2,director,2,2,,/Users/claw/work/douyin-recorder/backend/../recordings/director_outputs/director_output_1777921022.mp4,2,/Users/claw/work/douyin-recorder/backend/../recordings/director_outputs/director_output_1777929265.mp4,2026-04-09 19:23:52,False
2134,大波浪外翻卷/高丸子头 古早甜心色/黑茶色,1,director,2,2,,/Users/claw/work/douyin-recorder/backend/../recordings/director_outputs/director_output_1777921205.mp4,-1,,2026-04-10 06:11:03,False
2135,黑金猎人齐刘海 黑色,1,director,2,2,,/Users/claw/work/douyin-recorder/backend/../recordings/director_outputs/director_output_1777942718.mp4,-1,,2026-04-10 06:18:43,False
2136,中分/脊流号直发,1,director,2,2,,/Users/claw/work/douyin-recorder/backend/../recordings/director_outputs/director_output_1777921456.mp4,-1,,2026-04-10 06:19:50,False
2137,财发千金,1,director,2,2,,/Users/claw/work/douyin-recorder/backend/../recordings/director_outputs/director_output_1777921534.mp4,-1,,2026-04-10 06:27:04,False
2138,新中式发型（发套）,1,director,-2,2,,/Users/claw/work/douyin-recorder/backend/../recordings/director_outputs/director_output_1779131399.mp4,-1,,2026-04-10 06:35:00,False
2139,浅色、黑茶色,1,director,2,2,,/Users/claw/work/douyin-recorder/backend/../recordings/director_outputs/director_output_1777921625.mp4,-1,,2026-04-10 14:01:42,False
2140,直发/C型造型假发,1,director,-2,2,,/Users/claw/work/douyin-recorder/backend/../recordings/director_outputs/director_output_1779131375.mp4,-1,,2026-04-10 14:26:37,False
2141,蝴蝶造型卷发 薄荷绿,1,director,2,2,,/Users/claw/work/douyin-recorder/backend/../recordings/director_outputs/director_output_1777956641.mp4,-1,,2026-04-10 15:16:47,False
2142,蜜桃蜡龙海藻卷,2,director,2,2,,/Users/claw/work/douyin-recorder/backend/../recordings/director_outputs/director_output_1777921842.mp4,-1,,2026-04-10 15:40:42,False
2143,赛博豆瓣老婆,1,director,2,2,,/Users/claw/work/douyin-recorder/backend/../recordings/director_outputs/director_output_1777921961.mp4,-1,,2026-04-10 15:41:56,False
2144,黑巧克力直发 巧克力色,2,director,2,2,,/Users/claw/work/douyin-recorder/backend/../recordings/director_outputs/director_output_1777922080.mp4,-1,,2026-04-10 16:07:33,False
2145,中长发全头套假发,2,director,2,2,,/Users/claw/work/douyin-recorder/backend/../recordings/director_outputs/director_output_1777922244.mp4,-1,,2026-04-10 16:32:17,False
2146,几字刘海短发 咖啡豆色,2,director,2,2,,/Users/claw/work/douyin-recorder/backend/../recordings/director_outputs/director_output_1776529454.mp4,2,/Users/claw/work/douyin-recorder/backend/../recordings/director_outputs/director_output_1776538869.mp4,2026-04-10 16:57:26,False
2147,周分直发,2,director,2,2,,/Users/claw/work/douyin-recorder/backend/../recordings/director_outputs/director_output_1776529373.mp4,2,/Users/claw/work/douyin-recorder/backend/../recordings/director_outputs/director_output_1776538768.mp4,2026-04-10 17:22:28,False
2148,中长层次发型,2,director,2,2,,/Users/claw/work/douyin-recorder/backend/../recordings/director_outputs/director_output_1777922330.mp4,-1,,2026-04-10 18:11:12,False
2149,卷发（娃娃卷/芭比卷） 浅色,2,director,2,2,,/Users/claw/work/douyin-recorder/backend/../recordings/director_outputs/director_output_1777922442.mp4,-1,,2026-04-10 18:36:28,False
2150,暹罗猫卷发 暹罗猫发色（咔金色）,2,director,2,2,,/Users/claw/work/douyin-recorder/backend/../recordings/director_outputs/director_output_1777922597.mp4,-1,,2026-04-10 19:02:40,False
2151,天蝎座长直发（含刘海） 灰粉色,1,director,2,2,导演版视频时长不足30s（历史数据清理）: 3.4s,/Users/claw/work/douyin-recorder/backend/../recordings/director_outputs/director_output_1776660020.mp4,2,/Users/claw/work/douyin-recorder/backend/../recordings/director_outputs/director_output_1776660254.mp4,2026-04-11 13:56:34,False
2152,水母头 黑色/银区米白色,1,director,2,2,,/Users/claw/work/douyin-recorder/backend/../recordings/director_outputs/director_output_1779385324.mp4,2,/Users/claw/work/douyin-recorder/backend/../recordings/director_outputs/director_output_1779386493.mp4,2026-04-11 13:59:47,False
2153,天才女友/天才牛卷发 深棕冷色系,4,director,2,2,导演版视频时长不足30s（历史数据清理）: 3.4s,/Users/claw/work/douyin-recorder/backend/../recordings/director_outputs/director_output_1776659969.mp4,2,/Users/claw/work/douyin-recorder/backend/../recordings/director_outputs/director_output_1776660102.mp4,2026-04-11 14:07:27,False
2154,小头中分卷发 棕色,1,director,2,2,导演版视频时长不足30s（历史数据清理）: 3.4s,/Users/claw/work/douyin-recorder/backend/../recordings/director_outputs/director_output_1776659902.mp4,2,/Users/claw/work/douyin-recorder/backend/../recordings/director_outputs/director_output_1776659981.mp4,2026-04-11 14:15:44,False
2155,风不二子齐刘海卷发 黑色,1,director,2,2,导演版视频时长不足30s（历史数据清理）: 3.4s,/Users/claw/work/douyin-recorder/backend/../recordings/director_outputs/director_output_1776659857.mp4,2,/Users/claw/work/douyin-recorder/backend/../recordings/director_outputs/director_output_1776659870.mp4,2026-04-11 14:31:20,False
2157,仿地针工艺长直发福利款 浅色（粉色/深色）,1,director,2,2,,/Users/claw/work/douyin-recorder/backend/../recordings/director_outputs/director_output_1776529240.mp4,2,/Users/claw/work/douyin-recorder/backend/../recordings/director_outputs/director_output_1776538510.mp4,2026-04-11 14:57:34,False
2158,仿地针蓬松发型,2,director,2,2,,/Users/claw/work/douyin-recorder/backend/../recordings/director_outputs/director_output_1778883432.mp4,2,/Users/claw/work/douyin-recorder/backend/../recordings/director_outputs/director_output_1778883382.mp4,2026-04-12 12:45:30,False
2159,中分长卷发（周分/许多哈） 灰粉沙金/蜜桃花渐变,2,director,2,2,,/Users/claw/work/douyin-recorder/backend/../recordings/director_outputs/director_output_1776055803.mp4,2,/Users/claw/work/douyin-recorder/backend/../recordings/director_outputs/director_output_1776538317.mp4,2026-04-12 12:47:43,False
2161,微卷中长发（一号）、高层次中长发（七号）,2,director,2,2,,/Users/claw/work/douyin-recorder/backend/../recordings/director_outputs/director_output_1777922870.mp4,-1,,2026-04-12 12:53:10,False
2162,中长直发/海藻卷发/灰紫卷发 琥珀黑棕/灰紫色,2,director,2,2,,/Users/claw/work/douyin-recorder/backend/../recordings/director_outputs/director_output_1776055649.mp4,2,/Users/claw/work/douyin-recorder/backend/../recordings/director_outputs/director_output_1776538675.mp4,2026-04-12 12:55:18,False
2163,高层次直发 蜜棕色,2,director,2,2,,/Users/claw/work/douyin-recorder/backend/../recordings/director_outputs/director_output_1777922961.mp4,-1,,2026-04-12 12:59:20,False
2164,首款黑色卷帕领巾 黑茶色,2,director,2,2,,/Users/claw/work/douyin-recorder/backend/../recordings/director_outputs/director_output_1777923093.mp4,-1,,2026-04-12 12:59:56,False
2165,中短发微卷 树莓红,2,director,2,2,,/Users/claw/work/douyin-recorder/backend/../recordings/director_outputs/director_output_1777923222.mp4,-1,,2026-04-12 13:02:25,False
2167,免打理防撬边中长卷发 黑棕色,2,director,2,2,,/Users/claw/work/douyin-recorder/backend/../recordings/director_outputs/director_output_1777923350.mp4,-1,,2026-04-12 13:07:56,False
2168,公主头造型假发,2,director,2,2,,/Users/claw/work/douyin-recorder/backend/../recordings/director_outputs/director_output_1777923432.mp4,-1,,2026-04-12 13:08:42,False
2169,天蝎座长直发,1,director,2,2,,/Users/claw/work/douyin-recorder/backend/../recordings/director_outputs/director_output_1777923676.mp4,-1,,2026-04-12 13:47:40,False
2170,小碎毛蓬松卷发（大半卷）,2,director,-2,2,,/Users/claw/work/douyin-recorder/backend/../recordings/director_outputs/director_output_1779131364.mp4,-1,,2026-04-12 14:01:00,False
2171,羊毛蛋卷卷发 红色,1,director,2,2,导演版视频时长不足30s（历史数据清理）: 29.8s,/Users/claw/work/douyin-recorder/backend/../recordings/director_outputs/director_output_1776528979.mp4,2,/Users/claw/work/douyin-recorder/backend/../recordings/director_outputs/director_output_1776537899.mp4,2026-04-12 14:03:14,False
2173,迷雾冰岛 渐变薄荷蓝灰,1,director,2,2,,/Users/claw/work/douyin-recorder/backend/../recordings/director_outputs/director_output_1777942310.mp4,-1,,2026-04-12 15:26:24,False
2174,迷雾病款假发,1,director,2,2,,/Users/claw/work/douyin-recorder/backend/../recordings/director_outputs/director_output_1777923949.mp4,-1,,2026-04-12 15:26:59,False
2175,可可芭蕾齐刘海直发/中分卷发 栗子棕、雾霾蓝、白金色,1,director,2,2,,/Users/claw/work/douyin-recorder/backend/../recordings/director_outputs/director_output_1777924032.mp4,-1,,2026-04-12 15:30:44,False
2176,女团风齐刘海假发 西柚色（淡粉橘调）,1,director,2,2,,/Users/claw/work/douyin-recorder/backend/../recordings/director_outputs/director_output_1777924140.mp4,-1,,2026-04-12 15:39:26,False
2177,氧气粒子直发（高马尾款） 粒子棕,1,director,2,2,,/Users/claw/work/douyin-recorder/backend/../recordings/director_outputs/director_output_1777924265.mp4,-1,,2026-04-12 15:46:04,False
2178,老婆头、丽丽丝、炫光娃娃,1,director,2,2,,/Users/claw/work/douyin-recorder/backend/../recordings/director_outputs/director_output_1777924396.mp4,-1,,2026-04-12 15:50:21,False
2179,长直发公主头,1,director,2,2,,/Users/claw/work/douyin-recorder/backend/../recordings/director_outputs/director_output_1776529212.mp4,2,/Users/claw/work/douyin-recorder/backend/../recordings/director_outputs/director_output_1776538422.mp4,2026-04-12 15:55:48,False
2180,内扣卷发（风不二） 白金色,1,director,2,2,,/Users/claw/work/douyin-recorder/backend/../recordings/director_outputs/director_output_1777924468.mp4,-1,,2026-04-12 16:02:53,False
2181,美杜莎卷发/高马尾多功能款 白金色,1,director,2,2,,/Users/claw/work/douyin-recorder/backend/../recordings/director_outputs/director_output_1777924572.mp4,-1,,2026-04-12 16:14:00,False
2182,长直微卷发（一号链接款） 蜂蜜茶棕色,2,director,2,2,,/Users/claw/work/douyin-recorder/backend/../recordings/director_outputs/director_output_1777924778.mp4,-1,,2026-04-12 16:25:07,False
2183,小头围直发（千金款） 棕色/黑色,1,director,2,2,,/Users/claw/work/douyin-recorder/backend/../recordings/director_outputs/director_output_1776017012.mp4,2,/Users/claw/work/douyin-recorder/backend/../recordings/director_outputs/director_output_1776537528.mp4,2026-04-12 18:02:22,False
2184,中分假发 自然色、白金色,1,director,2,2,,/Users/claw/work/douyin-recorder/backend/../recordings/director_outputs/director_output_1777924839.mp4,-1,,2026-04-12 18:08:39,False
2185,焦糖软装六合一大蛋卷长直发 焦糖棕,2,director,-2,2,,/Users/claw/work/douyin-recorder/backend/../recordings/director_outputs/director_output_1779130924.mp4,-1,,2026-04-12 19:29:14,False
2186,高层次长直发/淡卷发 奶咖色,2,director,2,2,,/Users/claw/work/douyin-recorder/backend/../recordings/director_outputs/director_output_1776022785.mp4,2,/Users/claw/work/douyin-recorder/backend/../recordings/director_outputs/director_output_1776537669.mp4,2026-04-12 19:38:35,False
2187,无辜卷/咖啡豆卷发/白金卷卷 冷茶色、咖啡豆棕色、白金色,2,director,2,2,,/Users/claw/work/douyin-recorder/backend/../recordings/director_outputs/director_output_1776025288.mp4,2,/Users/claw/work/douyin-recorder/backend/../recordings/director_outputs/director_output_1776537797.mp4,2026-04-12 20:20:18,False
2188,拉美小卷卷（羊毛小卷） 奶茶灰金,2,director,2,2,,/Users/claw/work/douyin-recorder/backend/../recordings/director_outputs/director_output_1776528952.mp4,2,/Users/claw/work/douyin-recorder/backend/../recordings/director_outputs/director_output_1776537254.mp4,2026-04-12 21:13:49,False
2189,妲己壶卷发（含珍妮大头皮款） 灰金色/灰粉色/豆沙粉棕,2,director,2,2,,/Users/claw/work/douyin-recorder/backend/../recordings/director_outputs/director_output_1776028750.mp4,2,/Users/claw/work/douyin-recorder/backend/../recordings/director_outputs/director_output_1776537392.mp4,2026-04-12 21:17:55,False
2190,发尾梨花烫卷长卷发 自然黑/黑茶色,2,director,2,2,,/Users/claw/work/douyin-recorder/backend/../recordings/director_outputs/director_output_1776030166.mp4,2,/Users/claw/work/douyin-recorder/backend/../recordings/director_outputs/director_output_1776537100.mp4,2026-04-12 21:41:40,False
2191,暹罗卷卷（无辜卷卷短卷发） 暹罗猫发色/冷茶色/深色日常色,2,director,2,2,,/Users/claw/work/douyin-recorder/backend/../recordings/director_outputs/director_output_1776055592.mp4,2,/Users/claw/work/douyin-recorder/backend/../recordings/director_outputs/director_output_1776536975.mp4,2026-04-12 21:50:52,False
2192,小头假发长直发 深棕、焦糖色,2,director,2,2,,/Users/claw/work/douyin-recorder/backend/../recordings/director_outputs/director_output_1778883299.mp4,2,/Users/claw/work/douyin-recorder/backend/../recordings/director_outputs/director_output_1778883209.mp4,2026-04-12 21:59:29,False
2193,短发淡卷（蛋卷/卷卷） 白金色/黑莓/无辜冷茶色,2,director,2,2,,/Users/claw/work/douyin-recorder/backend/../recordings/director_outputs/director_output_1776032497.mp4,2,/Users/claw/work/douyin-recorder/backend/../recordings/director_outputs/director_output_1776536837.mp4,2026-04-12 22:20:27,False
2194,芝士款齐刘海假发 茶棕色,1,director,2,2,,/Users/claw/work/douyin-recorder/backend/../recordings/director_outputs/director_output_1777925104.mp4,-1,,2026-04-12 23:19:05,False
2195,中分长直发 茶棕色,1,director,2,2,,/Users/claw/work/douyin-recorder/backend/../recordings/director_outputs/director_output_1779130799.mp4,2,/Users/claw/work/douyin-recorder/backend/../recordings/director_outputs/director_output_1779136831.mp4,2026-04-12 23:46:21,False
2196,齐刘海、中分、赏金猎人,1,director,2,2,,/Users/claw/work/douyin-recorder/backend/../recordings/director_outputs/director_output_1776528844.mp4,2,/Users/claw/work/douyin-recorder/backend/../recordings/director_outputs/director_output_1776536667.mp4,2026-04-12 23:58:49,False
2197,暹罗卷发（短卷发） 咖啡豆色/咖金棕渐变,2,director,2,2,,/Users/claw/work/douyin-recorder/backend/../recordings/director_outputs/director_output_1776039381.mp4,2,/Users/claw/work/douyin-recorder/backend/../recordings/director_outputs/director_output_1776536558.mp4,2026-04-13 00:15:12,False
2198,贝贝中分卷发 粉棕色,2,director,2,2,,/Users/claw/work/douyin-recorder/backend/../recordings/director_outputs/director_output_1779385087.mp4,2,/Users/claw/work/douyin-recorder/backend/../recordings/director_outputs/director_output_1779386082.mp4,2026-04-13 00:23:06,False
2199,齐刘海卷发中长发 灰粉渐变色,2,director,2,2,,/Users/claw/work/douyin-recorder/backend/../recordings/director_outputs/director_output_1776528817.mp4,2,/Users/claw/work/douyin-recorder/backend/../recordings/director_outputs/director_output_1776536409.mp4,2026-04-13 01:07:52,False
2200,沉睡公主 白金色,1,director,2,2,,/Users/claw/work/douyin-recorder/backend/../recordings/director_outputs/director_output_1778883038.mp4,2,/Users/claw/work/douyin-recorder/backend/../recordings/director_outputs/director_output_1778882928.mp4,2026-04-13 01:16:37,False
2201,沉睡白金直发 白金色,1,director,2,2,,/Users/claw/work/douyin-recorder/backend/../recordings/director_outputs/director_output_1777925333.mp4,-1,,2026-04-13 01:48:32,False
2202,白月光、天蝎座、黑长直 黑茶色,1,director,2,2,,/Users/claw/work/douyin-recorder/backend/../recordings/director_outputs/director_output_1777925426.mp4,-1,,2026-04-13 02:12:01,False
2203,可可巴黎直发 自然色（带轻微发色）,1,director,2,2,,/Users/claw/work/douyin-recorder/backend/../recordings/director_outputs/director_output_1779130734.mp4,2,/Users/claw/work/douyin-recorder/backend/../recordings/director_outputs/director_output_1779137296.mp4,2026-04-13 02:37:22,False
2204,人参/氧气粒子全头套 黑色/红色,1,director,2,2,,/Users/claw/work/douyin-recorder/backend/../recordings/director_outputs/director_output_1778882884.mp4,-1,,2026-04-13 02:41:15,False
2205,人参中分卷发 深棕浅色混合,1,director,2,2,,/Users/claw/work/douyin-recorder/backend/../recordings/director_outputs/director_output_1778882755.mp4,2,/Users/claw/work/douyin-recorder/backend/../recordings/director_outputs/director_output_1778882652.mp4,2026-04-13 02:45:38,False
2206,海藻卷长卷发 灰粉渐变色,2,director,2,2,,/Users/claw/work/douyin-recorder/backend/../recordings/director_outputs/director_output_1777925626.mp4,-1,,2026-04-13 03:02:21,False
2207,超高层次修饰直发/卷发多款 灰白色（暖灰粉调）、棕色、绿色,1,director,2,2,,/Users/claw/work/douyin-recorder/backend/../recordings/director_outputs/director_output_1779130744.mp4,-1,,2026-04-13 03:08:52,False
2208,长直发/公主头全扎款 蜜棕色,2,director,2,2,,/Users/claw/work/douyin-recorder/backend/../recordings/director_outputs/director_output_1777925743.mp4,-1,,2026-04-13 03:15:55,False
2209,齐刘海直发/中分直发 黑巧克力色,2,director,2,2,,/Users/claw/work/douyin-recorder/backend/../recordings/director_outputs/director_output_1777925908.mp4,2,/Users/claw/work/douyin-recorder/backend/../recordings/director_outputs/director_output_1779017172.mp4,2026-04-13 03:21:33,False
2210,灰金色、粉色,2,director,2,2,,/Users/claw/work/douyin-recorder/backend/../recordings/director_outputs/director_output_1777925984.mp4,2,/Users/claw/work/douyin-recorder/backend/../recordings/director_outputs/director_output_1779017394.mp4,2026-04-13 03:34:20,False
2211,微卷韩风长发（一号链接主推款） 黑色、黑茶色、无辜冷茶色、黑莓色、咖啡豆色,2,director,2,2,,/Users/claw/work/douyin-recorder/backend/../recordings/director_outputs/director_output_1777926249.mp4,-1,,2026-04-13 03:41:38,False
2212,芝士仿递针直发/沉睡公主卷发 白金色、奶茶金、月光贝母,1,director,2,2,,/Users/claw/work/douyin-recorder/backend/../recordings/director_outputs/director_output_1778882608.mp4,2,/Users/claw/work/douyin-recorder/backend/../recordings/director_outputs/director_output_1778882505.mp4,2026-04-13 03:45:49,False
2213,齐刘海长直发 蜂蜜茶棕色,2,director,2,2,,/Users/claw/work/douyin-recorder/backend/../recordings/director_outputs/director_output_1777926294.mp4,-1,,2026-04-13 03:59:35,False
2214,满棕芝士卷发（仿递针工艺精修款） 满棕/日系暖棕色,1,director,2,2,,/Users/claw/work/douyin-recorder/backend/../recordings/director_outputs/director_output_1778882451.mp4,2,/Users/claw/work/douyin-recorder/backend/../recordings/director_outputs/director_output_1778882383.mp4,2026-04-13 04:04:58,False
2215,蛋卷短发,1,director,2,2,,/Users/claw/work/douyin-recorder/backend/../recordings/director_outputs/director_output_1778882280.mp4,2,/Users/claw/work/douyin-recorder/backend/../recordings/director_outputs/director_output_1778882236.mp4,2026-04-13 04:08:41,False
2216,芝士厚刘海短发、雨琪短发波波头 黑茶色、渐变挑染,1,director,2,2,,/Users/claw/work/douyin-recorder/backend/../recordings/director_outputs/director_output_1778882126.mp4,2,/Users/claw/work/douyin-recorder/backend/../recordings/director_outputs/director_output_1778882102.mp4,2026-04-13 04:15:20,False
2217,氧气粒子卷 栗子色,1,director,2,2,,/Users/claw/work/douyin-recorder/backend/../recordings/director_outputs/director_output_1778881977.mp4,2,/Users/claw/work/douyin-recorder/backend/../recordings/director_outputs/director_output_1778881947.mp4,2026-04-13 04:19:02,False
2218,彩色半假发/齐刘海假发 灰紫色,1,director,2,2,,/Users/claw/work/douyin-recorder/backend/../recordings/director_outputs/director_output_1778881814.mp4,2,/Users/claw/work/douyin-recorder/backend/../recordings/director_outputs/director_output_1778881792.mp4,2026-04-13 04:21:26,False
2220,仿皮针工艺齐刘海直发 粒子棕,1,director,2,2,,/Users/claw/work/douyin-recorder/backend/../recordings/director_outputs/director_output_1778881547.mp4,2,/Users/claw/work/douyin-recorder/backend/../recordings/director_outputs/director_output_1778881538.mp4,2026-04-13 04:32:30,False
2221,黑长直齐刘海全头套 自然黑,1,director,2,2,,/Users/claw/work/douyin-recorder/backend/../recordings/director_outputs/director_output_1778881416.mp4,2,/Users/claw/work/douyin-recorder/backend/../recordings/director_outputs/director_output_1778881389.mp4,2026-04-13 04:34:06,False
2222,齐刘海中分假发 浅金色,1,director,2,2,,/Users/claw/work/douyin-recorder/backend/../recordings/director_outputs/director_output_1778881269.mp4,2,/Users/claw/work/douyin-recorder/backend/../recordings/director_outputs/director_output_1778881245.mp4,2026-04-13 04:35:19,False
2224,芝士茶棕中分直发/蛋卷卷发/齐刘海 茶棕色,1,director,2,2,,/Users/claw/work/douyin-recorder/backend/../recordings/director_outputs/director_output_1778881004.mp4,2,/Users/claw/work/douyin-recorder/backend/../recordings/director_outputs/director_output_1778881013.mp4,2026-04-13 04:42:41,False
2225,微卷中长发（齐刘海/中分） 蜂蜜棕/黑棕/油画脏橘/比熊金棕,2,director,2,2,,/Users/claw/work/douyin-recorder/backend/../recordings/director_outputs/director_output_1777942000.mp4,-1,,2026-04-13 04:52:23,False
2226,中分/齐刘海渐变卷发 灰粉纱金渐变色,2,director,2,2,,/Users/claw/work/douyin-recorder/backend/../recordings/director_outputs/director_output_1777941910.mp4,2,/Users/claw/work/douyin-recorder/backend/../recordings/director_outputs/director_output_1779008935.mp4,2026-04-13 04:54:55,False
2227,碎晶晶羊毛卷 粉调灰色,1,director,2,2,,/Users/claw/work/douyin-recorder/backend/../recordings/director_outputs/director_output_1777941754.mp4,2,/Users/claw/work/douyin-recorder/backend/../recordings/director_outputs/director_output_1779008988.mp4,2026-04-13 05:02:25,False
2229,氧气粒子卷发 粒子棕,1,director,2,2,,/Users/claw/work/douyin-recorder/backend/../recordings/director_outputs/director_output_1777941672.mp4,2,/Users/claw/work/douyin-recorder/backend/../recordings/director_outputs/director_output_1779008992.mp4,2026-04-14 09:53:55,False
2230,大波浪卷发（猎人款/中长发） 蓝色/橘色/奶黄色,1,director,2,2,,/Users/claw/work/douyin-recorder/backend/../recordings/director_outputs/director_output_1777941528.mp4,-1,,2026-04-14 09:56:02,False
2231,红色华丽长卷发 酒红色,1,director,2,2,,/Users/claw/work/douyin-recorder/backend/../recordings/director_outputs/director_output_1777941481.mp4,2,/Users/claw/work/douyin-recorder/backend/../recordings/director_outputs/director_output_1779009278.mp4,2026-04-14 09:59:39,False
2232,精修全头皮长直发 黑茶色,1,director,2,2,,/Users/claw/work/douyin-recorder/backend/../recordings/director_outputs/director_output_1778880864.mp4,2,/Users/claw/work/douyin-recorder/backend/../recordings/director_outputs/director_output_1778880831.mp4,2026-04-14 10:10:45,False
2233,蓝眼泪蓝色中长卷发 蓝色,1,director,2,2,,/Users/claw/work/douyin-recorder/backend/../recordings/director_outputs/director_output_1777941149.mp4,2,/Users/claw/work/douyin-recorder/backend/../recordings/director_outputs/director_output_1779009284.mp4,2026-04-14 10:14:46,False
2234,奇乐号/知识/古岛甜心 蓝色/茶冬色,1,director,2,2,,/Users/claw/work/douyin-recorder/backend/../recordings/director_outputs/director_output_1777941101.mp4,2,/Users/claw/work/douyin-recorder/backend/../recordings/director_outputs/director_output_1779009387.mp4,2026-04-14 10:21:48,False
2236,中长卷发（可可芭蕾色） 可可芭蕾（茶棕偏金中性浅色）,1,director,2,2,,/Users/claw/work/douyin-recorder/backend/../recordings/director_outputs/director_output_1777940924.mp4,2,/Users/claw/work/douyin-recorder/backend/../recordings/director_outputs/director_output_1779009455.mp4,2026-04-14 10:26:28,False
2237,高丸子头/双马尾/沙灰子中分发 奶茶色/黑茶色,1,director,2,2,,/Users/claw/work/douyin-recorder/backend/../recordings/director_outputs/director_output_1777940867.mp4,2,/Users/claw/work/douyin-recorder/backend/../recordings/director_outputs/director_output_1779009732.mp4,2026-04-14 10:28:41,False
2238,大卷全头套 奶茶色,1,director,2,2,,/Users/claw/work/douyin-recorder/backend/../recordings/director_outputs/director_output_1777940648.mp4,-1,,2026-04-14 10:30:54,False
2240,中分卷发（掌机链/古早甜心） 脏橘色,1,director,2,2,,/Users/claw/work/douyin-recorder/backend/../recordings/director_outputs/director_output_1777940610.mp4,2,/Users/claw/work/douyin-recorder/backend/../recordings/director_outputs/director_output_1779009800.mp4,2026-04-14 10:34:28,False
2242,柔柔（公主头造型长发）,1,director,2,2,,/Users/claw/work/douyin-recorder/backend/../recordings/director_outputs/director_output_1777940355.mp4,-1,,2026-04-14 13:38:30,False
2244,短发、丸子头、偏分造型 黑茶色、深棕,1,director,2,2,,/Users/claw/work/douyin-recorder/backend/../recordings/director_outputs/director_output_1777940347.mp4,2,/Users/claw/work/douyin-recorder/backend/../recordings/director_outputs/director_output_1779009913.mp4,2026-04-14 15:27:55,False
2245,短发翘翘头,1,director,2,2,,/Users/claw/work/douyin-recorder/backend/../recordings/director_outputs/director_output_1777940157.mp4,2,/Users/claw/work/douyin-recorder/backend/../recordings/director_outputs/director_output_1779010025.mp4,2026-04-14 15:30:33,False
2246,短短粒子、丸子头高马尾 黑茶色,1,director,2,2,,/Users/claw/work/douyin-recorder/backend/../recordings/director_outputs/director_output_1777940128.mp4,2,/Users/claw/work/douyin-recorder/backend/../recordings/director_outputs/director_output_1779010098.mp4,2026-04-14 15:34:35,False
2248,奇罗哈尔中分款 粉色褪色感,1,director,2,2,,/Users/claw/work/douyin-recorder/backend/../recordings/director_outputs/director_output_1777939914.mp4,2,/Users/claw/work/douyin-recorder/backend/../recordings/director_outputs/director_output_1779010222.mp4,2026-04-14 15:45:22,False
2249,公主切 蓝色,1,director,2,2,,/Users/claw/work/douyin-recorder/backend/../recordings/director_outputs/director_output_1777939863.mp4,2,/Users/claw/work/douyin-recorder/backend/../recordings/director_outputs/director_output_1779010335.mp4,2026-04-14 15:59:45,False
2252,粒子卷 黑色、氧气粒子色,1,director,-2,2,,/Users/claw/work/douyin-recorder/backend/../recordings/director_outputs/director_output_1779130232.mp4,-1,,2026-04-15 09:07:03,False
2253,平T款卷发（Ella同款升级版） 深棕色,1,director,2,2,导演版视频时长不足30s（历史数据清理）: 24.9s,/Users/claw/work/douyin-recorder/backend/../recordings/director_outputs/director_output_1776528600.mp4,2,/Users/claw/work/douyin-recorder/backend/../recordings/director_outputs/director_output_1776535999.mp4,2026-04-15 09:14:37,False
2255,最精简卷发 浅色,1,director,2,2,,/Users/claw/work/douyin-recorder/backend/../recordings/director_outputs/director_output_1776528549.mp4,2,/Users/claw/work/douyin-recorder/backend/../recordings/director_outputs/director_output_1776535868.mp4,2026-04-15 13:46:48,False
2256,造型卷短发（八字刘海） 灰白混合调,1,director,2,2,,/Users/claw/work/douyin-recorder/backend/../recordings/director_outputs/director_output_1776528492.mp4,2,/Users/claw/work/douyin-recorder/backend/../recordings/director_outputs/director_output_1776535733.mp4,2026-04-15 13:53:36,False
2257,巧克力色,2,director,2,2,,/Users/claw/work/douyin-recorder/backend/../recordings/director_outputs/director_output_1779130123.mp4,2,/Users/claw/work/douyin-recorder/backend/../recordings/director_outputs/director_output_1779136805.mp4,2026-04-15 17:07:16,False
2258,卷发 树莓红,2,director,-2,2,,/Users/claw/work/douyin-recorder/backend/../recordings/director_outputs/director_output_1779130030.mp4,-1,,2026-04-15 17:09:13,False
2259,紫色、自然色,2,director,-2,2,,/Users/claw/work/douyin-recorder/backend/../recordings/director_outputs/director_output_1779130011.mp4,-1,,2026-04-15 17:13:26,False
2260,长款卷发 沉金棕色,2,director,2,2,,/Users/claw/work/douyin-recorder/backend/../recordings/director_outputs/director_output_1777939667.mp4,2,/Users/claw/work/douyin-recorder/backend/../recordings/director_outputs/director_output_1779010460.mp4,2026-04-15 17:17:53,False
2261,长直发（可扎发造型） 黑巧克力色,2,director,-2,2,,/Users/claw/work/douyin-recorder/backend/../recordings/director_outputs/director_output_1779129712.mp4,-1,,2026-04-15 17:19:49,False
2262,柔柔七六号粉色卷发 粉色（含灰调）,1,director,2,2,,/Users/claw/work/douyin-recorder/backend/../recordings/director_outputs/director_output_1777939622.mp4,2,/Users/claw/work/douyin-recorder/backend/../recordings/director_outputs/director_output_1779010521.mp4,2026-04-15 17:33:11,False
2263,赏金恋人淡卷假发 橘色,1,director,2,2,,/Users/claw/work/douyin-recorder/backend/../recordings/director_outputs/director_output_1777939429.mp4,2,/Users/claw/work/douyin-recorder/backend/../recordings/director_outputs/director_output_1779010642.mp4,2026-04-15 17:39:39,False
2264,赛博豆包（仿地争短发）,1,director,2,2,,/Users/claw/work/douyin-recorder/backend/../recordings/director_outputs/director_output_1777939360.mp4,2,/Users/claw/work/douyin-recorder/backend/../recordings/director_outputs/director_output_1779010773.mp4,2026-04-15 17:45:30,False
2265,赏金链中分卷发 脏橘色,1,director,2,2,,/Users/claw/work/douyin-recorder/backend/../recordings/director_outputs/director_output_1777939227.mp4,2,/Users/claw/work/douyin-recorder/backend/../recordings/director_outputs/director_output_1779010969.mp4,2026-04-15 18:04:53,False
2268,古早恒星齐刘海中长款 古早混血感浅棕色,1,director,2,2,,/Users/claw/work/douyin-recorder/backend/../recordings/director_outputs/director_output_1777939088.mp4,2,/Users/claw/work/douyin-recorder/backend/../recordings/director_outputs/director_output_1779011028.mp4,2026-04-15 18:29:09,False
2269,日系宽齐刘海直发 自然黑,1,director,2,2,,/Users/claw/work/douyin-recorder/backend/../recordings/director_outputs/director_output_1777938908.mp4,-1,,2026-04-15 18:34:35,False
2271,短短粒子短发 深色,1,director,2,2,,/Users/claw/work/douyin-recorder/backend/../recordings/director_outputs/director_output_1777938728.mp4,2,/Users/claw/work/douyin-recorder/backend/../recordings/director_outputs/director_output_1779011353.mp4,2026-04-15 18:47:16,False
2272,人生诱饭长（夺回人生） 深浅棕混色（有层次感）,1,director,2,2,,/Users/claw/work/douyin-recorder/backend/../recordings/director_outputs/director_output_1777938638.mp4,-1,,2026-04-15 18:52:27,False
2274,可可芭蕾直发 自然黑,1,director,2,2,,/Users/claw/work/douyin-recorder/backend/../recordings/director_outputs/director_output_1777938474.mp4,-1,,2026-04-15 19:06:25,False
2275,卷发/直发多款假发 棕色,1,director,2,2,,/Users/claw/work/douyin-recorder/backend/../recordings/director_outputs/director_output_1777938358.mp4,-1,,2026-04-15 19:12:13,False
2276,斜刘海双麻花辫、氧气粒子,1,director,2,2,,/Users/claw/work/douyin-recorder/backend/../recordings/director_outputs/director_output_1777938159.mp4,-1,,2026-04-15 19:17:08,False
2278,微卷长发（78cm仿地针款） 蜂蜜茶棕色,2,director,2,2,,/Users/claw/work/douyin-recorder/backend/../recordings/director_outputs/director_output_1777938110.mp4,2,/Users/claw/work/douyin-recorder/backend/../recordings/director_outputs/director_output_1779012107.mp4,2026-04-15 19:35:06,False
2279,卷发、直发、仿地装指发多款 奶茶米灰、红色调、浅棕,1,director,2,2,,/Users/claw/work/douyin-recorder/backend/../recordings/director_outputs/director_output_1777937973.mp4,-1,,2026-04-15 19:47:36,False
2280,中分卷发（裁发前/17号款） 棕色,1,director,2,2,,/Users/claw/work/douyin-recorder/backend/../recordings/director_outputs/director_output_1777937858.mp4,2,/Users/claw/work/douyin-recorder/backend/../recordings/director_outputs/director_output_1779012113.mp4,2026-04-15 19:52:16,False
2281,美杜莎大卷长发 红色,1,director,2,2,,/Users/claw/work/douyin-recorder/backend/../recordings/director_outputs/director_output_1777937647.mp4,2,/Users/claw/work/douyin-recorder/backend/../recordings/director_outputs/director_output_1779012456.mp4,2026-04-15 19:56:49,False
2282,中分直发全头套 黑巧克力棕色,2,director,2,2,,/Users/claw/work/douyin-recorder/backend/../recordings/director_outputs/director_output_1777937601.mp4,2,/Users/claw/work/douyin-recorder/backend/../recordings/director_outputs/director_output_1779012536.mp4,2026-04-15 20:07:34,False
2283,短卷发（淡淡卷35厘米肩部款） 暹罗色/白咖挑染/黑茶色,2,director,2,2,,/Users/claw/work/douyin-recorder/backend/../recordings/director_outputs/director_output_1777937466.mp4,2,/Users/claw/work/douyin-recorder/backend/../recordings/director_outputs/director_output_1779012596.mp4,2026-04-15 20:16:00,False
2284,高层次直发（75厘米） 黑巧克力色,2,director,2,2,,/Users/claw/work/douyin-recorder/backend/../recordings/director_outputs/director_output_1777937259.mp4,2,/Users/claw/work/douyin-recorder/backend/../recordings/director_outputs/director_output_1779012939.mp4,2026-04-15 20:24:07,False
2286,微卷长发（75cm） 树莓红,2,director,2,2,,/Users/claw/work/douyin-recorder/backend/../recordings/director_outputs/director_output_1777937208.mp4,2,/Users/claw/work/douyin-recorder/backend/../recordings/director_outputs/director_output_1779013017.mp4,2026-04-15 20:40:28,False
2288,日常直发（可扎可披） 红腻茶色,2,director,2,2,,/Users/claw/work/douyin-recorder/backend/../recordings/director_outputs/director_output_1777936976.mp4,2,/Users/claw/work/douyin-recorder/backend/../recordings/director_outputs/director_output_1779013080.mp4,2026-04-15 20:54:33,False
2289,海藻卷 粉色,2,director,2,2,,/Users/claw/work/douyin-recorder/backend/../recordings/director_outputs/director_output_1777936901.mp4,2,/Users/claw/work/douyin-recorder/backend/../recordings/director_outputs/director_output_1779013283.mp4,2026-04-15 20:58:30,False
2290,短卷发/白金卷卷 白金色、咖啡豆色、巧克力色,2,director,2,2,,/Users/claw/work/douyin-recorder/backend/../recordings/director_outputs/director_output_1777943046.mp4,2,/Users/claw/work/douyin-recorder/backend/../recordings/director_outputs/director_output_1779013353.mp4,2026-04-15 21:34:56,False
2292,直发,2,director,2,2,,/Users/claw/work/douyin-recorder/backend/../recordings/director_outputs/director_output_1777942815.mp4,2,/Users/claw/work/douyin-recorder/backend/../recordings/director_outputs/director_output_1779013527.mp4,2026-04-15 21:58:57,False
2293,蜂蜜茶色,2,director,2,2,,/Users/claw/work/douyin-recorder/backend/../recordings/director_outputs/director_output_1777936628.mp4,2,/Users/claw/work/douyin-recorder/backend/../recordings/director_outputs/director_output_1779013757.mp4,2026-04-15 22:01:07,False
2299,水光绸缎微卷发 黑色,2,director,2,2,,/Users/claw/work/douyin-recorder/backend/../recordings/director_outputs/director_output_1777954688.mp4,2,/Users/claw/work/douyin-recorder/backend/../recordings/director_outputs/director_output_1777959907.mp4,2026-04-16 06:57:26,False
2300,灰金小卷长发 灰金,2,director,2,2,,/Users/claw/work/douyin-recorder/backend/../recordings/director_outputs/director_output_1777936357.mp4,2,/Users/claw/work/douyin-recorder/backend/../recordings/director_outputs/director_output_1777952075.mp4,2026-04-16 07:05:05,False
2304,六十厘米高层次通勤直发 黑茶色,2,director,2,2,,/Users/claw/work/douyin-recorder/backend/../recordings/director_outputs/director_output_1777936187.mp4,2,/Users/claw/work/douyin-recorder/backend/../recordings/director_outputs/director_output_1777951341.mp4,2026-04-16 07:40:23,False
2308,多款卷发（旋卷、多回、沙灰紫等） 奶茶色、棕色、沙灰色,1,director,2,2,,/Users/claw/work/douyin-recorder/backend/../recordings/director_outputs/director_output_1777936063.mp4,-1,,2026-04-16 08:49:45,False
2310,凌乱卷短发（八字刘海） 白金色,1,director,2,2,,/Users/claw/work/douyin-recorder/backend/../recordings/director_outputs/director_output_1777935985.mp4,2,/Users/claw/work/douyin-recorder/backend/../recordings/director_outputs/director_output_1777950285.mp4,2026-04-16 10:21:25,False
2312,中长层次内扣直发 黑棕色,2,director,2,2,,/Users/claw/work/douyin-recorder/backend/../recordings/director_outputs/director_output_1777935839.mp4,2,/Users/claw/work/douyin-recorder/backend/../recordings/director_outputs/director_output_1777949944.mp4,2026-04-16 11:50:09,False
2313,针颅顶加前额蕾丝大蛋卷卷发 树莓红、焦糖棕,2,director,2,2,,/Users/claw/work/douyin-recorder/backend/../recordings/director_outputs/director_output_1776528228.mp4,2,/Users/claw/work/douyin-recorder/backend/../recordings/director_outputs/director_output_1776535018.mp4,2026-04-16 12:01:08,False
2315,九号中长卷发（海藻卷） 灰紫色,2,director,2,2,,/Users/claw/work/douyin-recorder/backend/../recordings/director_outputs/director_output_1777935768.mp4,2,/Users/claw/work/douyin-recorder/backend/../recordings/director_outputs/director_output_1777949688.mp4,2026-04-16 12:18:00,False
2316,无辜卷卷/蛋蛋卷短发 冷茶色/咖啡豆/鲜罗/红辣椒,2,director,2,2,,/Users/claw/work/douyin-recorder/backend/../recordings/director_outputs/director_output_1777935639.mp4,2,/Users/claw/work/douyin-recorder/backend/../recordings/director_outputs/director_output_1777949428.mp4,2026-04-16 13:37:31,False
2317,微卷中长发 黑棕色,2,director,2,2,,/Users/claw/work/douyin-recorder/backend/../recordings/director_outputs/director_output_1777744806.mp4,2,/Users/claw/work/douyin-recorder/backend/../recordings/director_outputs/director_output_1777769390.mp4,2026-04-16 13:53:46,False
2321,沙绘子短卷发（一刀切绕耳款） 奶茶色/深茶多/香槟色,1,director,2,2,,/Users/claw/work/douyin-recorder/backend/../recordings/director_outputs/director_output_1777935561.mp4,-1,,2026-04-17 04:23:53,False
2323,侧腕子高腕子头 栗子棕,1,director,2,2,,/Users/claw/work/douyin-recorder/backend/../recordings/director_outputs/director_output_1777954170.mp4,2,/Users/claw/work/douyin-recorder/backend/../recordings/director_outputs/director_output_1777956774.mp4,2026-04-17 18:00:01,False
2324,仿地珍长发假发 灰色,1,director,2,2,,/Users/claw/work/douyin-recorder/backend/../recordings/director_outputs/director_output_1777935399.mp4,-1,,2026-04-17 18:22:29,False
2325,玫瑰金中分卷发 玫瑰金,1,director,2,2,,/Users/claw/work/douyin-recorder/backend/../recordings/director_outputs/director_output_1776528115.mp4,2,/Users/claw/work/douyin-recorder/backend/../recordings/director_outputs/director_output_1776534753.mp4,2026-04-17 19:33:45,False
2326,碎金金卷发 粉调灰烬色,1,director,2,2,,/Users/claw/work/douyin-recorder/backend/../recordings/director_outputs/director_output_1777935158.mp4,2,/Users/claw/work/douyin-recorder/backend/../recordings/director_outputs/director_output_1777948524.mp4,2026-04-17 19:46:50,False
2327,氧气粒子卷发 自然棕（正头发色）,1,director,2,2,,/Users/claw/work/douyin-recorder/backend/../recordings/director_outputs/director_output_1776527957.mp4,2,/Users/claw/work/douyin-recorder/backend/../recordings/director_outputs/director_output_1776534613.mp4,2026-04-17 20:48:37,False
2328,一号领巾许妍款长直发,2,director,2,2,,/Users/claw/work/douyin-recorder/backend/../recordings/director_outputs/director_output_1776527888.mp4,2,/Users/claw/work/douyin-recorder/backend/../recordings/director_outputs/director_output_1776534499.mp4,2026-04-17 21:02:50,False
2329,小蛋卷短卷发（咖啡豆） 焦糖暖棕,2,director,2,2,,/Users/claw/work/douyin-recorder/backend/../recordings/director_outputs/director_output_1776527827.mp4,2,/Users/claw/work/douyin-recorder/backend/../recordings/director_outputs/director_output_1776534387.mp4,2026-04-17 21:26:09,False
2330,中长凌乱造型卷发,1,director,2,2,导演版视频时长不足30s（历史数据清理）: 25.0s,/Users/claw/work/douyin-recorder/backend/../recordings/director_outputs/director_output_1776527747.mp4,2,/Users/claw/work/douyin-recorder/backend/../recordings/director_outputs/director_output_1776534271.mp4,2026-04-17 22:28:02,False
2331,卷发 深色,1,director,2,2,,/Users/claw/work/douyin-recorder/backend/../recordings/director_outputs/director_output_1776527657.mp4,2,/Users/claw/work/douyin-recorder/backend/../recordings/director_outputs/director_output_1776534151.mp4,2026-04-17 22:30:26,False
2332,短发假发,1,director,2,2,,/Users/claw/work/douyin-recorder/backend/../recordings/director_outputs/director_output_1777935101.mp4,2,/Users/claw/work/douyin-recorder/backend/../recordings/director_outputs/director_output_1777948326.mp4,2026-04-17 22:32:01,False
2333,短短粒子短发 深棕色,1,director,2,2,,/Users/claw/work/douyin-recorder/backend/../recordings/director_outputs/director_output_1776527467.mp4,2,/Users/claw/work/douyin-recorder/backend/../recordings/director_outputs/director_output_1776533889.mp4,2026-04-17 22:35:13,False
2334,氧气荔枝卷发,1,director,2,2,,/Users/claw/work/douyin-recorder/backend/../recordings/director_outputs/director_output_1776594411.mp4,2,/Users/claw/work/douyin-recorder/backend/../recordings/director_outputs/director_output_1776533633.mp4,2026-04-17 22:38:10,False
2335,齐刘海短发（古早亭款） 深色千禧复古发色,1,director,2,2,导演版视频时长不足30s（历史数据清理）: 29.7s,/Users/claw/work/douyin-recorder/backend/../recordings/director_outputs/director_output_1776527419.mp4,2,/Users/claw/work/douyin-recorder/backend/../recordings/director_outputs/director_output_1776533753.mp4,2026-04-17 22:40:33,False
2336,长直发（75厘米） 西柚粉金色,2,director,2,2,,/Users/claw/work/douyin-recorder/backend/../recordings/director_outputs/director_output_1776527257.mp4,2,/Users/claw/work/douyin-recorder/backend/../recordings/director_outputs/director_output_1776533509.mp4,2026-04-17 22:43:24,False
2337,九环节中分假发,1,director,-2,2,导演版视频时长不足30s（历史数据清理）: 26.7s,/Users/claw/work/douyin-recorder/backend/../recordings/director_outputs/director_output_1776527120.mp4,2,/Users/claw/work/douyin-recorder/backend/../recordings/director_outputs/director_output_1776533361.mp4,2026-04-17 22:50:11,False
2338,锁回黑色、人生棕色、夺回黑茶 黑色、黑茶色、棕色,1,director,2,2,,/Users/claw/work/douyin-recorder/backend/../recordings/director_outputs/director_output_1776527022.mp4,2,/Users/claw/work/douyin-recorder/backend/../recordings/director_outputs/director_output_1776533237.mp4,2026-04-17 22:52:24,False
2339,中长卷发（一号/二号款） 蜜棕色/灰粉色,2,director,2,2,,/Users/claw/work/douyin-recorder/backend/../recordings/director_outputs/director_output_1776527184.mp4,2,/Users/claw/work/douyin-recorder/backend/../recordings/director_outputs/director_output_1776533118.mp4,2026-04-17 22:54:23,False
2340,海藻卷长发（75cm） 灰粉纱金渐变色（蜜桃乌龙）,2,director,2,2,,/Users/claw/work/douyin-recorder/backend/../recordings/director_outputs/director_output_1776526910.mp4,2,/Users/claw/work/douyin-recorder/backend/../recordings/director_outputs/director_output_1776533007.mp4,2026-04-17 22:57:07,False
2341,微卷长发全头套 蜂蜜茶棕/西柚粉,2,director,2,2,,/Users/claw/work/douyin-recorder/backend/../recordings/director_outputs/director_output_1776526858.mp4,2,/Users/claw/work/douyin-recorder/backend/../recordings/director_outputs/director_output_1776532878.mp4,2026-04-17 23:03:40,False
2342,粉红泡芙、氧气粒子 粉色、粒子色,1,director,2,2,导演版视频时长不足30s（历史数据清理）: 27.5s,/Users/claw/work/douyin-recorder/backend/../recordings/director_outputs/director_output_1776526726.mp4,2,/Users/claw/work/douyin-recorder/backend/../recordings/director_outputs/director_output_1776532580.mp4,2026-04-17 23:09:05,False
2343,中分直发、七楼号卷发 黑巧克力色,2,director,2,2,,/Users/claw/work/douyin-recorder/backend/../recordings/director_outputs/director_output_1776526769.mp4,2,/Users/claw/work/douyin-recorder/backend/../recordings/director_outputs/director_output_1776532726.mp4,2026-04-17 23:11:05,False
2344,财阀现金（小头围款） 黑色、黑茶色,1,director,2,2,,/Users/claw/work/douyin-recorder/backend/../recordings/director_outputs/director_output_1776526635.mp4,2,/Users/claw/work/douyin-recorder/backend/../recordings/director_outputs/director_output_1776532446.mp4,2026-04-17 23:14:23,False
2345,淡淡卷一刀切短发 焦糖暖棕,2,director,2,2,,/Users/claw/work/douyin-recorder/backend/../recordings/director_outputs/director_output_1776526581.mp4,2,/Users/claw/work/douyin-recorder/backend/../recordings/director_outputs/director_output_1776532353.mp4,2026-04-17 23:17:03,False
2346,粉色海藻卷长发 灰粉色,2,director,2,2,,/Users/claw/work/douyin-recorder/backend/../recordings/director_outputs/director_output_1776526507.mp4,2,/Users/claw/work/douyin-recorder/backend/../recordings/director_outputs/director_output_1776532194.mp4,2026-04-17 23:21:38,False
2347,粉红泡芙,1,director,-2,2,,/Users/claw/work/douyin-recorder/backend/../recordings/director_outputs/director_output_1779129472.mp4,-1,,2026-04-17 23:21:57,False
2348,中长款微卷内扣直发 自然黑、黑茶色、红色,2,director,2,2,,/Users/claw/work/douyin-recorder/backend/../recordings/director_outputs/director_output_1776526393.mp4,2,/Users/claw/work/douyin-recorder/backend/../recordings/director_outputs/director_output_1776531893.mp4,2026-04-17 23:24:56,False
2349,可可芭蕾直发/卷发 栗色/茶棕色,1,director,2,2,,/Users/claw/work/douyin-recorder/backend/../recordings/director_outputs/director_output_1776526254.mp4,2,/Users/claw/work/douyin-recorder/backend/../recordings/director_outputs/director_output_1776531632.mp4,2026-04-17 23:27:10,False
2350,全头套中长发（樱花款） 黑茶色,2,director,2,2,,/Users/claw/work/douyin-recorder/backend/../recordings/director_outputs/director_output_1776526331.mp4,2,/Users/claw/work/douyin-recorder/backend/../recordings/director_outputs/director_output_1776531770.mp4,2026-04-17 23:28:05,False
2351,高层次直发（中分长直发） 西柚粉（橘粉色）,2,director,2,2,,/Users/claw/work/douyin-recorder/backend/../recordings/director_outputs/director_output_1776526197.mp4,2,/Users/claw/work/douyin-recorder/backend/../recordings/director_outputs/director_output_1776531511.mp4,2026-04-17 23:31:49,False
2352,大单卷长发 焦糖棕色,2,director,2,2,,/Users/claw/work/douyin-recorder/backend/../recordings/director_outputs/director_output_1776526119.mp4,2,/Users/claw/work/douyin-recorder/backend/../recordings/director_outputs/director_output_1776531368.mp4,2026-04-17 23:33:45,False
2353,卷发/中分直发/公主头 奶茶灰金色,2,director,2,2,,/Users/claw/work/douyin-recorder/backend/../recordings/director_outputs/director_output_1776526065.mp4,2,/Users/claw/work/douyin-recorder/backend/../recordings/director_outputs/director_output_1776531260.mp4,2026-04-17 23:37:59,False
2354,微卷长发 蜂蜜茶棕色,2,director,2,2,,/Users/claw/work/douyin-recorder/backend/../recordings/director_outputs/director_output_1776525977.mp4,2,/Users/claw/work/douyin-recorder/backend/../recordings/director_outputs/director_output_1776531120.mp4,2026-04-17 23:40:39,False
2355,焦糖色长卷发（8号/14号） 焦糖暖棕色,2,director,2,2,,/Users/claw/work/douyin-recorder/backend/../recordings/director_outputs/director_output_1776525910.mp4,2,/Users/claw/work/douyin-recorder/backend/../recordings/director_outputs/director_output_1776530986.mp4,2026-04-17 23:42:43,False
2356,拉美小卷微卷长发 豆沙粉棕,2,director,2,2,,/Users/claw/work/douyin-recorder/backend/../recordings/director_outputs/director_output_1776525841.mp4,2,/Users/claw/work/douyin-recorder/backend/../recordings/director_outputs/director_output_1776530864.mp4,2026-04-17 23:45:34,False
2357,中分直发/卷发多款 黑巧克力色/蜜棕色,2,director,2,2,,/Users/claw/work/douyin-recorder/backend/../recordings/director_outputs/director_output_1776525777.mp4,2,/Users/claw/work/douyin-recorder/backend/../recordings/director_outputs/director_output_1776530739.mp4,2026-04-17 23:47:28,False
2358,微卷长发（层次卷发） 蜂蜜茶棕色,2,director,2,2,,/Users/claw/work/douyin-recorder/backend/../recordings/director_outputs/director_output_1776525705.mp4,2,/Users/claw/work/douyin-recorder/backend/../recordings/director_outputs/director_output_1776530607.mp4,2026-04-17 23:48:32,False
2359,堆堆熊高层次卷发 琥珀黑棕,2,director,2,2,,/Users/claw/work/douyin-recorder/backend/../recordings/director_outputs/director_output_1776525656.mp4,2,/Users/claw/work/douyin-recorder/backend/../recordings/director_outputs/director_output_1776530500.mp4,2026-04-17 23:50:24,False
2360,西柚粉直发全头套 西柚粉橘粉色,2,director,2,2,,/Users/claw/work/douyin-recorder/backend/../recordings/director_outputs/director_output_1776525572.mp4,2,/Users/claw/work/douyin-recorder/backend/../recordings/director_outputs/director_output_1776530361.mp4,2026-04-17 23:54:17,False
2361,高层次比胸长卷发 橙金色,2,director,2,2,,/Users/claw/work/douyin-recorder/backend/../recordings/director_outputs/director_output_1776525519.mp4,2,/Users/claw/work/douyin-recorder/backend/../recordings/director_outputs/director_output_1776530224.mp4,2026-04-17 23:57:01,False
2362,中分直发/刘海直发 黑巧克力色,2,director,2,2,,/Users/claw/work/douyin-recorder/backend/../recordings/director_outputs/director_output_1776525267.mp4,2,/Users/claw/work/douyin-recorder/backend/../recordings/director_outputs/director_output_1776529825.mp4,2026-04-18 00:00:35,False
2363,80cm长直微卷发（十号水光黑） 黑茶色,2,director,2,2,,/Users/claw/work/douyin-recorder/backend/../recordings/director_outputs/director_output_1776525429.mp4,2,/Users/claw/work/douyin-recorder/backend/../recordings/director_outputs/director_output_1776530090.mp4,2026-04-18 00:02:26,False
2364,比熊卷发/中分长发/齐罗哈 陈金棕色,2,director,2,2,,/Users/claw/work/douyin-recorder/backend/../recordings/director_outputs/director_output_1776525207.mp4,2,/Users/claw/work/douyin-recorder/backend/../recordings/director_outputs/director_output_1776529689.mp4,2026-04-18 00:04:24,False
2365,9号中长直发免打理款 琥珀黑棕,2,director,2,2,,/Users/claw/work/douyin-recorder/backend/../recordings/director_outputs/director_output_1776525358.mp4,2,/Users/claw/work/douyin-recorder/backend/../recordings/director_outputs/director_output_1776529951.mp4,2026-04-18 00:05:24,False
2366,大蛋卷卷发 暗棕色/焦糖色,2,director,2,2,,/Users/claw/work/douyin-recorder/backend/../recordings/director_outputs/director_output_1776525143.mp4,2,/Users/claw/work/douyin-recorder/backend/../recordings/director_outputs/director_output_1776529557.mp4,2026-04-18 00:08:18,False
2367,灰粉色假发（二号链接款） 灰粉、西梅紫,2,director,2,2,,/Users/claw/work/douyin-recorder/backend/../recordings/director_outputs/director_output_1776559763.mp4,2,/Users/claw/work/douyin-recorder/backend/../recordings/director_outputs/director_output_1776529418.mp4,2026-04-18 00:10:05,False
2368,小卷发（海藻卷/微卷） 灰粉沙金渐变色,2,director,2,2,,/Users/claw/work/douyin-recorder/backend/../recordings/director_outputs/director_output_1776524910.mp4,2,/Users/claw/work/douyin-recorder/backend/../recordings/director_outputs/director_output_1776529141.mp4,2026-04-18 00:12:49,False
2369,长直发（75-80cm） 稀有粉灰色,2,director,2,2,,/Users/claw/work/douyin-recorder/backend/../recordings/director_outputs/director_output_1776525052.mp4,2,/Users/claw/work/douyin-recorder/backend/../recordings/director_outputs/director_output_1776560486.mp4,2026-04-18 00:14:15,False
2370,海藻卷长发全头套 灰粉沙金渐变色,2,director,2,2,,/Users/claw/work/douyin-recorder/backend/../recordings/director_outputs/director_output_1776524992.mp4,2,/Users/claw/work/douyin-recorder/backend/../recordings/director_outputs/director_output_1776529271.mp4,2026-04-18 00:16:11,False
2371,中长直发（9号款） 琥珀黑棕,2,director,2,2,,/Users/claw/work/douyin-recorder/backend/../recordings/director_outputs/director_output_1776524841.mp4,2,/Users/claw/work/douyin-recorder/backend/../recordings/director_outputs/director_output_1776529014.mp4,2026-04-18 00:18:00,False
2372,七件套麻绳半扎瀑布发 黑茶色,2,director,2,2,,/Users/claw/work/douyin-recorder/backend/../recordings/director_outputs/director_output_1776524770.mp4,2,/Users/claw/work/douyin-recorder/backend/../recordings/director_outputs/director_output_1776528884.mp4,2026-04-18 00:20:17,False
2373,黑巧克力,2,director,2,2,,/Users/claw/work/douyin-recorder/backend/../recordings/director_outputs/director_output_1776524703.mp4,2,/Users/claw/work/douyin-recorder/backend/../recordings/director_outputs/director_output_1776528773.mp4,2026-04-18 00:21:25,False
2374,长直发/微卷发（75-78cm） 蜂蜜茶棕、西又粉色,2,director,2,2,,/Users/claw/work/douyin-recorder/backend/../recordings/director_outputs/director_output_1776524634.mp4,2,/Users/claw/work/douyin-recorder/backend/../recordings/director_outputs/director_output_1776528655.mp4,2026-04-18 00:23:19,False
2375,公主头 粉色,2,director,2,2,,/Users/claw/work/douyin-recorder/backend/../recordings/director_outputs/director_output_1776524573.mp4,2,/Users/claw/work/douyin-recorder/backend/../recordings/director_outputs/director_output_1776528537.mp4,2026-04-18 00:24:17,False
2376,高层次蓬松卷发全头套 自然黑,2,director,2,2,,/Users/claw/work/douyin-recorder/backend/../recordings/director_outputs/director_output_1776524495.mp4,2,/Users/claw/work/douyin-recorder/backend/../recordings/director_outputs/director_output_1776528393.mp4,2026-04-18 00:26:16,False
2377,高层次中长直发 奶咖色/深棕色,2,director,2,2,,/Users/claw/work/douyin-recorder/backend/../recordings/director_outputs/director_output_1776524438.mp4,2,/Users/claw/work/douyin-recorder/backend/../recordings/director_outputs/director_output_1776560740.mp4,2026-04-18 00:29:15,False
2378,暗黑美杜莎羊毛卷 黑色,1,director,2,2,导演版视频时长不足30s（历史数据清理）: 25.7s,/Users/claw/work/douyin-recorder/backend/../recordings/director_outputs/director_output_1776524340.mp4,2,/Users/claw/work/douyin-recorder/backend/../recordings/director_outputs/director_output_1776528146.mp4,2026-04-18 00:31:49,False
2379,黑巧克力高层次长直发 黑巧克力色,2,director,2,2,,/Users/claw/work/douyin-recorder/backend/../recordings/director_outputs/director_output_1776524238.mp4,2,/Users/claw/work/douyin-recorder/backend/../recordings/director_outputs/director_output_1776527945.mp4,2026-04-18 00:35:42,False
2380,雨旗黑色新品 黑色,1,director,2,2,导演版视频时长不足30s（历史数据清理）: 26.6s,/Users/claw/work/douyin-recorder/backend/../recordings/director_outputs/director_output_1776524300.mp4,2,/Users/claw/work/douyin-recorder/backend/../recordings/director_outputs/director_output_1776528037.mp4,2026-04-18 00:39:50,False
2381,斜刘海直发/碎金金短发/索米缩密短发 浅色系（金色/橘色为主）,1,director,2,2,,/Users/claw/work/douyin-recorder/backend/../recordings/director_outputs/director_output_1776524180.mp4,2,/Users/claw/work/douyin-recorder/backend/../recordings/director_outputs/director_output_1776527814.mp4,2026-04-18 00:41:42,False
2382,碎晶晶羊毛卷仿地针假发 粉调灰色,1,director,2,2,,/Users/claw/work/douyin-recorder/backend/../recordings/director_outputs/director_output_1776524105.mp4,2,/Users/claw/work/douyin-recorder/backend/../recordings/director_outputs/director_output_1776527592.mp4,2026-04-18 00:43:41,False
2383,红色中长直发/狼尾发型 胭脂红/暖红,1,director,2,2,,/Users/claw/work/douyin-recorder/backend/../recordings/director_outputs/director_output_1776524058.mp4,2,/Users/claw/work/douyin-recorder/backend/../recordings/director_outputs/director_output_1776527491.mp4,2026-04-18 00:46:28,False
2384,豆包一刀切短发 自然黑,1,director,2,2,,/Users/claw/work/douyin-recorder/backend/../recordings/director_outputs/director_output_1776523929.mp4,2,/Users/claw/work/douyin-recorder/backend/../recordings/director_outputs/director_output_1776527172.mp4,2026-04-18 00:49:25,False
2385,白金索米/松明铜款/暗黑美杜莎 白金色/铜色/暗黑色,1,director,2,2,导演版视频时长不足30s（历史数据清理）: 28.9s,/Users/claw/work/douyin-recorder/backend/../recordings/director_outputs/director_output_1776523969.mp4,2,/Users/claw/work/douyin-recorder/backend/../recordings/director_outputs/director_output_1776527291.mp4,2026-04-18 00:52:26,False
2386,赛博斗包/风帕子/仿地针短发 黑茶色、黑色,1,director,2,2,,/Users/claw/work/douyin-recorder/backend/../recordings/director_outputs/director_output_1776559751.mp4,2,/Users/claw/work/douyin-recorder/backend/../recordings/director_outputs/director_output_1776527048.mp4,2026-04-18 00:55:10,False
2387,狼尾蕾丝仿地针假发 蓝色（亚特兰蒂斯蓝）,1,director,2,2,,/Users/claw/work/douyin-recorder/backend/../recordings/director_outputs/director_output_1776523844.mp4,2,/Users/claw/work/douyin-recorder/backend/../recordings/director_outputs/director_output_1776526931.mp4,2026-04-18 00:57:11,False
2388,雨季美毒纱卷发 渐变红紫色,1,director,2,2,,/Users/claw/work/douyin-recorder/backend/../recordings/director_outputs/director_output_1776523778.mp4,2,/Users/claw/work/douyin-recorder/backend/../recordings/director_outputs/director_output_1776526795.mp4,2026-04-18 00:58:52,False
2389,人脸萌Kiki凌乱层次卷发 黑茶/茶棕,1,director,2,2,,/Users/claw/work/douyin-recorder/backend/../recordings/director_outputs/director_output_1776523733.mp4,2,/Users/claw/work/douyin-recorder/backend/../recordings/director_outputs/director_output_1776526676.mp4,2026-04-18 01:01:00,False
2390,风板子内扣刘海假发 棕色、白金色、黑色,1,director,2,2,,/Users/claw/work/douyin-recorder/backend/../recordings/director_outputs/director_output_1776523649.mp4,2,/Users/claw/work/douyin-recorder/backend/../recordings/director_outputs/director_output_1776526568.mp4,2026-04-18 01:04:47,False
2391,氧气粒子卷/直发,1,director,2,2,,/Users/claw/work/douyin-recorder/backend/../recordings/director_outputs/director_output_1776523607.mp4,2,/Users/claw/work/douyin-recorder/backend/../recordings/director_outputs/director_output_1776526424.mp4,2026-04-18 01:06:00,False
2392,可可芭蕾中分卷发,1,director,2,2,导演版视频时长不足30s（历史数据清理）: 19.7s,/Users/claw/work/douyin-recorder/backend/../recordings/director_outputs/director_output_1776523500.mp4,2,/Users/claw/work/douyin-recorder/backend/../recordings/director_outputs/director_output_1776526265.mp4,2026-04-18 01:08:32,False
2393,微黄色,2,director,2,2,,/Users/claw/work/douyin-recorder/backend/../recordings/director_outputs/director_output_1777939144.mp4,-1,,2026-04-18 01:10:01,False
2394,氧气粒子（自然凌乱中长卷发） 栗子壳棕色,1,director,2,2,,/Users/claw/work/douyin-recorder/backend/../recordings/director_outputs/director_output_1776523394.mp4,2,/Users/claw/work/douyin-recorder/backend/../recordings/director_outputs/director_output_1776526016.mp4,2026-04-18 01:14:22,False
2396,三一顶骑刘海,2,director,-2,2,,/Users/claw/work/douyin-recorder/backend/../recordings/director_outputs/director_output_1779129417.mp4,-1,,2026-04-18 01:18:26,False
2397,齐头号/翘翘头/短短例子直发 白金色/奶油泡芙,1,director,2,2,,/Users/claw/work/douyin-recorder/backend/../recordings/director_outputs/director_output_1776523274.mp4,2,/Users/claw/work/douyin-recorder/backend/../recordings/director_outputs/director_output_1776525735.mp4,2026-04-18 01:22:16,False
2398,堆堆熊,2,director,2,2,,/Users/claw/work/douyin-recorder/backend/../recordings/director_outputs/director_output_1776523128.mp4,2,/Users/claw/work/douyin-recorder/backend/../recordings/director_outputs/director_output_1776525327.mp4,2026-04-18 01:23:40,False
2400,过胸长发,2,director,-2,2,,/Users/claw/work/douyin-recorder/backend/../recordings/director_outputs/director_output_1779129404.mp4,-1,,2026-04-18 01:25:54,False
2401,微卷长发 成金棕色,2,director,2,2,,/Users/claw/work/douyin-recorder/backend/../recordings/director_outputs/director_output_1776523054.mp4,2,/Users/claw/work/douyin-recorder/backend/../recordings/director_outputs/director_output_1776525194.mp4,2026-04-18 01:27:57,False
2402,羊毛卷 琥珀色,2,director,-2,2,,/Users/claw/work/douyin-recorder/backend/../recordings/director_outputs/director_output_1779129155.mp4,-1,,2026-04-18 01:29:31,False
2403,自然光色,2,director,-2,2,导演版视频时长不足30s（历史数据清理）: 15.0s,/Users/claw/work/douyin-recorder/backend/../recordings/director_outputs/director_output_1776522931.mp4,2,/Users/claw/work/douyin-recorder/backend/../recordings/director_outputs/director_output_1776524808.mp4,2026-04-18 01:32:12,False
2404,海藻卷 灰粉,2,director,2,2,导演版视频时长不足30s（历史数据清理）: 21.3s,/Users/claw/work/douyin-recorder/backend/../recordings/director_outputs/director_output_1776480905.mp4,2,/Users/claw/work/douyin-recorder/backend/../recordings/director_outputs/director_output_1776524953.mp4,2026-04-18 01:34:06,False
2405,韩系微卷长发,2,director,2,2,,/Users/claw/work/douyin-recorder/backend/../recordings/director_outputs/director_output_1776522904.mp4,2,/Users/claw/work/douyin-recorder/backend/../recordings/director_outputs/director_output_1776524661.mp4,2026-04-18 01:35:35,False
2407,粉色新款假发（女团稀油粉） 肉粉色（暖调浅粉）,1,director,2,2,,/Users/claw/work/douyin-recorder/backend/../recordings/director_outputs/director_output_1777934766.mp4,2,/Users/claw/work/douyin-recorder/backend/../recordings/director_outputs/director_output_1777947219.mp4,2026-04-18 08:11:54,False
2409,齐耳短发/直发 乌梅紫,1,director,2,2,,/Users/claw/work/douyin-recorder/backend/../recordings/director_outputs/director_output_1776522808.mp4,2,/Users/claw/work/douyin-recorder/backend/../recordings/director_outputs/director_output_1776524526.mp4,2026-04-18 08:33:16,False
2410,微卷中长发/大卷长发 琥珀黑棕/蜂蜜茶棕,2,director,2,2,,/Users/claw/work/douyin-recorder/backend/../recordings/director_outputs/director_output_1776522757.mp4,2,/Users/claw/work/douyin-recorder/backend/../recordings/director_outputs/director_output_1776524397.mp4,2026-04-18 08:42:54,False
2411,五指宽头皮仿地针假发 灰粉色,1,director,2,2,导演版视频时长不足30s（历史数据清理）: 26.8s,/Users/claw/work/douyin-recorder/backend/../recordings/director_outputs/director_output_1776522623.mp4,2,/Users/claw/work/douyin-recorder/backend/../recordings/director_outputs/director_output_1776524130.mp4,2026-04-18 08:50:47,False
2412,头顶补发片 自然色（18号）,1,director,2,2,,/Users/claw/work/douyin-recorder/backend/../recordings/director_outputs/director_output_1776522681.mp4,2,/Users/claw/work/douyin-recorder/backend/../recordings/director_outputs/director_output_1776524269.mp4,2026-04-18 08:57:35,False
2413,赏金人,1,director,2,2,,/Users/claw/work/douyin-recorder/backend/../recordings/director_outputs/director_output_1777934622.mp4,-1,,2026-04-18 08:58:45,False
2414,赏金链大卷发 茶棕色,1,director,2,2,,/Users/claw/work/douyin-recorder/backend/../recordings/director_outputs/director_output_1776691106.mp4,2,/Users/claw/work/douyin-recorder/backend/../recordings/director_outputs/director_output_1776523892.mp4,2026-04-18 09:08:08,False
2415,野生玫瑰金/夺回/氧气粒子等多款 野生玫瑰金、粉棕、米灰,1,director,2,2,,/Users/claw/work/douyin-recorder/backend/../recordings/director_outputs/director_output_1776522554.mp4,2,/Users/claw/work/douyin-recorder/backend/../recordings/director_outputs/director_output_1776524008.mp4,2026-04-18 09:16:14,False
2416,古早甜心 亚麻棕,1,director,2,2,,/Users/claw/work/douyin-recorder/backend/../recordings/director_outputs/director_output_1776522388.mp4,2,/Users/claw/work/douyin-recorder/backend/../recordings/director_outputs/director_output_1776523678.mp4,2026-04-18 09:23:43,False
2417,仿地针额线蕾丝假发 暖棕色/彩色系,1,director,2,2,,/Users/claw/work/douyin-recorder/backend/../recordings/director_outputs/director_output_1776522311.mp4,2,/Users/claw/work/douyin-recorder/backend/../recordings/director_outputs/director_output_1776523549.mp4,2026-04-18 09:31:02,False
2418,粉色卷发（野生玫瑰金） 粉色（褪色感）,1,director,2,2,,/Users/claw/work/douyin-recorder/backend/../recordings/director_outputs/director_output_1776522264.mp4,2,/Users/claw/work/douyin-recorder/backend/../recordings/director_outputs/director_output_1776523445.mp4,2026-04-18 09:37:48,False
2419,氧气粒子直发 自然棕（无红棕色调）,1,director,2,2,导演版视频时长不足30s（历史数据清理）: 28.1s,/Users/claw/work/douyin-recorder/backend/../recordings/director_outputs/director_output_1776522180.mp4,2,/Users/claw/work/douyin-recorder/backend/../recordings/director_outputs/director_output_1776523332.mp4,2026-04-18 09:44:26,False
2420,粉红泡芙短发 粉棕色,1,director,2,2,,/Users/claw/work/douyin-recorder/backend/../recordings/director_outputs/director_output_1776522136.mp4,2,/Users/claw/work/douyin-recorder/backend/../recordings/director_outputs/director_output_1776523206.mp4,2026-04-18 10:01:54,False
2421,可可芭蕾直发/短发 粉棕色/山茶棕（妈身感发色）,1,director,2,2,,/Users/claw/work/douyin-recorder/backend/../recordings/director_outputs/director_output_1776522017.mp4,2,/Users/claw/work/douyin-recorder/backend/../recordings/director_outputs/director_output_1776522956.mp4,2026-04-18 10:07:56,False
2422,紧修满头假发 深色,1,director,2,2,,/Users/claw/work/douyin-recorder/backend/../recordings/director_outputs/director_output_1776521948.mp4,2,/Users/claw/work/douyin-recorder/backend/../recordings/director_outputs/director_output_1776522832.mp4,2026-04-18 10:09:41,False
2423,裁发千斤（小头专用中分款） 白金色,1,director,2,2,,/Users/claw/work/douyin-recorder/backend/../recordings/director_outputs/director_output_1776521897.mp4,2,/Users/claw/work/douyin-recorder/backend/../recordings/director_outputs/director_output_1776522698.mp4,2026-04-18 10:16:14,False
2424,公主头直发 黑茶色,1,director,2,2,导演版视频时长不足30s（历史数据清理）: 29.2s,/Users/claw/work/douyin-recorder/backend/../recordings/director_outputs/director_output_1776522063.mp4,2,/Users/claw/work/douyin-recorder/backend/../recordings/director_outputs/director_output_1776523094.mp4,2026-04-18 10:24:20,False
2425,财发千金、碎紧指发、仿地针卷发 黑茶色、棕色,1,director,2,2,,/Users/claw/work/douyin-recorder/backend/../recordings/director_outputs/director_output_1776521823.mp4,2,/Users/claw/work/douyin-recorder/backend/../recordings/director_outputs/director_output_1776522578.mp4,2026-04-18 10:43:38,False
2426,仿地针蛋卷新款假发 奶茶香槟蝎色,1,director,2,2,,/Users/claw/work/douyin-recorder/backend/../recordings/director_outputs/director_output_1776521776.mp4,2,/Users/claw/work/douyin-recorder/backend/../recordings/director_outputs/director_output_1776522451.mp4,2026-04-18 10:55:07,False
2427,平T前额贴合款（夺回人生平T版） 黑茶色,1,director,2,2,导演版视频时长不足30s（历史数据清理）: 27.7s,/Users/claw/work/douyin-recorder/backend/../recordings/director_outputs/director_output_1776521510.mp4,2,/Users/claw/work/douyin-recorder/backend/../recordings/director_outputs/director_output_1776521964.mp4,2026-04-18 11:01:34,False
2428,老伯哈打薄半弹无网款,2,director,-2,2,导演版视频时长不足30s（历史数据清理）: 28.8s,/Users/claw/work/douyin-recorder/backend/../recordings/director_outputs/director_output_1776521569.mp4,2,/Users/claw/work/douyin-recorder/backend/../recordings/director_outputs/director_output_1776522099.mp4,2026-04-18 11:03:53,False
2429,全头假发（可扎丸子头/马尾） 茶棕色,1,director,2,2,,/Users/claw/work/douyin-recorder/backend/../recordings/director_outputs/director_output_1776521659.mp4,2,/Users/claw/work/douyin-recorder/backend/../recordings/director_outputs/director_output_1776522223.mp4,2026-04-18 11:18:17,False
2430,齐刘海短发（知识款） 茶棕色,1,director,2,2,,/Users/claw/work/douyin-recorder/backend/../recordings/director_outputs/director_output_1776521454.mp4,2,/Users/claw/work/douyin-recorder/backend/../recordings/director_outputs/director_output_1776521852.mp4,2026-04-18 11:25:13,False
2431,羊毛卷 白金色,1,director,2,2,,/Users/claw/work/douyin-recorder/backend/../recordings/director_outputs/director_output_1776521312.mp4,2,/Users/claw/work/douyin-recorder/backend/../recordings/director_outputs/director_output_1776521607.mp4,2026-04-18 11:33:00,False
2432,宽刘海长直发 黑茶色,1,director,2,2,,/Users/claw/work/douyin-recorder/backend/../recordings/director_outputs/director_output_1776521383.mp4,2,/Users/claw/work/douyin-recorder/backend/../recordings/director_outputs/director_output_1776521723.mp4,2026-04-18 11:39:54,False
2433,仿地针网底全头套短发 摩卡色,1,director,2,2,,/Users/claw/work/douyin-recorder/backend/../recordings/director_outputs/director_output_1776521251.mp4,2,/Users/claw/work/douyin-recorder/backend/../recordings/director_outputs/director_output_1776521480.mp4,2026-04-18 11:47:56,False
2434,头顶补发片（中分/骑车号两用） 摩卡色,1,director,2,2,,/Users/claw/work/douyin-recorder/backend/../recordings/director_outputs/director_output_1776521694.mp4,2,/Users/claw/work/douyin-recorder/backend/../recordings/director_outputs/director_output_1776522338.mp4,2026-04-18 11:54:34,False
2435,一刀切短直发 浅色/深色(含明日香色),1,director,2,2,,/Users/claw/work/douyin-recorder/backend/../recordings/director_outputs/director_output_1776521015.mp4,2,/Users/claw/work/douyin-recorder/backend/../recordings/director_outputs/director_output_1776521001.mp4,2026-04-18 12:01:24,False
2436,薄刘海中短发（骨道混血感） 奶茶香槟色/栗子棕,1,director,2,2,,/Users/claw/work/douyin-recorder/backend/../recordings/director_outputs/director_output_1776520996.mp4,2,/Users/claw/work/douyin-recorder/backend/../recordings/director_outputs/director_output_1776521207.mp4,2026-04-18 12:10:46,False
2437,明日香,1,director,2,2,导演版视频时长不足30s（历史数据清理）: 28.7s,/Users/claw/work/douyin-recorder/backend/../recordings/director_outputs/director_output_1776521192.mp4,2,/Users/claw/work/douyin-recorder/backend/../recordings/director_outputs/director_output_1776521350.mp4,2026-04-18 12:12:28,False
2438,古道亭心、人生上进款多款展示,1,director,2,2,,/Users/claw/work/douyin-recorder/backend/../recordings/director_outputs/director_output_1776519448.mp4,2,/Users/claw/work/douyin-recorder/backend/../recordings/director_outputs/director_output_1776519509.mp4,2026-04-18 12:20:10,False
2439,中分外翻卷（财阀千金）,1,director,2,2,,/Users/claw/work/douyin-recorder/backend/../recordings/director_outputs/director_output_1776519391.mp4,2,/Users/claw/work/douyin-recorder/backend/../recordings/director_outputs/director_output_1776519395.mp4,2026-04-18 12:27:53,False
2440,中长款假发,2,director,2,2,,/Users/claw/work/douyin-recorder/backend/../recordings/director_outputs/director_output_1776538133.mp4,2,/Users/claw/work/douyin-recorder/backend/../recordings/director_outputs/director_output_1776558162.mp4,2026-04-18 15:19:37,False
2443,日系短卷发,2,director,2,2,,/Users/claw/work/douyin-recorder/backend/../recordings/director_outputs/director_output_1776538282.mp4,2,/Users/claw/work/douyin-recorder/backend/../recordings/director_outputs/director_output_1776558377.mp4,2026-04-18 16:20:26,False
2446,昭和美人卷发,1,director,-2,2,导演版视频时长不足30s（历史数据清理）: 23.8s,/Users/claw/work/douyin-recorder/backend/../recordings/director_outputs/director_output_1776605547.mp4,2,/Users/claw/work/douyin-recorder/backend/../recordings/director_outputs/director_output_1776605553.mp4,2026-04-19 13:31:17,False
2447,板栗壳棕色,1,director,-2,2,,/Users/claw/work/douyin-recorder/recordings/director_outputs/director_output_1776690159.mp4,2,/Users/claw/work/douyin-recorder/backend/../recordings/director_outputs/director_output_1776607076.mp4,2026-04-19 13:56:34,False
2448,赛博豆包一刀切短发,1,director,2,2,导演版视频时长不足30s（历史数据清理）: 27.8s,/Users/claw/work/douyin-recorder/backend/../recordings/director_outputs/director_output_1776610107.mp4,2,/Users/claw/work/douyin-recorder/backend/../recordings/director_outputs/director_output_1776610118.mp4,2026-04-19 14:47:17,False
2449,短发小波浪（几字流） 咖啡豆色,2,director,2,2,,/Users/claw/work/douyin-recorder/backend/../recordings/director_outputs/director_output_1776613807.mp4,2,/Users/claw/work/douyin-recorder/backend/../recordings/director_outputs/director_output_1776613819.mp4,2026-04-19 15:48:43,False
2450,碎晶晶福利款 浅色,1,director,2,2,,/Users/claw/work/douyin-recorder/backend/../recordings/director_outputs/director_output_1776614627.mp4,2,/Users/claw/work/douyin-recorder/backend/../recordings/director_outputs/director_output_1776614623.mp4,2026-04-19 16:02:23,False
2451,斜刘海小片发,2,director,-2,2,,/Users/claw/work/douyin-recorder/backend/../recordings/director_outputs/director_output_1779128793.mp4,-1,,2026-04-19 16:11:54,False
2452,卷发半扎发款,2,director,2,2,,/Users/claw/work/douyin-recorder/backend/../recordings/director_outputs/director_output_1776692025.mp4,2,/Users/claw/work/douyin-recorder/backend/../recordings/director_outputs/director_output_1776660427.mp4,2026-04-20 04:37:41,False
2453,短发卷发（咖啡豆款） 焦糖暖蜜茶棕色,2,director,2,2,,/Users/claw/work/douyin-recorder/backend/../recordings/director_outputs/director_output_1776660140.mp4,2,/Users/claw/work/douyin-recorder/backend/../recordings/director_outputs/director_output_1776660523.mp4,2026-04-20 04:41:07,False
2454,中分长直发 灰粉纱金渐变色,2,director,-2,2,,/Users/claw/work/douyin-recorder/backend/../recordings/director_outputs/director_output_1776662918.mp4,2,/Users/claw/work/douyin-recorder/backend/../recordings/director_outputs/director_output_1776662931.mp4,2026-04-20 05:27:15,False
2455,赏金人妻,1,director,-2,2,导演版视频时长不足30s（历史数据清理）: 21.4s,/Users/claw/work/douyin-recorder/backend/../recordings/director_outputs/director_output_1776680013.mp4,2,/Users/claw/work/douyin-recorder/backend/../recordings/director_outputs/director_output_1776680019.mp4,2026-04-20 10:12:14,False
2456,中分假发（可侧扎/公主扎）,2,director,2,2,,/Users/claw/work/douyin-recorder/backend/../recordings/director_outputs/director_output_1777934162.mp4,2,/Users/claw/work/douyin-recorder/backend/../recordings/director_outputs/director_output_1777944878.mp4,2026-04-20 13:24:06,False
2458,白色/暖色调,2,director,-2,2,导演版视频时长不足30s（历史数据清理）: 19.4s,/Users/claw/work/douyin-recorder/backend/../recordings/director_outputs/director_output_1776696062.mp4,-1,,2026-04-20 14:39:52,False
2459,中分高层直发 黑色,2,director,2,2,,/Users/claw/work/douyin-recorder/backend/../recordings/director_outputs/director_output_1776699148.mp4,2,/Users/claw/work/douyin-recorder/backend/../recordings/director_outputs/director_output_1776699154.mp4,2026-04-20 15:30:59,False
2460,堆堆小红公主卷发,2,director,2,2,,/Users/claw/work/douyin-recorder/backend/../recordings/director_outputs/director_output_1776700464.mp4,2,/Users/claw/work/douyin-recorder/backend/../recordings/director_outputs/director_output_1776700470.mp4,2026-04-20 15:52:41,False
2461,中长直发 自然黑,2,director,-2,2,导演版视频时长不足30s（历史数据清理）: 22.8s,/Users/claw/work/douyin-recorder/backend/../recordings/director_outputs/director_output_1776701299.mp4,2,/Users/claw/work/douyin-recorder/backend/../recordings/director_outputs/director_output_1776701312.mp4,2026-04-20 16:07:01,False
2462,海藻卷 芝麻乌龙,2,director,-2,2,,/Users/claw/work/douyin-recorder/backend/../recordings/director_outputs/director_output_1776702832.mp4,2,/Users/claw/work/douyin-recorder/backend/../recordings/director_outputs/director_output_1776702838.mp4,2026-04-20 16:32:29,False
2464,海岛卷发 西梅乌龙,2,director,2,2,,/Users/claw/work/douyin-recorder/backend/../recordings/director_outputs/director_output_1776705890.mp4,2,/Users/claw/work/douyin-recorder/backend/../recordings/director_outputs/director_output_1776705898.mp4,2026-04-20 17:23:26,False
2465,起刘海与中分款式,2,director,-2,2,,/Users/claw/work/douyin-recorder/backend/../recordings/director_outputs/director_output_1779101455.mp4,2,/Users/claw/work/douyin-recorder/backend/../recordings/director_outputs/director_output_1779101858.mp4,2026-04-20 17:53:01,False
2466,中分款,2,director,-2,2,导演版视频时长不足30s（历史数据清理）: 22.5s,/Users/claw/work/douyin-recorder/backend/../recordings/director_outputs/director_output_1776747656.mp4,2,/Users/claw/work/douyin-recorder/backend/../recordings/director_outputs/director_output_1776747662.mp4,2026-04-21 04:59:43,False
2468,紫色、粉色,1,director,2,2,,/Users/claw/work/douyin-recorder/backend/../recordings/director_outputs/director_output_1776751022.mp4,-1,,2026-04-21 05:55:44,False
2469,粉色系,1,director,2,2,,/Users/claw/work/douyin-recorder/backend/../recordings/director_outputs/director_output_1776751681.mp4,-1,,2026-04-21 06:06:54,False
2470,圈巾款假发,2,director,-2,2,导演版视频时长不足30s（历史数据清理）: 19.7s,/Users/claw/work/douyin-recorder/backend/../recordings/director_outputs/director_output_1776752157.mp4,2,/Users/claw/work/douyin-recorder/backend/../recordings/director_outputs/director_output_1776752167.mp4,2026-04-21 06:14:44,False
2472,披发长直发,1,director,-2,2,导演版视频时长不足30s（历史数据清理）: 21.2s,/Users/claw/work/douyin-recorder/backend/../recordings/director_outputs/director_output_1776756148.mp4,2,/Users/claw/work/douyin-recorder/backend/../recordings/director_outputs/director_output_1776756165.mp4,2026-04-21 07:21:30,False
2474,公主头假发,1,director,2,2,,/Users/claw/work/douyin-recorder/backend/../recordings/director_outputs/director_output_1777016198.mp4,2,/Users/claw/work/douyin-recorder/backend/../recordings/director_outputs/director_output_1777016333.mp4,2026-04-21 08:12:36,False
2477,Limo卷发,1,director,2,2,导演版视频时长不足30s（历史数据清理）: 25.5s,/Users/claw/work/douyin-recorder/backend/../recordings/director_outputs/director_output_1776777269.mp4,2,/Users/claw/work/douyin-recorder/backend/../recordings/director_outputs/director_output_1776777280.mp4,2026-04-21 13:13:23,False
2478,雨季美杜莎76号 树莓色/橘红色,1,director,-2,2,,/Users/claw/work/douyin-recorder/backend/../recordings/director_outputs/director_output_1776778801.mp4,2,/Users/claw/work/douyin-recorder/backend/../recordings/director_outputs/director_output_1776778820.mp4,2026-04-21 13:38:49,False
2479,暮光爱丽丝 棕色/茶棕色,1,director,2,2,,/Users/claw/work/douyin-recorder/backend/../recordings/director_outputs/director_output_1776780348.mp4,2,/Users/claw/work/douyin-recorder/backend/../recordings/director_outputs/director_output_1776780320.mp4,2026-04-21 14:04:09,False
2480,可可芭蕾卷发,1,director,2,2,,/Users/claw/work/douyin-recorder/backend/../recordings/director_outputs/director_output_1776864462.mp4,2,/Users/claw/work/douyin-recorder/backend/../recordings/director_outputs/director_output_1776781912.mp4,2026-04-21 14:30:27,False
2481,粉红泡芙短发,1,director,2,2,,/Users/claw/work/douyin-recorder/backend/../recordings/director_outputs/director_output_1776864249.mp4,2,/Users/claw/work/douyin-recorder/backend/../recordings/director_outputs/director_output_1776784756.mp4,2026-04-21 15:18:02,False
2482,可可芭蕾直发 可可白,1,director,2,2,导演版视频时长不足30s（历史数据清理）: 30.0s,/Users/claw/work/douyin-recorder/backend/../recordings/director_outputs/director_output_1777016181.mp4,2,/Users/claw/work/douyin-recorder/backend/../recordings/director_outputs/director_output_1777016226.mp4,2026-04-21 15:43:49,False
2483,公主风发型 灰粉色,2,director,2,2,,/Users/claw/work/douyin-recorder/backend/../recordings/director_outputs/director_output_1777933974.mp4,2,/Users/claw/work/douyin-recorder/backend/../recordings/director_outputs/director_output_1777944262.mp4,2026-04-21 15:46:05,False
2485,骑楼号假发,2,director,2,2,,/Users/claw/work/douyin-recorder/backend/../recordings/director_outputs/director_output_1776863928.mp4,2,/Users/claw/work/douyin-recorder/backend/../recordings/director_outputs/director_output_1776790935.mp4,2026-04-21 17:00:47,False
2486,中分直发大头款 黑巧克力,2,director,2,2,导演版视频时长不足30s（历史数据清理）: 28.6s,/Users/claw/work/douyin-recorder/backend/../recordings/director_outputs/director_output_1776863854.mp4,2,/Users/claw/work/douyin-recorder/backend/../recordings/director_outputs/director_output_1776792552.mp4,2026-04-21 17:26:40,False
2487,公主头,2,director,2,2,,/Users/claw/work/douyin-recorder/backend/../recordings/director_outputs/director_output_1776863641.mp4,2,/Users/claw/work/douyin-recorder/backend/../recordings/director_outputs/director_output_1776838232.mp4,2026-04-22 06:09:02,False
2488,中分发型 黑茶色,1,director,-2,2,导演版视频时长不足30s（历史数据清理）: 26.5s,/Users/claw/work/douyin-recorder/backend/../recordings/director_outputs/director_output_1776842853.mp4,2,/Users/claw/work/douyin-recorder/backend/../recordings/director_outputs/director_output_1776842846.mp4,2026-04-22 07:26:19,False
2489,中分蓬松卷发,1,director,2,2,,/Users/claw/work/douyin-recorder/backend/../recordings/director_outputs/director_output_1776844355.mp4,2,/Users/claw/work/douyin-recorder/backend/../recordings/director_outputs/director_output_1776844374.mp4,2026-04-22 07:51:17,False
2490,冰激秋柔 白色,1,director,2,2,导演版视频时长不足30s（历史数据清理）: 28.5s,/Users/claw/work/douyin-recorder/backend/../recordings/director_outputs/director_output_1776864629.mp4,2,/Users/claw/work/douyin-recorder/backend/../recordings/director_outputs/director_output_1776864602.mp4,2026-04-22 13:28:57,False
2493,枯叶焦糖中分蛋卷发 枯叶焦糖色,1,director,2,2,导演版视频时长不足30s（历史数据清理）: 30.0s,/Users/claw/work/douyin-recorder/backend/../recordings/director_outputs/director_output_1777016719.mp4,2,/Users/claw/work/douyin-recorder/backend/../recordings/director_outputs/director_output_1777016747.mp4,2026-04-24 07:44:09,False
2494,仿真头皮假发,1,director,-2,2,导演版视频时长不足30s（历史数据清理）: 22.1s,/Users/claw/work/douyin-recorder/backend/../recordings/director_outputs/director_output_1777017779.mp4,2,/Users/claw/work/douyin-recorder/backend/../recordings/director_outputs/director_output_1777017806.mp4,2026-04-24 08:01:48,False
2495,赏金猎人骑刘海,1,director,-2,2,导演版视频时长不足30s（历史数据清理）: 30.0s,/Users/claw/work/douyin-recorder/backend/../recordings/director_outputs/director_output_1777019294.mp4,2,/Users/claw/work/douyin-recorder/backend/../recordings/director_outputs/director_output_1777019311.mp4,2026-04-24 08:27:00,False
2496,斜刘海半侧扎中分款 米白色,1,director,2,2,导演版视频时长不足30s（历史数据清理）: 30.0s,/Users/claw/work/douyin-recorder/backend/../recordings/director_outputs/director_output_1777020824.mp4,2,/Users/claw/work/douyin-recorder/backend/../recordings/director_outputs/director_output_1777020864.mp4,2026-04-24 08:52:39,False
2497,公主头 白金色（月光色）,1,director,2,2,导演版视频时长不足30s（历史数据清理）: 30.0s,/Users/claw/work/douyin-recorder/backend/../recordings/director_outputs/director_output_1777021444.mp4,2,/Users/claw/work/douyin-recorder/backend/../recordings/director_outputs/director_output_1777021581.mp4,2026-04-24 09:02:47,False
2499,碎晶晶纸（指发/卷发）,1,director,2,2,,/Users/claw/work/douyin-recorder/backend/../recordings/director_outputs/director_output_1777021819.mp4,2,/Users/claw/work/douyin-recorder/backend/../recordings/director_outputs/director_output_1777021852.mp4,2026-04-24 09:09:03,False
2500,微卷发 黄棕,2,director,2,2,,/Users/claw/work/douyin-recorder/backend/../recordings/director_outputs/director_output_1777043536.mp4,2,/Users/claw/work/douyin-recorder/backend/../recordings/director_outputs/director_output_1777043573.mp4,2026-04-24 15:10:57,False
2501,鸡毛头卷发 蜜桃乌龙色,2,director,-2,2,,/Users/claw/work/douyin-recorder/backend/../recordings/director_outputs/director_output_1777045074.mp4,2,/Users/claw/work/douyin-recorder/backend/../recordings/director_outputs/director_output_1777045089.mp4,2026-04-24 15:36:07,False
2502,直发 黑巧克力,2,director,2,2,,/Users/claw/work/douyin-recorder/backend/../recordings/director_outputs/director_output_1777046579.mp4,2,/Users/claw/work/douyin-recorder/backend/../recordings/director_outputs/director_output_1777046609.mp4,2026-04-24 16:01:44,False
2503,五号中长卷发,2,director,2,2,,/Users/claw/work/douyin-recorder/backend/../recordings/director_outputs/director_output_1777054625.mp4,2,/Users/claw/work/douyin-recorder/backend/../recordings/director_outputs/director_output_1777054652.mp4,2026-04-24 18:15:21,False
2505,赏金猎人、白金猎人短发,1,director,2,2,,/Users/claw/work/douyin-recorder/backend/../recordings/director_outputs/director_output_1777933738.mp4,2,/Users/claw/work/douyin-recorder/backend/../recordings/director_outputs/director_output_1777943771.mp4,2026-04-25 03:15:06,False
2506,蛋卷发中分 枯叶焦糖色,1,director,2,2,,/Users/claw/work/douyin-recorder/backend/../recordings/director_outputs/director_output_1777087658.mp4,2,/Users/claw/work/douyin-recorder/backend/../recordings/director_outputs/director_output_1777087683.mp4,2026-04-25 03:26:08,False
2507,亚裔美流 深棕（头顶染）,1,director,2,2,,/Users/claw/work/douyin-recorder/backend/../recordings/director_outputs/director_output_1777096977.mp4,2,/Users/claw/work/douyin-recorder/backend/../recordings/director_outputs/director_output_1777096998.mp4,2026-04-25 06:01:32,False
2508,碎鸡尼扎公主头,1,director,2,2,,/Users/claw/work/douyin-recorder/backend/../recordings/director_outputs/director_output_1777097649.mp4,2,/Users/claw/work/douyin-recorder/backend/../recordings/director_outputs/director_output_1777097675.mp4,2026-04-25 06:12:53,False
2509,银灰色,1,director,2,2,,/Users/claw/work/douyin-recorder/backend/../recordings/director_outputs/director_output_1777098318.mp4,2,/Users/claw/work/douyin-recorder/backend/../recordings/director_outputs/director_output_1777098343.mp4,2026-04-25 06:23:47,False
2510,Somi复刻款 白色,1,director,2,2,,/Users/claw/work/douyin-recorder/backend/../recordings/director_outputs/director_output_1777933498.mp4,2,/Users/claw/work/douyin-recorder/backend/../recordings/director_outputs/director_output_1777943260.mp4,2026-04-25 07:11:20,False
2511,白金缩米,1,director,2,2,导演版视频时长不足30s（历史数据清理）: 30.0s,/Users/claw/work/douyin-recorder/backend/../recordings/director_outputs/director_output_1777101294.mp4,2,/Users/claw/work/douyin-recorder/backend/../recordings/director_outputs/director_output_1777101312.mp4,2026-04-25 07:13:38,False
2512,偏分仿地针假发 棕色、黑茶色,1,director,2,2,,/Users/claw/work/douyin-recorder/backend/../recordings/director_outputs/director_output_1777102503.mp4,2,/Users/claw/work/douyin-recorder/backend/../recordings/director_outputs/director_output_1777102525.mp4,2026-04-25 07:33:34,False
2514,浅色,1,director,2,2,导演版视频时长不足30s（历史数据清理）: 30.0s,/Users/claw/work/douyin-recorder/backend/../recordings/director_outputs/director_output_1777103081.mp4,2,/Users/claw/work/douyin-recorder/backend/../recordings/director_outputs/director_output_1777103112.mp4,2026-04-25 07:43:35,False
2515,公猪头扎发造型 粉紫色,1,director,2,2,导演版视频时长不足30s（历史数据清理）: 30.0s,/Users/claw/work/douyin-recorder/backend/../recordings/director_outputs/director_output_1777104610.mp4,2,/Users/claw/work/douyin-recorder/backend/../recordings/director_outputs/director_output_1777104643.mp4,2026-04-25 08:08:55,False
2516,鹰区偏分假发,1,director,2,2,,/Users/claw/work/douyin-recorder/backend/../recordings/director_outputs/director_output_1777107658.mp4,2,/Users/claw/work/douyin-recorder/backend/../recordings/director_outputs/director_output_1777107680.mp4,2026-04-25 08:59:35,False
2517,中分款假发,1,director,2,2,导演版视频时长不足30s（历史数据清理）: 11.7s,/Users/claw/work/douyin-recorder/backend/../recordings/director_outputs/director_output_1777129341.mp4,2,/Users/claw/work/douyin-recorder/backend/../recordings/director_outputs/director_output_1777129359.mp4,2026-04-25 15:01:01,False
2518,高层次长款直发 粉色,2,director,2,2,,/Users/claw/work/douyin-recorder/backend/../recordings/director_outputs/director_output_1777130790.mp4,2,/Users/claw/work/douyin-recorder/backend/../recordings/director_outputs/director_output_1777130810.mp4,2026-04-25 15:24:59,False
2519,中分公主头假发 自然黑,2,director,2,2,,/Users/claw/work/douyin-recorder/backend/../recordings/director_outputs/director_output_1777132192.mp4,2,/Users/claw/work/douyin-recorder/backend/../recordings/director_outputs/director_output_1777132225.mp4,2026-04-25 15:48:26,False
2520,半熟恋人卷发,2,director,2,2,,/Users/claw/work/douyin-recorder/backend/../recordings/director_outputs/director_output_1777133758.mp4,2,/Users/claw/work/douyin-recorder/backend/../recordings/director_outputs/director_output_1777133785.mp4,2026-04-25 16:14:26,False
2521,顶美中分直发 黑巧克力（深色）,2,director,2,2,,/Users/claw/work/douyin-recorder/backend/../recordings/director_outputs/director_output_1777227090.mp4,2,/Users/claw/work/douyin-recorder/backend/../recordings/director_outputs/director_output_1777227122.mp4,2026-04-26 18:09:08,False
2522,一号中长直发（中分/齐刘海款） 自然黑,2,director,2,2,,/Users/claw/work/douyin-recorder/backend/../recordings/director_outputs/director_output_1777227375.mp4,2,/Users/claw/work/douyin-recorder/backend/../recordings/director_outputs/director_output_1777227392.mp4,2026-04-26 18:14:09,False
2523,高层次齐刘海直发/卷发 黑巧克力色,2,director,2,2,,/Users/claw/work/douyin-recorder/backend/../recordings/director_outputs/director_output_1777227631.mp4,2,/Users/claw/work/douyin-recorder/backend/../recordings/director_outputs/director_output_1777227646.mp4,2026-04-26 18:18:25,False
2524,自然色卷发新款 冷棕色,2,director,2,2,,/Users/claw/work/douyin-recorder/backend/../recordings/director_outputs/director_output_1777227896.mp4,2,/Users/claw/work/douyin-recorder/backend/../recordings/director_outputs/director_output_1777227916.mp4,2026-04-26 18:22:50,False
2525,高层次长直发/微卷长发 橘红色/蜂蜜茶红色,2,director,2,2,,/Users/claw/work/douyin-recorder/backend/../recordings/director_outputs/director_output_1777228164.mp4,2,/Users/claw/work/douyin-recorder/backend/../recordings/director_outputs/director_output_1777228195.mp4,2026-04-26 18:27:28,False
2526,微卷长发（红辣椒/树莓红） 树莓红,2,director,2,2,,/Users/claw/work/douyin-recorder/backend/../recordings/director_outputs/director_output_1777228502.mp4,2,/Users/claw/work/douyin-recorder/backend/../recordings/director_outputs/director_output_1777228523.mp4,2026-04-26 18:33:04,False
2527,海藻卷假发 蜜桃乌龙（灰粉色）,2,director,2,2,,/Users/claw/work/douyin-recorder/backend/../recordings/director_outputs/director_output_1777228880.mp4,2,/Users/claw/work/douyin-recorder/backend/../recordings/director_outputs/director_output_1777228913.mp4,2026-04-26 18:39:25,False
2528,海藻卷长发（10号） 巧克力色/红色,2,director,2,2,,/Users/claw/work/douyin-recorder/backend/../recordings/director_outputs/director_output_1777933307.mp4,2,/Users/claw/work/douyin-recorder/backend/../recordings/director_outputs/director_output_1777942523.mp4,2026-04-26 18:46:30,False
2529,海藻卷长款假发 黑巧克力（六号深棕）,2,director,2,2,,/Users/claw/work/douyin-recorder/backend/../recordings/director_outputs/director_output_1777933218.mp4,2,/Users/claw/work/douyin-recorder/backend/../recordings/director_outputs/director_output_1777942338.mp4,2026-04-26 18:53:35,False
2530,齐刘海骑车号卷发 蜂蜜茶棕色,2,director,2,2,,/Users/claw/work/douyin-recorder/backend/../recordings/director_outputs/director_output_1777232377.mp4,-1,,2026-04-26 19:07:44,False
2532,娃娃卷/海岛卷中长发 蜂蜜亚麻色/灰粉色,2,director,2,2,,/Users/claw/work/douyin-recorder/backend/../recordings/director_outputs/director_output_1777235606.mp4,2,/Users/claw/work/douyin-recorder/backend/../recordings/director_outputs/director_output_1777238106.mp4,2026-04-26 19:32:04,False
2533,韩系卷发,2,director,2,2,,/Users/claw/work/douyin-recorder/backend/../recordings/director_outputs/director_output_1777933078.mp4,-1,,2026-04-27 00:55:11,False
2535,樱花芭乐 星星牛仔（小众色）,1,director,2,2,,/Users/claw/work/douyin-recorder/backend/../recordings/director_outputs/director_output_1777273490.mp4,2,/Users/claw/work/douyin-recorder/backend/../recordings/director_outputs/director_output_1777273517.mp4,2026-04-27 07:03:07,False
2536,甜心宝宝 粉紫色,1,director,2,2,,/Users/claw/work/douyin-recorder/backend/../recordings/director_outputs/director_output_1777277975.mp4,2,/Users/claw/work/douyin-recorder/backend/../recordings/director_outputs/director_output_1783223311.mp4,2026-04-27 08:17:43,False
2537,碎晶晶/甜心宝宝刘海款,1,director,2,2,,/Users/claw/work/douyin-recorder/backend/../recordings/director_outputs/director_output_1777281865.mp4,2,/Users/claw/work/douyin-recorder/backend/../recordings/director_outputs/director_output_1777281898.mp4,2026-04-27 09:22:21,False
2538,齐刘海与中分对比款,2,director,2,2,,/Users/claw/work/douyin-recorder/backend/../recordings/director_outputs/director_output_1777306078.mp4,2,/Users/claw/work/douyin-recorder/backend/../recordings/director_outputs/director_output_1777306111.mp4,2026-04-27 16:06:10,False
2539,丸子头假发,2,director,2,2,,/Users/claw/work/douyin-recorder/backend/../recordings/director_outputs/director_output_1777932973.mp4,2,/Users/claw/work/douyin-recorder/backend/../recordings/director_outputs/director_output_1777941862.mp4,2026-04-28 04:36:04,False
2540,西红柿头直发卷发 微黄色,2,director,2,2,,/Users/claw/work/douyin-recorder/backend/../recordings/director_outputs/director_output_1777352679.mp4,2,/Users/claw/work/douyin-recorder/backend/../recordings/director_outputs/director_output_1777352717.mp4,2026-04-28 05:02:20,False
2541,五指款中分直发,1,director,2,2,,/Users/claw/work/douyin-recorder/backend/../recordings/director_outputs/director_output_1777363180.mp4,2,/Users/claw/work/douyin-recorder/backend/../recordings/director_outputs/director_output_1777363214.mp4,2026-04-28 07:57:53,False
2542,粒子卷卷 粉棕色、棕色、黄色、粉色、白色、紫色,1,director,2,2,,/Users/claw/work/douyin-recorder/backend/../recordings/director_outputs/director_output_1777364711.mp4,2,/Users/claw/work/douyin-recorder/backend/../recordings/director_outputs/director_output_1777364743.mp4,2026-04-28 08:23:30,False
2543,外翻卷发（芝士款） 深紫色,1,director,2,2,,/Users/claw/work/douyin-recorder/backend/../recordings/director_outputs/director_output_1777489316.mp4,-1,,2026-04-29 08:07:41,False
2544,纹理淡卷 栗子棕,1,director,2,2,,/Users/claw/work/douyin-recorder/backend/../recordings/director_outputs/director_output_1777489552.mp4,-1,,2026-04-29 08:32:02,False
2546,双马尾/扎发款假发,2,director,2,2,,/Users/claw/work/douyin-recorder/backend/../recordings/director_outputs/director_output_1777932816.mp4,2,/Users/claw/work/douyin-recorder/backend/../recordings/director_outputs/director_output_1777941330.mp4,2026-04-29 19:08:13,False
2547,新橘色,1,director,2,2,,/Users/claw/work/douyin-recorder/backend/../recordings/director_outputs/director_output_1777932745.mp4,2,/Users/claw/work/douyin-recorder/backend/../recordings/director_outputs/director_output_1777941057.mp4,2026-04-30 06:47:49,False
2548,生物头皮/真立针,1,director,2,2,,/Users/claw/work/douyin-recorder/backend/../recordings/director_outputs/director_output_1777932538.mp4,2,/Users/claw/work/douyin-recorder/backend/../recordings/director_outputs/director_output_1777940752.mp4,2026-04-30 08:03:08,False
2549,粉棕泡芙短发 粉棕色,1,director,2,2,,/Users/claw/work/douyin-recorder/backend/../recordings/director_outputs/director_output_1777932381.mp4,2,/Users/claw/work/douyin-recorder/backend/../recordings/director_outputs/director_output_1777940310.mp4,2026-05-01 05:20:05,False
2550,碎晶晶/茶宗/香菜大盗刘海假发 黑色/棕色,1,director,2,2,,/Users/claw/work/douyin-recorder/backend/../recordings/director_outputs/director_output_1777932263.mp4,2,/Users/claw/work/douyin-recorder/backend/../recordings/director_outputs/director_output_1777950609.mp4,2026-05-01 05:26:16,False
2551,灵光一线仿地针中分卷发 浅色/玫瑰金/粉棕,1,director,2,2,,/Users/claw/work/douyin-recorder/backend/../recordings/director_outputs/director_output_1777932225.mp4,2,/Users/claw/work/douyin-recorder/backend/../recordings/director_outputs/director_output_1777939853.mp4,2026-05-01 05:29:10,False
2552,古早天心齐刘海短发 粒子棕/亚麻色,1,director,2,2,,/Users/claw/work/douyin-recorder/backend/../recordings/director_outputs/director_output_1777932046.mp4,2,/Users/claw/work/douyin-recorder/backend/../recordings/director_outputs/director_output_1777939597.mp4,2026-05-01 05:36:29,False
2553,碎金金卷发/碎金直发 白金色/粉金色,1,director,2,2,,/Users/claw/work/douyin-recorder/backend/../recordings/director_outputs/director_output_1777931995.mp4,2,/Users/claw/work/douyin-recorder/backend/../recordings/director_outputs/director_output_1777939363.mp4,2026-05-01 05:43:32,False
2554,齐刘海短发 自然黑,1,director,2,2,,/Users/claw/work/douyin-recorder/backend/../recordings/director_outputs/director_output_1777931859.mp4,2,/Users/claw/work/douyin-recorder/backend/../recordings/director_outputs/director_output_1777939097.mp4,2026-05-01 05:49:58,False
2555,薄荷曼波挑染假发 薄荷绿挑染,1,director,2,2,,/Users/claw/work/douyin-recorder/backend/../recordings/director_outputs/director_output_1777931770.mp4,2,/Users/claw/work/douyin-recorder/backend/../recordings/director_outputs/director_output_1777938876.mp4,2026-05-01 05:55:34,False
2556,紫定型渐变挑染款 灰紫色渐变,1,director,2,2,,/Users/claw/work/douyin-recorder/backend/../recordings/director_outputs/director_output_1777931682.mp4,2,/Users/claw/work/douyin-recorder/backend/../recordings/director_outputs/director_output_1777938579.mp4,2026-05-01 05:59:35,False
2557,古早铁心日系混血风 粉金/玫瑰金,1,director,2,2,,/Users/claw/work/douyin-recorder/backend/../recordings/director_outputs/director_output_1777931560.mp4,2,/Users/claw/work/douyin-recorder/backend/../recordings/director_outputs/director_output_1777938301.mp4,2026-05-01 06:07:27,False
2558,碎晶卷发（古早甜心） 带粉调的灰金,1,director,2,2,,/Users/claw/work/douyin-recorder/backend/../recordings/director_outputs/director_output_1777953363.mp4,2,/Users/claw/work/douyin-recorder/backend/../recordings/director_outputs/director_output_1777957610.mp4,2026-05-01 06:14:59,False
2559,知识款厚刘海长直发 茶棕色,1,director,2,2,,/Users/claw/work/douyin-recorder/backend/../recordings/director_outputs/director_output_1777931351.mp4,2,/Users/claw/work/douyin-recorder/backend/../recordings/director_outputs/director_output_1777937812.mp4,2026-05-01 06:22:48,False
2560,黑茶色长直发/真可爱羊毛淡卷/夺回人生中分 黑茶色、冷棕色,1,director,2,2,,/Users/claw/work/douyin-recorder/backend/../recordings/director_outputs/director_output_1777931213.mp4,2,/Users/claw/work/douyin-recorder/backend/../recordings/director_outputs/director_output_1777946405.mp4,2026-05-01 06:31:05,False
2561,人生一如反常款式,1,director,2,2,,/Users/claw/work/douyin-recorder/backend/../recordings/director_outputs/director_output_1777934398.mp4,-1,,2026-05-01 06:32:45,False
2562,黑精灵人（刘海款） 自然黑,1,director,2,2,,/Users/claw/work/douyin-recorder/backend/../recordings/director_outputs/director_output_1777741372.mp4,2,/Users/claw/work/douyin-recorder/backend/../recordings/director_outputs/director_output_1777743093.mp4,2026-05-01 06:49:52,False
2563,蛋卷卷发 黑金色,1,director,2,2,,/Users/claw/work/douyin-recorder/backend/../recordings/director_outputs/director_output_1777741349.mp4,2,/Users/claw/work/douyin-recorder/backend/../recordings/director_outputs/director_output_1777742931.mp4,2026-05-01 06:57:04,False
2564,直发 暖灰色,1,director,2,2,,/Users/claw/work/douyin-recorder/backend/../recordings/director_outputs/director_output_1777741209.mp4,2,/Users/claw/work/douyin-recorder/backend/../recordings/director_outputs/director_output_1777742763.mp4,2026-05-01 07:11:11,False
2565,美杜莎半扎发 棕色,1,director,2,2,,/Users/claw/work/douyin-recorder/backend/../recordings/director_outputs/director_output_1777930967.mp4,2,/Users/claw/work/douyin-recorder/backend/../recordings/director_outputs/director_output_1777937009.mp4,2026-05-01 07:15:24,False
2566,茶棕色,1,director,2,2,,/Users/claw/work/douyin-recorder/backend/../recordings/director_outputs/director_output_1777930868.mp4,2,/Users/claw/work/douyin-recorder/backend/../recordings/director_outputs/director_output_1777945176.mp4,2026-05-01 07:28:42,False
2567,真蒂针全手勾假发,1,director,2,2,,/Users/claw/work/douyin-recorder/backend/../recordings/director_outputs/director_output_1777741050.mp4,2,/Users/claw/work/douyin-recorder/backend/../recordings/director_outputs/director_output_1777742303.mp4,2026-05-01 08:36:39,False
2568,碎晶晶卷发/直发 粉调灰色,1,director,2,2,,/Users/claw/work/douyin-recorder/backend/../recordings/director_outputs/director_output_1777740908.mp4,2,/Users/claw/work/douyin-recorder/backend/../recordings/director_outputs/director_output_1777742113.mp4,2026-05-01 08:51:08,False
2569,碎晶晶直发 粉色/蓝色,1,director,2,2,,/Users/claw/work/douyin-recorder/backend/../recordings/director_outputs/director_output_1777740877.mp4,2,/Users/claw/work/douyin-recorder/backend/../recordings/director_outputs/director_output_1777741905.mp4,2026-05-01 08:57:58,False
2570,粉紫色卷发（甜心宝宝/人生款） 粉紫色,1,director,2,2,,/Users/claw/work/douyin-recorder/backend/../recordings/director_outputs/director_output_1777740742.mp4,2,/Users/claw/work/douyin-recorder/backend/../recordings/director_outputs/director_output_1777741747.mp4,2026-05-01 09:14:20,False
2572,蓝色短发（零玻璃/非主流风格） 蓝色、粉色,1,director,2,2,,/Users/claw/work/douyin-recorder/backend/../recordings/director_outputs/director_output_1777740706.mp4,2,/Users/claw/work/douyin-recorder/backend/../recordings/director_outputs/director_output_1777741565.mp4,2026-05-01 09:27:13,False
2574,老奶奶风格假发,1,director,2,2,,/Users/claw/work/douyin-recorder/backend/../recordings/director_outputs/director_output_1777933834.mp4,2,/Users/claw/work/douyin-recorder/backend/../recordings/director_outputs/director_output_1777936319.mp4,2026-05-01 09:52:10,False
2576,薄荷曼波挑染卷发 薄荷绿挑染,1,director,2,2,,/Users/claw/work/douyin-recorder/backend/../recordings/director_outputs/director_output_1777740554.mp4,2,/Users/claw/work/douyin-recorder/backend/../recordings/director_outputs/director_output_1777741273.mp4,2026-05-01 10:02:43,False
2578,碎晶晶卷发/直发 黑色,1,director,2,2,,/Users/claw/work/douyin-recorder/backend/../recordings/director_outputs/director_output_1777930681.mp4,2,/Users/claw/work/douyin-recorder/backend/../recordings/director_outputs/director_output_1777936050.mp4,2026-05-01 10:12:26,False
2579,碎晶晶 奶茶色,1,director,2,2,,/Users/claw/work/douyin-recorder/backend/../recordings/director_outputs/director_output_1777739321.mp4,2,/Users/claw/work/douyin-recorder/backend/../recordings/director_outputs/director_output_1777739338.mp4,2026-05-01 10:18:18,False
2580,欧美风假发（美国B7） 金色/白金色,1,director,2,2,,/Users/claw/work/douyin-recorder/backend/../recordings/director_outputs/director_output_1777740404.mp4,2,/Users/claw/work/douyin-recorder/backend/../recordings/director_outputs/director_output_1777740986.mp4,2026-05-01 10:23:43,False
2581,头顶补发片 黑茶色、白金色,1,director,2,2,,/Users/claw/work/douyin-recorder/backend/../recordings/director_outputs/director_output_1777740235.mp4,2,/Users/claw/work/douyin-recorder/backend/../recordings/director_outputs/director_output_1777740822.mp4,2026-05-01 10:32:06,False
2582,头顶补发片（刘海款） 摩卡色,1,director,2,2,,/Users/claw/work/douyin-recorder/backend/../recordings/director_outputs/director_output_1777930595.mp4,2,/Users/claw/work/douyin-recorder/backend/../recordings/director_outputs/director_output_1777935756.mp4,2026-05-01 10:39:34,False
2583,粉色（梅果/碧琪粉）,1,director,2,2,,/Users/claw/work/douyin-recorder/backend/../recordings/director_outputs/director_output_1779383987.mp4,2,/Users/claw/work/douyin-recorder/backend/../recordings/director_outputs/director_output_1779384418.mp4,2026-05-02 11:11:00,False
2584,薄荷曼波双马尾 灰紫渐变/薄荷色,1,director,2,2,,/Users/claw/work/douyin-recorder/backend/../recordings/director_outputs/director_output_1777930431.mp4,2,/Users/claw/work/douyin-recorder/backend/../recordings/director_outputs/director_output_1777942801.mp4,2026-05-02 11:24:10,False
2585,紫定型辣妹假发 紫色,1,director,2,2,,/Users/claw/work/douyin-recorder/backend/../recordings/director_outputs/director_output_1777930356.mp4,2,/Users/claw/work/douyin-recorder/backend/../recordings/director_outputs/director_output_1777935106.mp4,2026-05-02 11:44:40,False
2587,夺回水位的一切（中长直发） 黑色/深棕,1,director,2,2,,/Users/claw/work/douyin-recorder/backend/../recordings/director_outputs/director_output_1777930242.mp4,2,/Users/claw/work/douyin-recorder/backend/../recordings/director_outputs/director_output_1777934837.mp4,2026-05-02 16:53:33,False
2588,碎晶晶直发 奶茶灰色,1,director,2,2,,/Users/claw/work/douyin-recorder/backend/../recordings/director_outputs/director_output_1777952928.mp4,-1,,2026-05-04 12:07:36,False
2589,碎晶晶,1,director,2,2,,/Users/claw/work/douyin-recorder/backend/../recordings/director_outputs/director_output_1777897230.mp4,2,/Users/claw/work/douyin-recorder/backend/../recordings/director_outputs/director_output_1777897260.mp4,2026-05-04 12:17:12,False
2590,布莱尔奶茶卷发 奶茶色,1,director,2,2,,/Users/claw/work/douyin-recorder/backend/../recordings/director_outputs/director_output_1777930109.mp4,2,/Users/claw/work/douyin-recorder/backend/../recordings/director_outputs/director_output_1777934060.mp4,2026-05-04 12:27:26,False
2591,零玻璃零号款假发 乌梅子酱色,1,director,2,2,,/Users/claw/work/douyin-recorder/backend/../recordings/director_outputs/director_output_1777932489.mp4,2,/Users/claw/work/douyin-recorder/backend/../recordings/director_outputs/director_output_1777940525.mp4,2026-05-04 12:30:58,False
2592,美式溜溜子、碎晶卷 显白色调、粉调灰色,1,director,2,2,,/Users/claw/work/douyin-recorder/backend/../recordings/director_outputs/director_output_1777929954.mp4,2,/Users/claw/work/douyin-recorder/backend/../recordings/director_outputs/director_output_1777933715.mp4,2026-05-04 12:38:31,False
2593,碎晶卷（羊毛蛋卷） 浅色/月光贝姆,1,director,2,2,,/Users/claw/work/douyin-recorder/backend/../recordings/director_outputs/director_output_1777929852.mp4,2,/Users/claw/work/douyin-recorder/backend/../recordings/director_outputs/director_output_1777933401.mp4,2026-05-04 12:53:09,False
2594,可可芭蕾汁,1,director,2,2,,/Users/claw/work/douyin-recorder/backend/../recordings/director_outputs/director_output_1777929801.mp4,2,/Users/claw/work/douyin-recorder/backend/../recordings/director_outputs/director_output_1777933108.mp4,2026-05-04 13:09:31,False
2595,乌梅子酱中分长发 粉紫色（乌梅子酱色）,1,director,2,2,,/Users/claw/work/douyin-recorder/backend/../recordings/director_outputs/director_output_1777929689.mp4,2,/Users/claw/work/douyin-recorder/backend/../recordings/director_outputs/director_output_1777932780.mp4,2026-05-04 13:24:07,False
2596,中分直发/高丸子头 粉紫色,1,director,2,2,,/Users/claw/work/douyin-recorder/backend/../recordings/director_outputs/director_output_1777929656.mp4,2,/Users/claw/work/douyin-recorder/backend/../recordings/director_outputs/director_output_1777932473.mp4,2026-05-04 13:36:50,False
2597,碎晶晶直发 粉调灰色,1,director,2,2,,/Users/claw/work/douyin-recorder/backend/../recordings/director_outputs/director_output_1777929534.mp4,2,/Users/claw/work/douyin-recorder/backend/../recordings/director_outputs/director_output_1777932234.mp4,2026-05-04 13:50:03,False
2598,碎晶晶中分长直发 豆沙灰粉（粉调灰色）,1,director,2,2,,/Users/claw/work/douyin-recorder/backend/../recordings/director_outputs/director_output_1777903673.mp4,2,/Users/claw/work/douyin-recorder/backend/../recordings/director_outputs/director_output_1777903698.mp4,2026-05-04 14:05:28,False
2599,仿地针卷发/直发 浅色（金色系）,1,director,2,2,,/Users/claw/work/douyin-recorder/backend/../recordings/director_outputs/director_output_1777903864.mp4,2,/Users/claw/work/douyin-recorder/backend/../recordings/director_outputs/director_output_1777903897.mp4,2026-05-04 14:09:24,False
2600,黑茶芝士短发/明日香短发/垂耳兔发型 黑茶色,1,director,2,2,,/Users/claw/work/douyin-recorder/backend/../recordings/director_outputs/director_output_1777904301.mp4,2,/Users/claw/work/douyin-recorder/backend/../recordings/director_outputs/director_output_1777904317.mp4,2026-05-04 14:16:29,False
2601,氧气粒子/茶宗芝士 深棕/茶棕色,1,director,2,2,,/Users/claw/work/douyin-recorder/backend/../recordings/director_outputs/director_output_1777904668.mp4,2,/Users/claw/work/douyin-recorder/backend/../recordings/director_outputs/director_output_1777904698.mp4,2026-05-04 14:22:44,False
2602,侧丸子头/双马尾/短发样品 黑色/明日香色,1,director,2,2,,/Users/claw/work/douyin-recorder/backend/../recordings/director_outputs/director_output_1777904952.mp4,2,/Users/claw/work/douyin-recorder/backend/../recordings/director_outputs/director_output_1777904939.mp4,2026-05-04 14:27:12,False
2604,碎金金卷发 粉调灰色,1,director,2,2,,/Users/claw/work/douyin-recorder/backend/../recordings/director_outputs/director_output_1777905562.mp4,-1,,2026-05-04 14:37:38,False
2605,英区女高/阴躯女高/YJ练习生 浅色系/深棕发根染色,1,director,2,2,,/Users/claw/work/douyin-recorder/backend/../recordings/director_outputs/director_output_1777905789.mp4,2,/Users/claw/work/douyin-recorder/backend/../recordings/director_outputs/director_output_1777905780.mp4,2026-05-04 14:41:13,False
2606,中分直发/齐刘海直发 黑巧克力色,2,director,2,2,,/Users/claw/work/douyin-recorder/backend/../recordings/director_outputs/director_output_1777906185.mp4,2,/Users/claw/work/douyin-recorder/backend/../recordings/director_outputs/director_output_1777906201.mp4,2026-05-04 14:48:03,False
2607,黑色大波浪微卷长款 自然黑,2,director,2,2,,/Users/claw/work/douyin-recorder/backend/../recordings/director_outputs/director_output_1777929476.mp4,2,/Users/claw/work/douyin-recorder/backend/../recordings/director_outputs/director_output_1777931972.mp4,2026-05-04 14:53:12,False
2608,五号脸肩直发（仿递针） 黑巧克力色,2,director,2,2,,/Users/claw/work/douyin-recorder/backend/../recordings/director_outputs/director_output_1777906794.mp4,-1,,2026-05-04 14:58:01,False
2609,1号中分微卷长发 蜂蜜棕,2,director,2,2,,/Users/claw/work/douyin-recorder/backend/../recordings/director_outputs/director_output_1777907056.mp4,2,/Users/claw/work/douyin-recorder/backend/../recordings/director_outputs/director_output_1777907080.mp4,2026-05-04 15:02:18,False
2610,四号安娜娃娃卷 亚麻色,2,director,2,2,,/Users/claw/work/douyin-recorder/backend/../recordings/director_outputs/director_output_1777907371.mp4,2,/Users/claw/work/douyin-recorder/backend/../recordings/director_outputs/director_output_1777907363.mp4,2026-05-04 15:07:32,False
2611,中分微卷长发 树莓红（6号）,2,director,2,2,,/Users/claw/work/douyin-recorder/backend/../recordings/director_outputs/director_output_1777907636.mp4,2,/Users/claw/work/douyin-recorder/backend/../recordings/director_outputs/director_output_1777907660.mp4,2026-05-04 15:12:07,False
2612,微卷复合卷中长发（6号零件） 树莓红,2,director,2,2,,/Users/claw/work/douyin-recorder/backend/../recordings/director_outputs/director_output_1777907905.mp4,2,/Users/claw/work/douyin-recorder/backend/../recordings/director_outputs/director_output_1777907889.mp4,2026-05-04 15:15:23,False
2613,嘟嘟熊中长卷发（三号） 黑棕色,2,director,2,2,,/Users/claw/work/douyin-recorder/backend/../recordings/director_outputs/director_output_1777908057.mp4,2,/Users/claw/work/douyin-recorder/backend/../recordings/director_outputs/director_output_1777908076.mp4,2026-05-04 15:19:06,False
2614,水光绸缎长直发 黑茶色,2,director,2,2,,/Users/claw/work/douyin-recorder/backend/../recordings/director_outputs/director_output_1777908293.mp4,2,/Users/claw/work/douyin-recorder/backend/../recordings/director_outputs/director_output_1777908320.mp4,2026-05-04 15:22:56,False
2615,微卷发/比熊卷发 橙金棕色,2,director,2,2,,/Users/claw/work/douyin-recorder/backend/../recordings/director_outputs/director_output_1777908477.mp4,2,/Users/claw/work/douyin-recorder/backend/../recordings/director_outputs/director_output_1777908505.mp4,2026-05-04 15:26:13,False
2616,中分微卷长发（千金风） 蜂蜜棕,2,director,2,2,,/Users/claw/work/douyin-recorder/backend/../recordings/director_outputs/director_output_1777908738.mp4,2,/Users/claw/work/douyin-recorder/backend/../recordings/director_outputs/director_output_1777908757.mp4,2026-05-04 15:30:31,False
2617,灰粉沙金卷发 灰粉色,2,director,2,2,,/Users/claw/work/douyin-recorder/backend/../recordings/director_outputs/director_output_1777910935.mp4,2,/Users/claw/work/douyin-recorder/backend/../recordings/director_outputs/director_output_1777910956.mp4,2026-05-04 16:06:28,False
2618,蜜桃乌龙中分卷发 蜜桃乌龙色,2,director,2,2,,/Users/claw/work/douyin-recorder/backend/../recordings/director_outputs/director_output_1777911039.mp4,2,/Users/claw/work/douyin-recorder/backend/../recordings/director_outputs/director_output_1777911117.mp4,2026-05-04 16:08:52,False
2619,海藻卷层次发（中分/旁分款） 灰粉色/琥珀黑棕色,2,director,2,2,,/Users/claw/work/douyin-recorder/backend/../recordings/director_outputs/director_output_1777911350.mp4,2,/Users/claw/work/douyin-recorder/backend/../recordings/director_outputs/director_output_1777911383.mp4,2026-05-04 16:13:34,False
2620,树莓红,2,director,2,2,,/Users/claw/work/douyin-recorder/backend/../recordings/director_outputs/director_output_1777929386.mp4,2,/Users/claw/work/douyin-recorder/backend/../recordings/director_outputs/director_output_1782561783.mp4,2026-05-04 16:15:02,False
2621,日式内扣中长卷发 黑棕色,2,director,2,2,,/Users/claw/work/douyin-recorder/backend/../recordings/director_outputs/director_output_1777911652.mp4,2,/Users/claw/work/douyin-recorder/backend/../recordings/director_outputs/director_output_1777911680.mp4,2026-05-04 16:19:01,False
2622,微卷长发 树莓红,2,director,2,2,,/Users/claw/work/douyin-recorder/backend/../recordings/director_outputs/director_output_1777912364.mp4,2,/Users/claw/work/douyin-recorder/backend/../recordings/director_outputs/director_output_1777912384.mp4,2026-05-04 16:30:45,False
2623,中分/齐刘海长直卷发 树莓红/自然色,2,director,2,2,,/Users/claw/work/douyin-recorder/backend/../recordings/director_outputs/director_output_1777912741.mp4,2,/Users/claw/work/douyin-recorder/backend/../recordings/director_outputs/director_output_1777912594.mp4,2026-05-04 16:34:23,False
2624,安娜中长直发（4号） 蜜茶亚麻色,2,director,2,2,,/Users/claw/work/douyin-recorder/backend/../recordings/director_outputs/director_output_1777912826.mp4,2,/Users/claw/work/douyin-recorder/backend/../recordings/director_outputs/director_output_1777912844.mp4,2026-05-04 16:38:24,False
2625,小卷发/长直发 黑巧克力/亚麻浅棕,2,director,2,2,,/Users/claw/work/douyin-recorder/backend/../recordings/director_outputs/director_output_1777913054.mp4,2,/Users/claw/work/douyin-recorder/backend/../recordings/director_outputs/director_output_1777913059.mp4,2026-05-04 16:41:56,False
2626,中分直发 巧克力色,2,director,2,2,,/Users/claw/work/douyin-recorder/backend/../recordings/director_outputs/director_output_1777929318.mp4,-1,,2026-05-04 16:43:09,False
2627,5号中分直发 黑巧克力,2,director,2,2,,/Users/claw/work/douyin-recorder/backend/../recordings/director_outputs/director_output_1777913855.mp4,2,/Users/claw/work/douyin-recorder/backend/../recordings/director_outputs/director_output_1777913864.mp4,2026-05-04 16:55:41,False
2628,微卷长发（V卷） 蜂蜜茶棕色,2,director,2,2,,/Users/claw/work/douyin-recorder/backend/../recordings/director_outputs/director_output_1777914057.mp4,2,/Users/claw/work/douyin-recorder/backend/../recordings/director_outputs/director_output_1777914071.mp4,2026-05-04 16:58:57,False
2629,红辣椒中分微卷长发 红色（蜂蜜棕）,2,director,2,2,,/Users/claw/work/douyin-recorder/backend/../recordings/director_outputs/director_output_1777914303.mp4,2,/Users/claw/work/douyin-recorder/backend/../recordings/director_outputs/director_output_1777914320.mp4,2026-05-04 17:03:10,False
2630,中长卷发（中分/刘海两款） 红色,2,director,2,2,,/Users/claw/work/douyin-recorder/backend/../recordings/director_outputs/director_output_1777929247.mp4,2,/Users/claw/work/douyin-recorder/backend/../recordings/director_outputs/director_output_1777931112.mp4,2026-05-04 17:06:50,False
2631,中分/齐六号发型 红色,2,director,2,2,,/Users/claw/work/douyin-recorder/backend/../recordings/director_outputs/director_output_1777916765.mp4,-1,,2026-05-04 17:08:28,False
2632,微卷长发（八号领款） 黑茶色/自然黑,2,director,2,2,,/Users/claw/work/douyin-recorder/backend/../recordings/director_outputs/director_output_1777915306.mp4,2,/Users/claw/work/douyin-recorder/backend/../recordings/director_outputs/director_output_1777915325.mp4,2026-05-04 17:19:59,False
2633,水光绸缎长直发 蜜棕亚麻色,2,director,2,2,,/Users/claw/work/douyin-recorder/backend/../recordings/director_outputs/director_output_1777915539.mp4,2,/Users/claw/work/douyin-recorder/backend/../recordings/director_outputs/director_output_1777915559.mp4,2026-05-04 17:23:47,False
2634,海藻卷长发 黑巧丽（深棕黑）,2,director,2,2,,/Users/claw/work/douyin-recorder/backend/../recordings/director_outputs/director_output_1777915749.mp4,2,/Users/claw/work/douyin-recorder/backend/../recordings/director_outputs/director_output_1777915792.mp4,2026-05-04 17:27:33,False
2635,海藻卷长发 黑巧克力色,2,director,2,2,,/Users/claw/work/douyin-recorder/backend/../recordings/director_outputs/director_output_1777915979.mp4,2,/Users/claw/work/douyin-recorder/backend/../recordings/director_outputs/director_output_1777915999.mp4,2026-05-04 17:30:44,False
2636,梨花烫/水母头,2,director,2,2,,/Users/claw/work/douyin-recorder/backend/../recordings/director_outputs/director_output_1777916782.mp4,-1,,2026-05-04 17:31:53,False
2637,娃娃卷一刀切 蜂蜜亚麻色,2,director,2,2,,/Users/claw/work/douyin-recorder/backend/../recordings/director_outputs/director_output_1777917087.mp4,2,/Users/claw/work/douyin-recorder/backend/../recordings/director_outputs/director_output_1777917105.mp4,2026-05-04 17:49:22,False
2638,浅色长直发 西柚橘粉色,2,director,2,2,,/Users/claw/work/douyin-recorder/backend/../recordings/director_outputs/director_output_1777917412.mp4,2,/Users/claw/work/douyin-recorder/backend/../recordings/director_outputs/director_output_1777917440.mp4,2026-05-04 17:55:14,False
2639,微卷长发 菊粉色/西又色,2,director,2,2,,/Users/claw/work/douyin-recorder/backend/../recordings/director_outputs/director_output_1777923723.mp4,-1,,2026-05-04 17:59:41,False
2640,凌乱内扣卷长发（六号）,2,director,2,2,,/Users/claw/work/douyin-recorder/backend/../recordings/director_outputs/director_output_1777929155.mp4,2,/Users/claw/work/douyin-recorder/backend/../recordings/director_outputs/director_output_1777930846.mp4,2026-05-04 18:06:44,False
2641,中长卷发（1号、10号） 蜜棕色/橘棕色,2,director,2,2,,/Users/claw/work/douyin-recorder/backend/../recordings/director_outputs/director_output_1777929036.mp4,2,/Users/claw/work/douyin-recorder/backend/../recordings/director_outputs/director_output_1777930588.mp4,2026-05-04 18:30:00,False
2642,长直发/复合卷发多款 橘棕色/树莓红,2,director,2,2,,/Users/claw/work/douyin-recorder/backend/../recordings/director_outputs/director_output_1777929013.mp4,2,/Users/claw/work/douyin-recorder/backend/../recordings/director_outputs/director_output_1777930387.mp4,2026-05-04 18:34:16,False
2643,三号蕾丝中分卷发 树莓红,2,director,2,2,,/Users/claw/work/douyin-recorder/backend/../recordings/director_outputs/director_output_1777928672.mp4,2,/Users/claw/work/douyin-recorder/backend/../recordings/director_outputs/director_output_1777930131.mp4,2026-05-04 18:39:25,False
2644,齿流刘海假发,2,director,2,2,,/Users/claw/work/douyin-recorder/backend/../recordings/director_outputs/director_output_1777928639.mp4,-1,,2026-05-04 18:41:21,False
2645,中分直发（5号） 巧克力色,2,director,2,2,,/Users/claw/work/douyin-recorder/recordings/director_outputs/director_output_1777928672.mp4,2,/Users/claw/work/douyin-recorder/backend/../recordings/director_outputs/director_output_1777929625.mp4,2026-05-04 19:33:29,False
2646,中分直发 黑巧克力色,2,director,2,2,,/Users/claw/work/douyin-recorder/backend/../recordings/director_outputs/director_output_1777928447.mp4,2,/Users/claw/work/douyin-recorder/backend/../recordings/director_outputs/director_output_1777929466.mp4,2026-05-04 19:38:03,False
2647,中分直发/起流海直发 黑巧克力色,2,director,2,2,,/Users/claw/work/douyin-recorder/recordings/director_outputs/director_output_1777996147.mp4,2,/Users/claw/work/douyin-recorder/backend/../recordings/director_outputs/director_output_1777929020.mp4,2026-05-04 19:42:18,False
2648,九号小卷长发（80cm） 橙色/红色/金棕色,2,director,2,2,,/Users/claw/work/douyin-recorder/backend/../recordings/director_outputs/director_output_1777927618.mp4,2,/Users/claw/work/douyin-recorder/backend/../recordings/director_outputs/director_output_1777928585.mp4,2026-05-04 19:46:00,False
2649,米金比熊发型 橙金色,2,director,2,2,,/Users/claw/work/douyin-recorder/recordings/director_outputs/director_output_1777928928.mp4,-1,,2026-05-04 19:47:21,False
2650,乌龙系列卷发 渐变粉棕（粉棕渐变粉纱金）,2,director,2,2,,/Users/claw/work/douyin-recorder/backend/../recordings/director_outputs/director_output_1778084924.mp4,2,/Users/claw/work/douyin-recorder/backend/../recordings/director_outputs/director_output_1778084943.mp4,2026-05-06 16:26:48,False
2651,海藻卷长发（含刘海款） 灰粉色,2,director,2,2,,/Users/claw/work/douyin-recorder/backend/../recordings/director_outputs/director_output_1778085310.mp4,2,/Users/claw/work/douyin-recorder/backend/../recordings/director_outputs/director_output_1778085328.mp4,2026-05-06 16:33:11,False
2652,公主长直发（中分/齐刘海两款） 蜜棕色/灰粉色,2,director,2,2,,/Users/claw/work/douyin-recorder/backend/../recordings/director_outputs/director_output_1778085655.mp4,2,/Users/claw/work/douyin-recorder/backend/../recordings/director_outputs/director_output_1778085684.mp4,2026-05-06 16:38:44,False
2653,微卷全头套两用款,2,director,2,2,,/Users/claw/work/douyin-recorder/backend/../recordings/director_outputs/director_output_1778085821.mp4,2,/Users/claw/work/douyin-recorder/backend/../recordings/director_outputs/director_output_1778085902.mp4,2026-05-06 16:41:38,False
2654,中分长卷发,2,director,2,2,,/Users/claw/work/douyin-recorder/backend/../recordings/director_outputs/director_output_1778086386.mp4,2,/Users/claw/work/douyin-recorder/backend/../recordings/director_outputs/director_output_1778086408.mp4,2026-05-06 16:50:58,False
2655,长直发/卷发两款（一号二号） 蜜茶棕色（七六号）,2,director,2,2,,/Users/claw/work/douyin-recorder/backend/../recordings/director_outputs/director_output_1778086803.mp4,2,/Users/claw/work/douyin-recorder/backend/../recordings/director_outputs/director_output_1778086821.mp4,2026-05-06 16:57:18,False
2656,水波纹长卷发 冷棕色,2,director,2,2,,/Users/claw/work/douyin-recorder/backend/../recordings/director_outputs/director_output_1778086883.mp4,2,/Users/claw/work/douyin-recorder/backend/../recordings/director_outputs/director_output_1778086989.mp4,2026-05-06 16:59:38,False
2657,红辣椒长卷发 树莓红,2,director,2,2,,/Users/claw/work/douyin-recorder/backend/../recordings/director_outputs/director_output_1778087228.mp4,-1,,2026-05-06 17:05:09,False
2658,齐肩卷发全头套 冷棕色,2,director,2,2,,/Users/claw/work/douyin-recorder/backend/../recordings/director_outputs/director_output_1778087709.mp4,-1,,2026-05-06 17:13:17,False
2659,水木头日韩中长卷发 黑棕色,2,director,2,2,,/Users/claw/work/douyin-recorder/backend/../recordings/director_outputs/director_output_1778088035.mp4,2,/Users/claw/work/douyin-recorder/backend/../recordings/director_outputs/director_output_1778088059.mp4,2026-05-06 17:18:19,False
2660,双马尾卷发假发 金色、灰金色、灰粉色,2,director,2,2,,/Users/claw/work/douyin-recorder/backend/../recordings/director_outputs/director_output_1778088150.mp4,2,/Users/claw/work/douyin-recorder/backend/../recordings/director_outputs/director_output_1778088216.mp4,2026-05-06 17:20:58,False
2661,海藻卷 蜜桃粉渐变（蜜棕）,2,director,2,2,,/Users/claw/work/douyin-recorder/backend/../recordings/director_outputs/director_output_1778088471.mp4,2,/Users/claw/work/douyin-recorder/backend/../recordings/director_outputs/director_output_1778088480.mp4,2026-05-06 17:25:57,False
2662,中分直发 黑巧克力,2,director,2,2,,/Users/claw/work/douyin-recorder/backend/../recordings/director_outputs/director_output_1778089367.mp4,2,/Users/claw/work/douyin-recorder/backend/../recordings/director_outputs/director_output_1778089398.mp4,2026-05-06 17:40:19,False
2663,黑巧克力中分直发 黑巧克力色（深棕红）,2,director,2,2,,/Users/claw/work/douyin-recorder/backend/../recordings/director_outputs/director_output_1778089562.mp4,2,/Users/claw/work/douyin-recorder/backend/../recordings/director_outputs/director_output_1778089594.mp4,2026-05-06 17:44:11,False
2664,中分直发、比熊卷发 黑巧克力色、橙金棕色,2,director,2,2,,/Users/claw/work/douyin-recorder/backend/../recordings/director_outputs/director_output_1778089823.mp4,2,/Users/claw/work/douyin-recorder/backend/../recordings/director_outputs/director_output_1778089861.mp4,2026-05-06 17:48:08,False
2665,中分卷发（半扎款） 自然黑/棕色,2,director,2,2,,/Users/claw/work/douyin-recorder/backend/../recordings/director_outputs/director_output_1778089946.mp4,2,/Users/claw/work/douyin-recorder/backend/../recordings/director_outputs/director_output_1778090020.mp4,2026-05-06 17:50:41,False
2666,韩系微卷中分长发 黑茶色,2,director,2,2,,/Users/claw/work/douyin-recorder/backend/../recordings/director_outputs/director_output_1778090710.mp4,2,/Users/claw/work/douyin-recorder/backend/../recordings/director_outputs/director_output_1778090744.mp4,2026-05-06 18:03:15,False
2667,水光起刘海卷发 自然黑,2,director,2,2,,/Users/claw/work/douyin-recorder/backend/../recordings/director_outputs/director_output_1778090970.mp4,2,/Users/claw/work/douyin-recorder/backend/../recordings/director_outputs/director_output_1778091001.mp4,2026-05-06 18:07:28,False
2668,长直发高层次潮色款 蜜棕色,2,director,2,2,,/Users/claw/work/douyin-recorder/backend/../recordings/director_outputs/director_output_1778091075.mp4,2,/Users/claw/work/douyin-recorder/backend/../recordings/director_outputs/director_output_1778091144.mp4,2026-05-06 18:09:31,False
2669,千金风长直发（中分款） 蜂蜜棕/芝麻乌龙,2,director,2,2,,/Users/claw/work/douyin-recorder/backend/../recordings/director_outputs/director_output_1778091364.mp4,2,/Users/claw/work/douyin-recorder/backend/../recordings/director_outputs/director_output_1778091384.mp4,2026-05-06 18:14:08,False
2670,全头套免发网中分直发 蜂蜜茶棕色、黑巧克力色、树莓红,2,director,2,2,,/Users/claw/work/douyin-recorder/backend/../recordings/director_outputs/director_output_1778092368.mp4,2,/Users/claw/work/douyin-recorder/backend/../recordings/director_outputs/director_output_1778092389.mp4,2026-05-06 18:30:21,False
2671,卷发/直发/公主头多款展示 西游色橘粉色,2,director,2,2,,/Users/claw/work/douyin-recorder/backend/../recordings/director_outputs/director_output_1778092672.mp4,2,/Users/claw/work/douyin-recorder/backend/../recordings/director_outputs/director_output_1778092704.mp4,2026-05-06 18:35:05,False
2672,蜜桃乌龙免发网假发,2,director,2,2,,/Users/claw/work/douyin-recorder/backend/../recordings/director_outputs/director_output_1779190715.mp4,2,/Users/claw/work/douyin-recorder/backend/../recordings/director_outputs/director_output_1779189513.mp4,2026-05-06 18:37:49,False
2673,大波浪长卷发 焦糖亚麻棕,2,director,2,2,,/Users/claw/work/douyin-recorder/backend/../recordings/director_outputs/director_output_1778093056.mp4,2,/Users/claw/work/douyin-recorder/backend/../recordings/director_outputs/director_output_1778093076.mp4,2026-05-06 18:42:24,False
2674,海藻卷中分/七分假发 蜜桃乌龙（灰粉色）,2,director,2,2,,/Users/claw/work/douyin-recorder/backend/../recordings/director_outputs/director_output_1778093937.mp4,2,/Users/claw/work/douyin-recorder/backend/../recordings/director_outputs/director_output_1778093957.mp4,2026-05-06 18:56:52,False
2675,复合卷大波浪长发 冷棕色,2,director,2,2,,/Users/claw/work/douyin-recorder/backend/../recordings/director_outputs/director_output_1779191317.mp4,2,/Users/claw/work/douyin-recorder/backend/../recordings/director_outputs/director_output_1779189703.mp4,2026-05-06 19:00:53,False
2676,海藻卷/复合大波浪全头套 冷棕色、粉色、蜜桃色、蜜棕色,2,director,2,2,,/Users/claw/work/douyin-recorder/backend/../recordings/director_outputs/director_output_1778094476.mp4,2,/Users/claw/work/douyin-recorder/backend/../recordings/director_outputs/director_output_1778094503.mp4,2026-05-06 19:05:26,False
2677,中分直发长款假发 密棕色,2,director,2,2,,/Users/claw/work/douyin-recorder/backend/../recordings/director_outputs/director_output_1778094564.mp4,2,/Users/claw/work/douyin-recorder/backend/../recordings/director_outputs/director_output_1778094676.mp4,2026-05-06 19:07:14,False
2678,羊毛卷 黑色,2,director,2,2,,/Users/claw/work/douyin-recorder/backend/../recordings/director_outputs/director_output_1778094764.mp4,2,/Users/claw/work/douyin-recorder/backend/../recordings/director_outputs/director_output_1778094826.mp4,2026-05-06 19:11:09,False
2679,碎晶晶卷发 灰色（加粉调灰）,1,director,2,2,,/Users/claw/work/douyin-recorder/backend/../recordings/director_outputs/director_output_1778159210.mp4,2,/Users/claw/work/douyin-recorder/backend/../recordings/director_outputs/director_output_1778159226.mp4,2026-05-07 13:04:19,False
2680,加长豆瓣短发,1,director,2,2,,/Users/claw/work/douyin-recorder/backend/../recordings/director_outputs/director_output_1778159692.mp4,2,/Users/claw/work/douyin-recorder/backend/../recordings/director_outputs/director_output_1778159707.mp4,2026-05-07 13:12:01,False
2681,直发与卷发短中长款假发 灰金/白金/粉调灰,1,director,2,2,,/Users/claw/work/douyin-recorder/backend/../recordings/director_outputs/director_output_1778160016.mp4,2,/Users/claw/work/douyin-recorder/backend/../recordings/director_outputs/director_output_1778160024.mp4,2026-05-07 13:18:23,False
2682,明日香中分大波浪、奥润菊、赏金猎人 橘黄色、棕色,1,director,2,2,,/Users/claw/work/douyin-recorder/backend/../recordings/director_outputs/director_output_1778160348.mp4,2,/Users/claw/work/douyin-recorder/backend/../recordings/director_outputs/director_output_1778160374.mp4,2026-05-07 13:24:09,False
2683,茶冻芝士中长卷发 奶茶芝士色,1,director,2,2,,/Users/claw/work/douyin-recorder/backend/../recordings/director_outputs/director_output_1778160718.mp4,2,/Users/claw/work/douyin-recorder/backend/../recordings/director_outputs/director_output_1778160743.mp4,2026-05-07 13:30:15,False
2684,黑茶知识直发 自然黑,1,director,2,2,,/Users/claw/work/douyin-recorder/backend/../recordings/director_outputs/director_output_1778161554.mp4,2,/Users/claw/work/douyin-recorder/backend/../recordings/director_outputs/director_output_1778161576.mp4,2026-05-07 13:44:11,False
2685,赏金猎人 黑茶色,1,director,2,2,,/Users/claw/work/douyin-recorder/backend/../recordings/director_outputs/director_output_1778161886.mp4,2,/Users/claw/work/douyin-recorder/backend/../recordings/director_outputs/director_output_1778161908.mp4,2026-05-07 13:49:54,False
2686,赏金猎人中分卷发,1,director,2,2,,/Users/claw/work/douyin-recorder/backend/../recordings/director_outputs/director_output_1778162138.mp4,2,/Users/claw/work/douyin-recorder/backend/../recordings/director_outputs/director_output_1778162152.mp4,2026-05-07 13:53:47,False
2687,碎金金卷发（仿地针款） 浅金色,1,director,2,2,,/Users/claw/work/douyin-recorder/backend/../recordings/director_outputs/director_output_1778162960.mp4,2,/Users/claw/work/douyin-recorder/backend/../recordings/director_outputs/director_output_1778162976.mp4,2026-05-07 14:07:30,False
2688,真地真手勾假发 灰粉调,1,director,2,2,,/Users/claw/work/douyin-recorder/backend/../recordings/director_outputs/director_output_1778163249.mp4,2,/Users/claw/work/douyin-recorder/backend/../recordings/director_outputs/director_output_1778163263.mp4,2026-05-07 14:12:18,False
2689,真逼真全头套（高温丝仿真头皮工艺） 芝士色/焦糖色/人生色,1,director,2,2,,/Users/claw/work/douyin-recorder/backend/../recordings/director_outputs/director_output_1778163557.mp4,2,/Users/claw/work/douyin-recorder/backend/../recordings/director_outputs/director_output_1778163574.mp4,2026-05-07 14:17:23,False
2690,真地针双层蕾丝手勾全头套 黑色、棕色,1,director,2,2,,/Users/claw/work/douyin-recorder/backend/../recordings/director_outputs/director_output_1779202955.mp4,-1,,2026-05-07 14:34:25,False
2691,针地针工艺高温丝假发,1,director,2,2,,/Users/claw/work/douyin-recorder/backend/../recordings/director_outputs/director_output_1778164891.mp4,2,/Users/claw/work/douyin-recorder/backend/../recordings/director_outputs/director_output_1778164909.mp4,2026-05-07 14:39:40,False
2693,长直发（含刘海造型展示） 棕色,1,director,2,2,,/Users/claw/work/douyin-recorder/backend/../recordings/director_outputs/director_output_1778165934.mp4,2,/Users/claw/work/douyin-recorder/backend/../recordings/director_outputs/director_output_1778165955.mp4,2026-05-07 14:57:11,False
2694,乌梅子酱直发/氧气粒子卷 粉调紫色,1,director,2,2,,/Users/claw/work/douyin-recorder/backend/../recordings/director_outputs/director_output_1778166224.mp4,2,/Users/claw/work/douyin-recorder/backend/../recordings/director_outputs/director_output_1778166249.mp4,2026-05-07 15:01:57,False
2695,乌梅子酱/夺回人生直发卷发 自然黑、紫色、棕色,1,director,2,2,,/Users/claw/work/douyin-recorder/backend/../recordings/director_outputs/director_output_1778166663.mp4,2,/Users/claw/work/douyin-recorder/backend/../recordings/director_outputs/director_output_1778166679.mp4,2026-05-07 15:09:03,False
2696,人生一如反掌（中长直发） 焦糖棕色,1,director,2,2,,/Users/claw/work/douyin-recorder/backend/../recordings/director_outputs/director_output_1778167599.mp4,2,/Users/claw/work/douyin-recorder/backend/../recordings/director_outputs/director_output_1778167616.mp4,2026-05-07 15:24:45,False
2697,英区76号女团感假发 焦糖色/棕色,1,director,2,2,,/Users/claw/work/douyin-recorder/backend/../recordings/director_outputs/director_output_1778167979.mp4,2,/Users/claw/work/douyin-recorder/backend/../recordings/director_outputs/director_output_1778167985.mp4,2026-05-07 15:31:02,False
2698,英区76号女团齐刘海假发 焦糖色/橘调金色,1,director,2,2,,/Users/claw/work/douyin-recorder/backend/../recordings/director_outputs/director_output_1778168143.mp4,2,/Users/claw/work/douyin-recorder/backend/../recordings/director_outputs/director_output_1778168191.mp4,2026-05-07 15:33:57,False
2699,裁发千金（小头款仿头皮蕾丝假发） 粒子棕,1,director,2,2,,/Users/claw/work/douyin-recorder/backend/../recordings/director_outputs/director_output_1778168332.mp4,2,/Users/claw/work/douyin-recorder/backend/../recordings/director_outputs/director_output_1778168371.mp4,2026-05-07 15:37:11,False
2700,裁发千金（小头款仿头皮卷发） 粒子棕（浅棕色）,1,director,2,2,,/Users/claw/work/douyin-recorder/backend/../recordings/director_outputs/director_output_1778168520.mp4,2,/Users/claw/work/douyin-recorder/backend/../recordings/director_outputs/director_output_1778168558.mp4,2026-05-07 15:40:16,False
2701,碎晶晶卷发 粉调灰色（奶茶色）,1,director,2,2,,/Users/claw/work/douyin-recorder/backend/../recordings/director_outputs/director_output_1778169080.mp4,2,/Users/claw/work/douyin-recorder/backend/../recordings/director_outputs/director_output_1778169097.mp4,2026-05-07 15:49:22,False
2702,头顶补发片（仿地针真人发） 摩卡色,1,director,2,2,,/Users/claw/work/douyin-recorder/backend/../recordings/director_outputs/director_output_1778169246.mp4,2,/Users/claw/work/douyin-recorder/backend/../recordings/director_outputs/director_output_1778169281.mp4,2026-05-07 15:52:25,False
2703,头顶补发片 黑茶、魔卡色、白金,1,director,2,2,,/Users/claw/work/douyin-recorder/backend/../recordings/director_outputs/director_output_1778169730.mp4,2,/Users/claw/work/douyin-recorder/backend/../recordings/director_outputs/director_output_1778169737.mp4,2026-05-07 16:00:22,False
2704,安娜 亚麻棕色,2,director,2,2,,/Users/claw/work/douyin-recorder/backend/../recordings/director_outputs/director_output_1778170030.mp4,-1,,2026-05-07 16:05:09,False
2705,长卷发新款（拉美小卷纹理卷） 灰金色,2,director,2,2,,/Users/claw/work/douyin-recorder/backend/../recordings/director_outputs/director_output_1778170217.mp4,2,/Users/claw/work/douyin-recorder/backend/../recordings/director_outputs/director_output_1778170246.mp4,2026-05-07 16:08:01,False
2706,千金风卷发公主款 蜜棕色,2,director,2,2,,/Users/claw/work/douyin-recorder/backend/../recordings/director_outputs/director_output_1778170315.mp4,2,/Users/claw/work/douyin-recorder/backend/../recordings/director_outputs/director_output_1778170439.mp4,2026-05-07 16:09:35,False
2707,中分长直发高层次精修款 蜂蜜棕,2,director,2,2,,/Users/claw/work/douyin-recorder/backend/../recordings/director_outputs/director_output_1778170590.mp4,2,/Users/claw/work/douyin-recorder/backend/../recordings/director_outputs/director_output_1778170638.mp4,2026-05-07 16:13:37,False
2708,短发补发片（布丁头救星） 茶棕色,1,director,2,2,,/Users/claw/work/douyin-recorder/backend/../recordings/director_outputs/director_output_1778171157.mp4,2,/Users/claw/work/douyin-recorder/backend/../recordings/director_outputs/director_output_1778171182.mp4,2026-05-07 16:23:56,False
2709,中分卷发/齐刘海/起落号多款 白金色,2,director,2,2,,/Users/claw/work/douyin-recorder/backend/../recordings/director_outputs/director_output_1778171302.mp4,2,/Users/claw/work/douyin-recorder/backend/../recordings/director_outputs/director_output_1778171349.mp4,2026-05-07 16:26:47,False
2710,蜜茶棕中分/骑刘海卷发 蜜茶棕、蜜桃乌龙、灰粉色,2,director,2,2,,/Users/claw/work/douyin-recorder/backend/../recordings/director_outputs/director_output_1778171621.mp4,-1,,2026-05-07 16:31:29,False
2711,渐变小卷长发（二号） 灰粉渐变色,2,director,2,2,,/Users/claw/work/douyin-recorder/backend/../recordings/director_outputs/director_output_1778172058.mp4,2,/Users/claw/work/douyin-recorder/backend/../recordings/director_outputs/director_output_1778172101.mp4,2026-05-07 16:37:03,False
2712,直发起落号款式 黑巧克力色,2,director,2,2,,/Users/claw/work/douyin-recorder/backend/../recordings/director_outputs/director_output_1778172173.mp4,2,/Users/claw/work/douyin-recorder/backend/../recordings/director_outputs/director_output_1778172277.mp4,2026-05-07 16:39:23,False
2713,中分长直发全头套 黑巧克力色,2,director,2,2,,/Users/claw/work/douyin-recorder/backend/../recordings/director_outputs/director_output_1778172320.mp4,2,/Users/claw/work/douyin-recorder/backend/../recordings/director_outputs/director_output_1778172619.mp4,2026-05-07 16:43:20,False
2714,中分直发长款 黑巧克力色,2,director,2,2,,/Users/claw/work/douyin-recorder/backend/../recordings/director_outputs/director_output_1778172595.mp4,2,/Users/claw/work/douyin-recorder/backend/../recordings/director_outputs/director_output_1778172836.mp4,2026-05-07 16:47:06,False
2715,齐刘海卷发 冷棕色,2,director,2,2,,/Users/claw/work/douyin-recorder/backend/../recordings/director_outputs/director_output_1778235876.mp4,-1,,2026-05-07 16:51:25,False
2716,混合卷设计长卷发（4号熟女款） 冷棕色,2,director,2,2,,/Users/claw/work/douyin-recorder/backend/../recordings/director_outputs/director_output_1778179911.mp4,-1,,2026-05-07 16:57:38,False
2717,MUC许愿款中分微卷长发 蜜茶棕色,2,director,2,2,,/Users/claw/work/douyin-recorder/backend/../recordings/director_outputs/director_output_1778179665.mp4,-1,,2026-05-07 17:21:41,False
2718,韩系微卷中分长发,2,director,2,2,,/Users/claw/work/douyin-recorder/backend/../recordings/director_outputs/director_output_1778179604.mp4,-1,,2026-05-07 17:30:07,False
2719,大波浪卷发长发 灰金色,2,director,2,2,,/Users/claw/work/douyin-recorder/backend/../recordings/director_outputs/director_output_1778179417.mp4,2,/Users/claw/work/douyin-recorder/backend/../recordings/director_outputs/director_output_1778179820.mp4,2026-05-07 17:39:40,False
2720,中长直发 琥珀黑棕,2,director,2,2,,/Users/claw/work/douyin-recorder/backend/../recordings/director_outputs/director_output_1778179393.mp4,2,/Users/claw/work/douyin-recorder/backend/../recordings/director_outputs/director_output_1778179467.mp4,2026-05-07 17:43:05,False
2721,高层次直发 西游色/亚麻色/黑茶色,2,director,2,2,,/Users/claw/work/douyin-recorder/backend/../recordings/director_outputs/director_output_1778235504.mp4,-1,,2026-05-07 18:53:45,False
2722,中长卷发（西柚惠子/水木头高层次） 黑棕色/西柚粉,2,director,2,2,,/Users/claw/work/douyin-recorder/backend/../recordings/director_outputs/director_output_1778235776.mp4,-1,,2026-05-07 19:29:24,False
2723,二号领袭卷发（中分款） 灰粉色,2,director,2,2,,/Users/claw/work/douyin-recorder/backend/../recordings/director_outputs/director_output_1778259087.mp4,-1,,2026-05-07 21:13:09,False
2724,蜜桃乌龙卷发（中分/起落号） 蜜桃乌龙渐变潮色,2,director,2,2,,/Users/claw/work/douyin-recorder/backend/../recordings/director_outputs/director_output_1778259140.mp4,-1,,2026-05-07 21:18:33,False
2725,大波浪卷发 冷棕色,2,director,2,2,,/Users/claw/work/douyin-recorder/backend/../recordings/director_outputs/director_output_1778259308.mp4,2,/Users/claw/work/douyin-recorder/backend/../recordings/director_outputs/director_output_1782545132.mp4,2026-05-07 21:21:09,False
2726,三号直发/齐刘海中分长发 黑巧克力棕色,2,director,2,2,,/Users/claw/work/douyin-recorder/backend/../recordings/director_outputs/director_output_1778259382.mp4,-1,,2026-05-07 21:25:29,False
2727,娃娃感长卷发（蜜灰金新款） 蜜灰金,2,director,2,2,,/Users/claw/work/douyin-recorder/backend/../recordings/director_outputs/director_output_1778259525.mp4,-1,,2026-05-07 21:29:56,False
2728,微卷长发 逆棕色,2,director,2,2,,/Users/claw/work/douyin-recorder/backend/../recordings/director_outputs/director_output_1778259659.mp4,-1,,2026-05-07 21:32:33,False
2729,短发直发 栗子棕,1,director,2,2,,/Users/claw/work/douyin-recorder/backend/../recordings/director_outputs/director_output_1778319100.mp4,-1,,2026-05-09 09:30:29,False
2730,羊毛蛋卷卷发 棕色,1,director,2,2,,/Users/claw/work/douyin-recorder/backend/../recordings/director_outputs/director_output_1778479986.mp4,2,/Users/claw/work/douyin-recorder/backend/../recordings/director_outputs/director_output_1778480010.mp4,2026-05-11 06:10:19,False
2731,仿地针手勾头皮大头皮假发,1,director,2,2,,/Users/claw/work/douyin-recorder/backend/../recordings/director_outputs/director_output_1778480452.mp4,2,/Users/claw/work/douyin-recorder/backend/../recordings/director_outputs/director_output_1778480461.mp4,2026-05-11 06:18:03,False
2732,古早甜心,1,director,2,2,,/Users/claw/work/douyin-recorder/backend/../recordings/director_outputs/director_output_1778480812.mp4,2,/Users/claw/work/douyin-recorder/backend/../recordings/director_outputs/director_output_1778480832.mp4,2026-05-11 06:23:57,False
2733,刘海假发/发帽,1,director,2,2,,/Users/claw/work/douyin-recorder/backend/../recordings/director_outputs/director_output_1778481164.mp4,2,/Users/claw/work/douyin-recorder/backend/../recordings/director_outputs/director_output_1778481187.mp4,2026-05-11 06:29:59,False
2734,富江（厚宽刘海日系直发）,1,director,2,2,,/Users/claw/work/douyin-recorder/backend/../recordings/director_outputs/director_output_1778481728.mp4,2,/Users/claw/work/douyin-recorder/backend/../recordings/director_outputs/director_output_1778481751.mp4,2026-05-11 06:39:25,False
2735,斜六号高腕头全头套 浅色/深色（多款）,1,director,2,2,,/Users/claw/work/douyin-recorder/backend/../recordings/director_outputs/director_output_1778482061.mp4,2,/Users/claw/work/douyin-recorder/backend/../recordings/director_outputs/director_output_1778482085.mp4,2026-05-11 06:44:59,False
2736,人生诱惑（偏分蓬松卷发） 深棕色,1,director,2,2,,/Users/claw/work/douyin-recorder/backend/../recordings/director_outputs/director_output_1778482409.mp4,2,/Users/claw/work/douyin-recorder/backend/../recordings/director_outputs/director_output_1778482422.mp4,2026-05-11 06:50:38,False
2737,乌梅子酱羊毛卷 紫色,1,director,2,2,,/Users/claw/work/douyin-recorder/backend/../recordings/director_outputs/director_output_1778506081.mp4,2,/Users/claw/work/douyin-recorder/backend/../recordings/director_outputs/director_output_1778506103.mp4,2026-05-11 13:26:17,False
2738,碎金金仿地针卷发 奶茶色（粉调）,1,director,2,2,,/Users/claw/work/douyin-recorder/backend/../recordings/director_outputs/director_output_1778506849.mp4,2,/Users/claw/work/douyin-recorder/backend/../recordings/director_outputs/director_output_1778506872.mp4,2026-05-11 13:37:56,False
2739,碎晶晶直发 奶茶色（微粉调灰色）,1,director,2,2,,/Users/claw/work/douyin-recorder/backend/../recordings/director_outputs/director_output_1778507359.mp4,2,/Users/claw/work/douyin-recorder/backend/../recordings/director_outputs/director_output_1778507381.mp4,2026-05-11 13:47:33,False
2740,仿地真工艺齐刘海长发 黑茶棕（茶棕知识色）,1,director,2,2,,/Users/claw/work/douyin-recorder/backend/../recordings/director_outputs/director_output_1778509038.mp4,2,/Users/claw/work/douyin-recorder/backend/../recordings/director_outputs/director_output_1778509052.mp4,2026-05-11 14:15:28,False
2741,仿地针工艺直发（黑茶知识款） 黑茶,1,director,2,2,,/Users/claw/work/douyin-recorder/backend/../recordings/director_outputs/director_output_1778509595.mp4,2,/Users/claw/work/douyin-recorder/backend/../recordings/director_outputs/director_output_1778509600.mp4,2026-05-11 14:24:50,False
2742,加州亚裔直发 巴黎化染（深色调挑染）,1,director,2,2,,/Users/claw/work/douyin-recorder/backend/../recordings/director_outputs/director_output_1778510376.mp4,2,/Users/claw/work/douyin-recorder/backend/../recordings/director_outputs/director_output_1778510401.mp4,2026-05-11 14:36:51,False
2743,人生一如繁长款假发,1,director,2,2,,/Users/claw/work/douyin-recorder/backend/../recordings/director_outputs/director_output_1779383904.mp4,2,/Users/claw/work/douyin-recorder/backend/../recordings/director_outputs/director_output_1779384323.mp4,2026-05-11 14:41:53,False
2744,仿地针大波浪卷发（人生/夺回款） 自然黑,1,director,2,2,,/Users/claw/work/douyin-recorder/backend/../recordings/director_outputs/director_output_1778511295.mp4,2,/Users/claw/work/douyin-recorder/backend/../recordings/director_outputs/director_output_1778511315.mp4,2026-05-11 14:53:01,False
2745,头顶补发片 摩卡色,1,director,2,2,,/Users/claw/work/douyin-recorder/backend/../recordings/director_outputs/director_output_1779383787.mp4,2,/Users/claw/work/douyin-recorder/backend/../recordings/director_outputs/director_output_1779384220.mp4,2026-05-11 14:56:38,False
2746,氧气粒子卷发 黑茶色,1,director,2,2,,/Users/claw/work/douyin-recorder/backend/../recordings/director_outputs/director_output_1778512285.mp4,2,/Users/claw/work/douyin-recorder/backend/../recordings/director_outputs/director_output_1778512299.mp4,2026-05-11 15:09:33,False
2747,好命女主仿地针直发 灰棕色,1,director,2,2,,/Users/claw/work/douyin-recorder/backend/../recordings/director_outputs/director_output_1778513030.mp4,2,/Users/claw/work/douyin-recorder/backend/../recordings/director_outputs/director_output_1778513034.mp4,2026-05-11 15:21:27,False
2748,头顶补发片（仿地针大底网） 摩卡色,1,director,2,2,,/Users/claw/work/douyin-recorder/backend/../recordings/director_outputs/director_output_1778513818.mp4,-1,,2026-05-11 15:34:46,False
2749,偏分/中分短发假发 摩卡色,1,director,2,2,,/Users/claw/work/douyin-recorder/backend/../recordings/director_outputs/director_output_1778514006.mp4,2,/Users/claw/work/douyin-recorder/backend/../recordings/director_outputs/director_output_1778514022.mp4,2026-05-11 15:38:19,False
2750,头顶补发片（仿地针头皮款） 黑色、摩卡色,1,director,2,2,,/Users/claw/work/douyin-recorder/backend/../recordings/director_outputs/director_output_1778514500.mp4,2,/Users/claw/work/douyin-recorder/backend/../recordings/director_outputs/director_output_1778514504.mp4,2026-05-11 15:46:31,False
2751,补发片（真人发） 摩卡色,1,director,2,2,,/Users/claw/work/douyin-recorder/backend/../recordings/director_outputs/director_output_1778514758.mp4,2,/Users/claw/work/douyin-recorder/backend/../recordings/director_outputs/director_output_1778514775.mp4,2026-05-11 15:50:49,False
2752,赏金恋人/赏金猎人/沉睡公主 脏橘色/白晶色/碎晶灰,1,director,2,2,,/Users/claw/work/douyin-recorder/backend/../recordings/director_outputs/director_output_1778515187.mp4,2,/Users/claw/work/douyin-recorder/backend/../recordings/director_outputs/director_output_1778515203.mp4,2026-05-11 15:57:48,False
2753,赏金猎人（脏橘色长直发） 脏橘色,1,director,2,2,,/Users/claw/work/douyin-recorder/backend/../recordings/director_outputs/director_output_1779091996.mp4,2,/Users/claw/work/douyin-recorder/backend/../recordings/director_outputs/director_output_1779092889.mp4,2026-05-11 16:05:00,False
2754,沉睡公主 白金,1,director,2,2,,/Users/claw/work/douyin-recorder/backend/../recordings/director_outputs/director_output_1778515967.mp4,2,/Users/claw/work/douyin-recorder/backend/../recordings/director_outputs/director_output_1778515993.mp4,2026-05-11 16:11:10,False
2755,丰博尔子 棕色,1,director,2,2,,/Users/claw/work/douyin-recorder/backend/../recordings/director_outputs/director_output_1778516276.mp4,-1,,2026-05-11 16:16:07,False
2756,多款假发对比介绍 黑色、棕色,2,director,2,2,,/Users/claw/work/douyin-recorder/backend/../recordings/director_outputs/director_output_1778516845.mp4,2,/Users/claw/work/douyin-recorder/backend/../recordings/director_outputs/director_output_1778516875.mp4,2026-05-11 16:24:58,False
2757,半熟恋人卷发、丝毫直发、冷棕中分卷发 冷棕色,2,director,2,2,,/Users/claw/work/douyin-recorder/backend/../recordings/director_outputs/director_output_1778516977.mp4,2,/Users/claw/work/douyin-recorder/backend/../recordings/director_outputs/director_output_1778517067.mp4,2026-05-11 16:27:57,False
2758,长卷发（海藻卷） 冷棕色,2,director,2,2,,/Users/claw/work/douyin-recorder/backend/../recordings/director_outputs/director_output_1778517165.mp4,2,/Users/claw/work/douyin-recorder/backend/../recordings/director_outputs/director_output_1778517231.mp4,2026-05-11 16:31:04,False
2759,浅色卷发（甜酷女团风） 灰粉渐变/沙金渐变,2,director,2,2,,/Users/claw/work/douyin-recorder/backend/../recordings/director_outputs/director_output_1778517533.mp4,2,/Users/claw/work/douyin-recorder/backend/../recordings/director_outputs/director_output_1778517549.mp4,2026-05-11 16:36:53,False
2760,韩漫女高、海曼女膏、古早甜心 棕色,1,director,2,2,,/Users/claw/work/douyin-recorder/backend/../recordings/director_outputs/director_output_1778518161.mp4,2,/Users/claw/work/douyin-recorder/backend/../recordings/director_outputs/director_output_1778518182.mp4,2026-05-11 16:46:35,False
2761,韩曼女高、古早甜心 自然黑,1,director,2,2,,/Users/claw/work/douyin-recorder/backend/../recordings/director_outputs/director_output_1778518268.mp4,2,/Users/claw/work/douyin-recorder/backend/../recordings/director_outputs/director_output_1778518336.mp4,2026-05-11 16:49:39,False
2762,长卷发 黑茶色,1,director,2,2,,/Users/claw/work/douyin-recorder/backend/../recordings/director_outputs/director_output_1779092103.mp4,2,/Users/claw/work/douyin-recorder/backend/../recordings/director_outputs/director_output_1779093008.mp4,2026-05-11 16:57:38,False
2763,韩漫女高,1,director,2,2,,/Users/claw/work/douyin-recorder/backend/../recordings/director_outputs/director_output_1778518958.mp4,-1,,2026-05-11 17:01:01,False
2764,蜜桃乌龙长直发（中分/齐刘海） 蜜桃乌龙（灰粉色）,2,director,2,2,,/Users/claw/work/douyin-recorder/backend/../recordings/director_outputs/director_output_1778519196.mp4,2,/Users/claw/work/douyin-recorder/backend/../recordings/director_outputs/director_output_1778519219.mp4,2026-05-11 17:04:24,False
2765,中长微卷中分款 蜜茶棕色,2,director,2,2,,/Users/claw/work/douyin-recorder/backend/../recordings/director_outputs/director_output_1779092218.mp4,2,/Users/claw/work/douyin-recorder/backend/../recordings/director_outputs/director_output_1779093172.mp4,2026-05-11 17:13:03,False
2766,卷发/齐刘海长直发,2,director,2,2,,/Users/claw/work/douyin-recorder/backend/../recordings/director_outputs/director_output_1778519881.mp4,2,/Users/claw/work/douyin-recorder/backend/../recordings/director_outputs/director_output_1778519940.mp4,2026-05-11 17:15:49,False
2767,中分与齐刘海长卷发 蜂蜜棕,2,director,2,2,,/Users/claw/work/douyin-recorder/backend/../recordings/director_outputs/director_output_1778520068.mp4,2,/Users/claw/work/douyin-recorder/backend/../recordings/director_outputs/director_output_1778520106.mp4,2026-05-11 17:19:12,False
2768,高层次直发 黑巧克力,2,director,2,2,,/Users/claw/work/douyin-recorder/backend/../recordings/director_outputs/director_output_1778520365.mp4,2,/Users/claw/work/douyin-recorder/backend/../recordings/director_outputs/director_output_1778520386.mp4,2026-05-11 17:24:15,False
2769,中分高层次直发 黑巧克力,2,director,2,2,,/Users/claw/work/douyin-recorder/backend/../recordings/director_outputs/director_output_1778520666.mp4,2,/Users/claw/work/douyin-recorder/backend/../recordings/director_outputs/director_output_1778520684.mp4,2026-05-11 17:29:15,False
2770,氧气粒子发片 摩卡色,1,director,2,2,,/Users/claw/work/douyin-recorder/backend/../recordings/director_outputs/director_output_1779093105.mp4,2,/Users/claw/work/douyin-recorder/backend/../recordings/director_outputs/director_output_1779094361.mp4,2026-05-11 17:33:14,False
2771,中分款假发,2,director,2,2,,/Users/claw/work/douyin-recorder/backend/../recordings/director_outputs/director_output_1779092941.mp4,2,/Users/claw/work/douyin-recorder/backend/../recordings/director_outputs/director_output_1779094157.mp4,2026-05-11 17:35:20,False
2772,红辣椒卷发（五号） 树莓红,2,director,2,2,,/Users/claw/work/douyin-recorder/backend/../recordings/director_outputs/director_output_1778521265.mp4,2,/Users/claw/work/douyin-recorder/backend/../recordings/director_outputs/director_output_1778521354.mp4,2026-05-11 17:38:20,False
2773,中长微卷发（旗舰号/中分款） 亮棕色,2,director,2,2,,/Users/claw/work/douyin-recorder/backend/../recordings/director_outputs/director_output_1778521421.mp4,2,/Users/claw/work/douyin-recorder/backend/../recordings/director_outputs/director_output_1778521549.mp4,2026-05-11 17:41:40,False
2774,复合卷长发新款 蜜茶亚麻棕,2,director,2,2,,/Users/claw/work/douyin-recorder/backend/../recordings/director_outputs/director_output_1778521670.mp4,2,/Users/claw/work/douyin-recorder/backend/../recordings/director_outputs/director_output_1778521739.mp4,2026-05-11 17:45:38,False
2775,蕾丝前额假发（4号/9号零件） 自然色,2,director,2,2,,/Users/claw/work/douyin-recorder/backend/../recordings/director_outputs/director_output_1778521784.mp4,2,/Users/claw/work/douyin-recorder/backend/../recordings/director_outputs/director_output_1778521934.mp4,2026-05-11 17:47:41,False
2776,琥珀黑棕中长内扣卷发 琥珀黑棕,2,director,2,2,,/Users/claw/work/douyin-recorder/backend/../recordings/director_outputs/director_output_1778521967.mp4,2,/Users/claw/work/douyin-recorder/backend/../recordings/director_outputs/director_output_1778522111.mp4,2026-05-11 17:50:31,False
2777,一号冷肩微卷长发 蜂蜜棕,2,director,2,2,,/Users/claw/work/douyin-recorder/backend/../recordings/director_outputs/director_output_1778522149.mp4,2,/Users/claw/work/douyin-recorder/backend/../recordings/director_outputs/director_output_1778522262.mp4,2026-05-11 17:53:36,False
2778,中分卷发/起刘海款 深棕/粉棕/橘棕混色,2,director,2,2,,/Users/claw/work/douyin-recorder/backend/../recordings/director_outputs/director_output_1778522617.mp4,2,/Users/claw/work/douyin-recorder/backend/../recordings/director_outputs/director_output_1778522653.mp4,2026-05-11 17:59:56,False
2779,海藻卷设计款 蜜桃乌龙（粉色渐变）,2,director,2,2,,/Users/claw/work/douyin-recorder/backend/../recordings/director_outputs/director_output_1778522745.mp4,2,/Users/claw/work/douyin-recorder/backend/../recordings/director_outputs/director_output_1778522835.mp4,2026-05-11 18:03:09,False
2780,中分直发/起刘海款 棕色系（粉棕/橘棕）,2,director,2,2,,/Users/claw/work/douyin-recorder/backend/../recordings/director_outputs/director_output_1778522928.mp4,2,/Users/claw/work/douyin-recorder/backend/../recordings/director_outputs/director_output_1778522994.mp4,2026-05-11 18:06:35,False
2781,中分渐变卷发（2号款） 粉纱金（发根粉棕渐变粉纱金）,2,director,2,2,,/Users/claw/work/douyin-recorder/backend/../recordings/director_outputs/director_output_1778523248.mp4,2,/Users/claw/work/douyin-recorder/backend/../recordings/director_outputs/director_output_1778523266.mp4,2026-05-11 18:11:59,False
2782,齐刘海、中分、卷发多款展示,2,director,2,2,,/Users/claw/work/douyin-recorder/backend/../recordings/director_outputs/director_output_1778523452.mp4,2,/Users/claw/work/douyin-recorder/backend/../recordings/director_outputs/director_output_1778523482.mp4,2026-05-11 18:15:27,False
2783,免发网防风扣卷发全头套 焦糖暖棕,2,director,2,2,,/Users/claw/work/douyin-recorder/backend/../recordings/director_outputs/director_output_1778523643.mp4,2,/Users/claw/work/douyin-recorder/backend/../recordings/director_outputs/director_output_1778523704.mp4,2026-05-11 18:18:33,False
2784,11号卷发款 焦糖暖棕色,2,director,2,2,,/Users/claw/work/douyin-recorder/backend/../recordings/director_outputs/director_output_1778523744.mp4,2,/Users/claw/work/douyin-recorder/backend/../recordings/director_outputs/director_output_1778523868.mp4,2026-05-11 18:20:26,False
2785,高层次中分直发 深棕（黑巧克力）,2,director,2,2,,/Users/claw/work/douyin-recorder/backend/../recordings/director_outputs/director_output_1778523965.mp4,2,/Users/claw/work/douyin-recorder/backend/../recordings/director_outputs/director_output_1778524084.mp4,2026-05-11 18:24:20,False
2786,7号中长发假发 密茶棕色,2,director,2,2,,/Users/claw/work/douyin-recorder/backend/../recordings/director_outputs/director_output_1778524212.mp4,2,/Users/claw/work/douyin-recorder/backend/../recordings/director_outputs/director_output_1778524302.mp4,2026-05-11 18:27:47,False
2787,水光中分微卷长发 自然黑（黑茶色）,2,director,2,2,,/Users/claw/work/douyin-recorder/backend/../recordings/director_outputs/director_output_1779093764.mp4,2,/Users/claw/work/douyin-recorder/backend/../recordings/director_outputs/director_output_1779094755.mp4,2026-05-11 18:31:25,False
2788,黑巧克力直发 黑巧克力色,2,director,2,2,,/Users/claw/work/douyin-recorder/backend/../recordings/director_outputs/director_output_1778524558.mp4,2,/Users/claw/work/douyin-recorder/backend/../recordings/director_outputs/director_output_1778524579.mp4,2026-05-11 18:33:47,False
2789,高层次微卷长发（七六号） 黑茶色（巧克力色）,2,director,2,2,,/Users/claw/work/douyin-recorder/backend/../recordings/director_outputs/director_output_1778524801.mp4,2,/Users/claw/work/douyin-recorder/backend/../recordings/director_outputs/director_output_1778524826.mp4,2026-05-11 18:37:51,False
2790,比熊卷长直发全头套 自然黑、陈金橙色,2,director,2,2,,/Users/claw/work/douyin-recorder/backend/../recordings/director_outputs/director_output_1778525055.mp4,2,/Users/claw/work/douyin-recorder/backend/../recordings/director_outputs/director_output_1778525081.mp4,2026-05-11 18:42:11,False
2791,梨花烫中短发 黑棕色,2,director,2,2,,/Users/claw/work/douyin-recorder/backend/../recordings/director_outputs/director_output_1778525617.mp4,2,/Users/claw/work/douyin-recorder/backend/../recordings/director_outputs/director_output_1778525443.mp4,2026-05-11 18:48:01,False
2792,西游惠子浅色直发 橘粉色/浅色,2,director,2,2,,/Users/claw/work/douyin-recorder/backend/../recordings/director_outputs/director_output_1778525758.mp4,2,/Users/claw/work/douyin-recorder/backend/../recordings/director_outputs/director_output_1778525779.mp4,2026-05-11 18:53:18,False
2793,长直发/大波浪卷发 西柚色/白金色/蜂蜜棕,2,director,2,2,,/Users/claw/work/douyin-recorder/backend/../recordings/director_outputs/director_output_1778526006.mp4,2,/Users/claw/work/douyin-recorder/backend/../recordings/director_outputs/director_output_1778526027.mp4,2026-05-11 18:58:10,False
2794,长直发全头套（中分款） 蜂蜜茶棕色,2,director,2,2,,/Users/claw/work/douyin-recorder/backend/../recordings/director_outputs/director_output_1778526276.mp4,2,/Users/claw/work/douyin-recorder/backend/../recordings/director_outputs/director_output_1778526302.mp4,2026-05-11 19:02:11,False
2795,长款复合卷发 冷棕,2,director,2,2,,/Users/claw/work/douyin-recorder/backend/../recordings/director_outputs/director_output_1778526397.mp4,2,/Users/claw/work/douyin-recorder/backend/../recordings/director_outputs/director_output_1778526484.mp4,2026-05-11 19:04:57,False
2796,灰金色长直发 灰金色,2,director,2,2,,/Users/claw/work/douyin-recorder/backend/../recordings/director_outputs/director_output_1778526555.mp4,2,/Users/claw/work/douyin-recorder/backend/../recordings/director_outputs/director_output_1778526641.mp4,2026-05-11 19:07:41,False
2797,微卷长发（真你小猫10号） 豆沙粉棕色,2,director,2,2,,/Users/claw/work/douyin-recorder/backend/../recordings/director_outputs/director_output_1778527260.mp4,2,/Users/claw/work/douyin-recorder/backend/../recordings/director_outputs/director_output_1778527249.mp4,2026-05-11 19:18:58,False
2798,中长卷发全头套假发 灰粉色渐变,2,director,2,2,,/Users/claw/work/douyin-recorder/backend/../recordings/director_outputs/director_output_1778527451.mp4,2,/Users/claw/work/douyin-recorder/backend/../recordings/director_outputs/director_output_1778527488.mp4,2026-05-11 19:22:30,False
2799,中长款海藻卷假发 蜜茶棕、灰粉渐变,2,director,2,2,,/Users/claw/work/douyin-recorder/backend/../recordings/director_outputs/director_output_1778527669.mp4,-1,,2026-05-11 19:25:43,False
2800,周份款（蕾丝手织前额）,2,director,2,2,,/Users/claw/work/douyin-recorder/backend/../recordings/director_outputs/director_output_1778527759.mp4,2,/Users/claw/work/douyin-recorder/backend/../recordings/director_outputs/director_output_1778527842.mp4,2026-05-11 19:27:25,False
2801,乌梅蛋蛋卷 乌梅紫浆（粉紫色）,1,director,2,2,,/Users/claw/work/douyin-recorder/backend/../recordings/director_outputs/director_output_1778593097.mp4,2,/Users/claw/work/douyin-recorder/backend/../recordings/director_outputs/director_output_1778593125.mp4,2026-05-12 13:35:55,False
2802,仿地针全头套假发 茶棕色,1,director,2,2,,/Users/claw/work/douyin-recorder/backend/../recordings/director_outputs/director_output_1778593233.mp4,2,/Users/claw/work/douyin-recorder/backend/../recordings/director_outputs/director_output_1778593297.mp4,2026-05-12 13:38:49,False
2803,仿地针工艺大头皮假发 黑茶色,1,director,2,2,,/Users/claw/work/douyin-recorder/backend/../recordings/director_outputs/director_output_1778593804.mp4,2,/Users/claw/work/douyin-recorder/backend/../recordings/director_outputs/director_output_1778593793.mp4,2026-05-12 13:48:07,False
2804,加州亚裔 黑茶/巴黎渐变挑染,1,director,2,2,,/Users/claw/work/douyin-recorder/backend/../recordings/director_outputs/director_output_1778594336.mp4,2,/Users/claw/work/douyin-recorder/backend/../recordings/director_outputs/director_output_1778594357.mp4,2026-05-12 13:56:28,False
2805,头顶补发片（中分款） 摩卡色,1,director,2,2,,/Users/claw/work/douyin-recorder/backend/../recordings/director_outputs/director_output_1778594481.mp4,2,/Users/claw/work/douyin-recorder/backend/../recordings/director_outputs/director_output_1778594520.mp4,2026-05-12 13:59:29,False
2806,全头套 摩卡色、自然黑,1,director,2,2,,/Users/claw/work/douyin-recorder/backend/../recordings/director_outputs/director_output_1779094254.mp4,-1,,2026-05-12 14:04:09,False
2807,头顶补发片（中分款） 摩卡色、黑茶色、自然黑,1,director,2,2,,/Users/claw/work/douyin-recorder/backend/../recordings/director_outputs/director_output_1778595804.mp4,2,/Users/claw/work/douyin-recorder/backend/../recordings/director_outputs/director_output_1778595817.mp4,2026-05-12 14:21:42,False
2808,中分头顶补发片（齐刘海/中分两用） 摩卡色/黑色,1,director,2,2,,/Users/claw/work/douyin-recorder/backend/../recordings/director_outputs/director_output_1778596194.mp4,2,/Users/claw/work/douyin-recorder/backend/../recordings/director_outputs/director_output_1778596216.mp4,2026-05-12 14:27:45,False
2809,迷雾冰岛齐刘海款 灰蓝渐变色,1,director,2,2,,/Users/claw/work/douyin-recorder/backend/../recordings/director_outputs/director_output_1778596289.mp4,2,/Users/claw/work/douyin-recorder/backend/../recordings/director_outputs/director_output_1778596371.mp4,2026-05-12 14:29:58,False
2810,夺回属于我的一切（大背头/丸子头） 黑茶色,1,director,2,2,,/Users/claw/work/douyin-recorder/backend/../recordings/director_outputs/director_output_1778597360.mp4,2,/Users/claw/work/douyin-recorder/backend/../recordings/director_outputs/director_output_1778597352.mp4,2026-05-12 14:47:07,False
2811,迷雾冰岛、人生 baby蓝渐变灰、棕色,1,director,2,2,,/Users/claw/work/douyin-recorder/backend/../recordings/director_outputs/director_output_1779094419.mp4,2,/Users/claw/work/douyin-recorder/backend/../recordings/director_outputs/director_output_1779095142.mp4,2026-05-12 14:50:16,False
2812,高丸子头蝴蝶结发型 黑茶色,1,director,2,2,,/Users/claw/work/douyin-recorder/backend/../recordings/director_outputs/director_output_1778597723.mp4,2,/Users/claw/work/douyin-recorder/backend/../recordings/director_outputs/director_output_1778597738.mp4,2026-05-12 14:53:45,False
2813,赏金猎人 脏橘色,1,director,2,2,,/Users/claw/work/douyin-recorder/backend/../recordings/director_outputs/director_output_1778598827.mp4,2,/Users/claw/work/douyin-recorder/backend/../recordings/director_outputs/director_output_1778598862.mp4,2026-05-12 15:11:53,False
2814,索米短发 白金色/自然棕,1,director,2,2,,/Users/claw/work/douyin-recorder/backend/../recordings/director_outputs/director_output_1778599036.mp4,2,/Users/claw/work/douyin-recorder/backend/../recordings/director_outputs/director_output_1778599072.mp4,2026-05-12 15:15:11,False
2815,碎晶晶卷发 奶茶色（粉调）,1,director,2,2,,/Users/claw/work/douyin-recorder/backend/../recordings/director_outputs/director_output_1778599150.mp4,2,/Users/claw/work/douyin-recorder/backend/../recordings/director_outputs/director_output_1778599229.mp4,2026-05-12 15:17:26,False
2816,直发、碎晶晶、柔肉 奶茶色、冷粉色,1,director,2,2,,/Users/claw/work/douyin-recorder/backend/../recordings/director_outputs/director_output_1778600478.mp4,2,/Users/claw/work/douyin-recorder/backend/../recordings/director_outputs/director_output_1778600489.mp4,2026-05-12 15:39:28,False
2817,奶茶米灰/奶茶玫瑰直发 奶茶米灰、奶茶玫瑰,1,director,2,2,,/Users/claw/work/douyin-recorder/backend/../recordings/director_outputs/director_output_1778600695.mp4,2,/Users/claw/work/douyin-recorder/backend/../recordings/director_outputs/director_output_1778600720.mp4,2026-05-12 15:43:02,False
2818,侧麻花辫卷发 浅棕,1,director,2,2,,/Users/claw/work/douyin-recorder/backend/../recordings/director_outputs/director_output_1778600896.mp4,2,/Users/claw/work/douyin-recorder/backend/../recordings/director_outputs/director_output_1778600917.mp4,2026-05-12 15:46:31,False
2819,76号假发,2,director,2,2,,/Users/claw/work/douyin-recorder/backend/../recordings/director_outputs/director_output_1778601344.mp4,2,/Users/claw/work/douyin-recorder/backend/../recordings/director_outputs/director_output_1778601373.mp4,2026-05-12 15:53:58,False
2820,微卷中长发（Musee/许妍款） 蜜棕色,2,director,2,2,,/Users/claw/work/douyin-recorder/backend/../recordings/director_outputs/director_output_1778601651.mp4,2,/Users/claw/work/douyin-recorder/backend/../recordings/director_outputs/director_output_1778601660.mp4,2026-05-12 15:58:25,False
2821,中分微卷长直发 密棕色,2,director,2,2,,/Users/claw/work/douyin-recorder/backend/../recordings/director_outputs/director_output_1778601896.mp4,2,/Users/claw/work/douyin-recorder/backend/../recordings/director_outputs/director_output_1778601915.mp4,2026-05-12 16:03:09,False
2822,海藻卷渐变长发 渐变粉棕色,2,director,2,2,,/Users/claw/work/douyin-recorder/backend/../recordings/director_outputs/director_output_1778602146.mp4,2,/Users/claw/work/douyin-recorder/backend/../recordings/director_outputs/director_output_1778602176.mp4,2026-05-12 16:07:02,False
2823,古早甜心齐刘海款 棕色,1,director,2,2,,/Users/claw/work/douyin-recorder/backend/../recordings/director_outputs/director_output_1778602299.mp4,2,/Users/claw/work/douyin-recorder/backend/../recordings/director_outputs/director_output_1778602362.mp4,2026-05-12 16:09:53,False
2824,养气力卷发/古早甜心直发 栗子壳棕色（巧克力/摩卡色）,1,director,2,2,,/Users/claw/work/douyin-recorder/backend/../recordings/director_outputs/director_output_1778602476.mp4,2,/Users/claw/work/douyin-recorder/backend/../recordings/director_outputs/director_output_1778602572.mp4,2026-05-12 16:13:08,False
2825,氧气粒子卷 焦糖色,1,director,2,2,,/Users/claw/work/douyin-recorder/backend/../recordings/director_outputs/director_output_1778602809.mp4,2,/Users/claw/work/douyin-recorder/backend/../recordings/director_outputs/director_output_1778602817.mp4,2026-05-12 16:17:57,False
2826,中分卷发/齐刘海长发/起落号 渐变粉色发根染,2,director,2,2,,/Users/claw/work/douyin-recorder/backend/../recordings/director_outputs/director_output_1778602935.mp4,2,/Users/claw/work/douyin-recorder/backend/../recordings/director_outputs/director_output_1778603059.mp4,2026-05-12 16:20:37,False
2827,中分卷发/气流款/半熟猎人 灰粉沙金色/冷棕色,2,director,2,2,,/Users/claw/work/douyin-recorder/backend/../recordings/director_outputs/director_output_1779086831.mp4,2,/Users/claw/work/douyin-recorder/backend/../recordings/director_outputs/director_output_1779087815.mp4,2026-05-12 16:24:05,False
2828,4号半熟长卷发 冷棕色,2,director,2,2,,/Users/claw/work/douyin-recorder/backend/../recordings/director_outputs/director_output_1778603323.mp4,2,/Users/claw/work/douyin-recorder/backend/../recordings/director_outputs/director_output_1778603406.mp4,2026-05-12 16:26:44,False
2829,全头套两用直发假发 黑巧克力色,2,director,2,2,,/Users/claw/work/douyin-recorder/backend/../recordings/director_outputs/director_output_1778603461.mp4,2,/Users/claw/work/douyin-recorder/backend/../recordings/director_outputs/director_output_1778603544.mp4,2026-05-12 16:29:09,False
2830,头顶补发片（仿地针中分款） 摩卡棕,1,director,2,2,,/Users/claw/work/douyin-recorder/backend/../recordings/director_outputs/director_output_1778603781.mp4,2,/Users/claw/work/douyin-recorder/backend/../recordings/director_outputs/director_output_1778603798.mp4,2026-05-12 16:34:16,False
2831,头顶补发片（脸颊碎发款） 黑茶色/摩卡棕,1,director,2,2,,/Users/claw/work/douyin-recorder/backend/../recordings/director_outputs/director_output_1778604136.mp4,-1,,2026-05-12 16:39:16,False
2832,中分直发全头套 黑巧克力色,2,director,2,2,,/Users/claw/work/douyin-recorder/backend/../recordings/director_outputs/director_output_1778604480.mp4,2,/Users/claw/work/douyin-recorder/backend/../recordings/director_outputs/director_output_1778604499.mp4,2026-05-12 16:45:55,False
2833,树莓红中分卷发 树莓红,2,director,2,2,,/Users/claw/work/douyin-recorder/backend/../recordings/director_outputs/director_output_1778604728.mp4,2,/Users/claw/work/douyin-recorder/backend/../recordings/director_outputs/director_output_1778604761.mp4,2026-05-12 16:49:54,False
2834,皮卡熊中长发内扣卷 蜜茶亚麻色,2,director,2,2,,/Users/claw/work/douyin-recorder/backend/../recordings/director_outputs/director_output_1778604958.mp4,2,/Users/claw/work/douyin-recorder/backend/../recordings/director_outputs/director_output_1778604979.mp4,2026-05-12 16:53:44,False
2835,6号全头套卷发（水光绸缎） 黑茶色,2,director,2,2,,/Users/claw/work/douyin-recorder/backend/../recordings/director_outputs/director_output_1778605884.mp4,2,/Users/claw/work/douyin-recorder/backend/../recordings/director_outputs/director_output_1778605903.mp4,2026-05-12 17:09:10,False
2836,粉色长直发全头套 粉色/金色,2,director,2,2,,/Users/claw/work/douyin-recorder/backend/../recordings/director_outputs/director_output_1778606144.mp4,2,/Users/claw/work/douyin-recorder/backend/../recordings/director_outputs/director_output_1778606168.mp4,2026-05-12 17:13:36,False
2837,中分卷发/短发咖啡豆 焦糖暖棕色,2,director,2,2,,/Users/claw/work/douyin-recorder/backend/../recordings/director_outputs/director_output_1778606449.mp4,2,/Users/claw/work/douyin-recorder/backend/../recordings/director_outputs/director_output_1778606468.mp4,2026-05-12 17:18:24,False
2838,复合定制卷发 冷棕色,2,director,2,2,,/Users/claw/work/douyin-recorder/backend/../recordings/director_outputs/director_output_1778606548.mp4,2,/Users/claw/work/douyin-recorder/backend/../recordings/director_outputs/director_output_1778606625.mp4,2026-05-12 17:20:45,False
2839,小辣美卷微卷长发 蜜灰金、蜂蜜棕,2,director,2,2,,/Users/claw/work/douyin-recorder/backend/../recordings/director_outputs/director_output_1778607395.mp4,2,/Users/claw/work/douyin-recorder/backend/../recordings/director_outputs/director_output_1778607413.mp4,2026-05-12 17:34:06,False
2840,微卷长发（起刘海/中分） 自然黑,2,director,2,2,,/Users/claw/work/douyin-recorder/backend/../recordings/director_outputs/director_output_1778607497.mp4,2,/Users/claw/work/douyin-recorder/backend/../recordings/director_outputs/director_output_1778607594.mp4,2026-05-12 17:36:16,False
2841,韩系微卷中分长发 蜜棕色,2,director,2,2,,/Users/claw/work/douyin-recorder/backend/../recordings/director_outputs/director_output_1778607697.mp4,2,/Users/claw/work/douyin-recorder/backend/../recordings/director_outputs/director_output_1778607756.mp4,2026-05-12 17:39:57,False
2842,周分直发 黑巧克力,2,director,2,2,,/Users/claw/work/douyin-recorder/backend/../recordings/director_outputs/director_output_1778608837.mp4,2,/Users/claw/work/douyin-recorder/backend/../recordings/director_outputs/director_output_1778608844.mp4,2026-05-12 17:58:17,False
2843,高层次水母头/梨花烫中长卷发 焦糖暖棕/蜂蜜黄棕/琥珀黑棕,2,director,2,2,,/Users/claw/work/douyin-recorder/backend/../recordings/director_outputs/director_output_1778609139.mp4,2,/Users/claw/work/douyin-recorder/backend/../recordings/director_outputs/director_output_1778609160.mp4,2026-05-12 18:02:50,False
2844,焦糖色卷发（11号） 焦糖棕,2,director,2,2,,/Users/claw/work/douyin-recorder/backend/../recordings/director_outputs/director_output_1778609225.mp4,2,/Users/claw/work/douyin-recorder/backend/../recordings/director_outputs/director_output_1778609321.mp4,2026-05-12 18:05:17,False
2845,高层次鼻胸卷发（12号） 橙金色,2,director,2,2,,/Users/claw/work/douyin-recorder/backend/../recordings/director_outputs/director_output_1778610346.mp4,2,/Users/claw/work/douyin-recorder/backend/../recordings/director_outputs/director_output_1778610367.mp4,2026-05-12 18:23:45,False
2846,中分长卷发 橙金色,2,director,2,2,,/Users/claw/work/douyin-recorder/backend/../recordings/director_outputs/director_output_1778610570.mp4,2,/Users/claw/work/douyin-recorder/backend/../recordings/director_outputs/director_output_1778610604.mp4,2026-05-12 18:27:43,False
2847,海岛卷长发（16号） 巧克力色,2,director,2,2,,/Users/claw/work/douyin-recorder/backend/../recordings/director_outputs/director_output_1778610815.mp4,2,/Users/claw/work/douyin-recorder/backend/../recordings/director_outputs/director_output_1778610844.mp4,2026-05-12 18:31:37,False
2848,油眉古早直发 蜜茶亚麻色/冷棕/黑巧,2,director,2,2,,/Users/claw/work/douyin-recorder/backend/../recordings/director_outputs/director_output_1778611019.mp4,2,/Users/claw/work/douyin-recorder/backend/../recordings/director_outputs/director_output_1778611048.mp4,2026-05-12 18:34:55,False
2849,微卷复合卷长发 树莓红,2,director,2,2,,/Users/claw/work/douyin-recorder/backend/../recordings/director_outputs/director_output_1779086759.mp4,2,/Users/claw/work/douyin-recorder/backend/../recordings/director_outputs/director_output_1779087786.mp4,2026-05-12 18:48:44,False
2850,中分长直发/骑流号卷发 树莓红/蜂蜜茶棕,2,director,2,2,,/Users/claw/work/douyin-recorder/backend/../recordings/director_outputs/director_output_1779086621.mp4,2,/Users/claw/work/douyin-recorder/backend/../recordings/director_outputs/director_output_1779087691.mp4,2026-05-12 18:51:37,False
2851,1号零件微卷发 蜂蜜黄棕,2,director,2,2,,/Users/claw/work/douyin-recorder/backend/../recordings/director_outputs/director_output_1778612154.mp4,2,/Users/claw/work/douyin-recorder/backend/../recordings/director_outputs/director_output_1778612182.mp4,2026-05-12 18:53:56,False
2852,Miu中分卷发（其刘哈） 冷棕色/渐变粉色,2,director,2,2,,/Users/claw/work/douyin-recorder/backend/../recordings/director_outputs/director_output_1778612347.mp4,2,/Users/claw/work/douyin-recorder/backend/../recordings/director_outputs/director_output_1778612374.mp4,2026-05-12 18:57:27,False
2853,海岛卷渐变色假发 发根粉棕渐变粉沙金,2,director,2,2,,/Users/claw/work/douyin-recorder/backend/../recordings/director_outputs/director_output_1778613388.mp4,2,/Users/claw/work/douyin-recorder/backend/../recordings/director_outputs/director_output_1778613396.mp4,2026-05-12 19:14:31,False
2854,微卷长发（齐刘海/中分） 黑茶色,2,director,2,2,,/Users/claw/work/douyin-recorder/backend/../recordings/director_outputs/director_output_1778613638.mp4,2,/Users/claw/work/douyin-recorder/backend/../recordings/director_outputs/director_output_1778613677.mp4,2026-05-12 19:18:18,False
2855,微卷中长发 粉棕色,2,director,2,2,,/Users/claw/work/douyin-recorder/backend/../recordings/director_outputs/director_output_1778613854.mp4,2,/Users/claw/work/douyin-recorder/backend/../recordings/director_outputs/director_output_1778613946.mp4,2026-05-12 19:21:02,False
2856,小蓝莓卷发 冷棕色,2,director,2,2,,/Users/claw/work/douyin-recorder/backend/../recordings/director_outputs/director_output_1778613978.mp4,2,/Users/claw/work/douyin-recorder/backend/../recordings/director_outputs/director_output_1778614125.mp4,2026-05-12 19:24:01,False
2857,3号直发爆款 深色,2,director,2,2,,/Users/claw/work/douyin-recorder/backend/../recordings/director_outputs/director_output_1778614063.mp4,2,/Users/claw/work/douyin-recorder/backend/../recordings/director_outputs/director_output_1778614277.mp4,2026-05-12 19:26:16,False
2858,海藻卷/齐刘海直发/中分直发 灰金色/黑巧克力色/灰粉色,2,director,2,2,,/Users/claw/work/douyin-recorder/backend/../recordings/director_outputs/director_output_1778614313.mp4,2,/Users/claw/work/douyin-recorder/backend/../recordings/director_outputs/director_output_1778614428.mp4,2026-05-12 19:30:11,False
2859,长发全头套 黑茶色,2,director,2,2,,/Users/claw/work/douyin-recorder/backend/../recordings/director_outputs/director_output_1778858599.mp4,2,/Users/claw/work/douyin-recorder/backend/../recordings/director_outputs/director_output_1778858459.mp4,2026-05-15 13:17:15,False
2860,中分卷发/偏分卷发长发 黑茶色/冷棕色/自然黑,2,director,2,2,,/Users/claw/work/douyin-recorder/backend/../recordings/director_outputs/director_output_1778858331.mp4,2,/Users/claw/work/douyin-recorder/backend/../recordings/director_outputs/director_output_1778858189.mp4,2026-05-15 13:17:19,False
2861,长直发/卷发多款 自然黑、棕色、红色,2,director,2,2,,/Users/claw/work/douyin-recorder/backend/../recordings/director_outputs/director_output_1779128242.mp4,-1,,2026-05-15 13:17:24,False
2862,双麻花辫长卷发 赏金色（彩色渐变）,1,director,2,2,,/Users/claw/work/douyin-recorder/backend/../recordings/director_outputs/director_output_1778851461.mp4,2,/Users/claw/work/douyin-recorder/backend/../recordings/director_outputs/director_output_1778851295.mp4,2026-05-15 13:19:16,False
2863,碎金筋卷发/仿真针直发 浅色偏灰,1,director,2,2,,/Users/claw/work/douyin-recorder/backend/../recordings/director_outputs/director_output_1778851732.mp4,2,/Users/claw/work/douyin-recorder/backend/../recordings/director_outputs/director_output_1778851588.mp4,2026-05-15 13:19:20,False
2864,蜜桃果假发 蜜桃色（混色）,2,director,2,2,,/Users/claw/work/douyin-recorder/backend/../recordings/director_outputs/director_output_1778852044.mp4,2,/Users/claw/work/douyin-recorder/backend/../recordings/director_outputs/director_output_1778851904.mp4,2026-05-15 13:19:23,False
2865,渐变染色款（含齐刘海） 渐变色,2,director,-2,2,,/Users/claw/work/douyin-recorder/backend/../recordings/director_outputs/director_output_1778852299.mp4,2,/Users/claw/work/douyin-recorder/backend/../recordings/director_outputs/director_output_1778852136.mp4,2026-05-15 13:20:04,False
2866,无辜卷卷（短卷发） 冷茶色/咖啡豆/白金米金色,2,director,2,2,,/Users/claw/work/douyin-recorder/backend/../recordings/director_outputs/director_output_1778852591.mp4,2,/Users/claw/work/douyin-recorder/backend/../recordings/director_outputs/director_output_1778852451.mp4,2026-05-15 13:20:09,False
2868,微卷长发（珍妮款） 粉棕色,2,director,2,2,,/Users/claw/work/douyin-recorder/backend/../recordings/director_outputs/director_output_1779383553.mp4,2,/Users/claw/work/douyin-recorder/backend/../recordings/director_outputs/director_output_1779384071.mp4,2026-05-15 13:20:16,False
2869,微卷长发（78cm） 粉棕色,2,director,2,2,,/Users/claw/work/douyin-recorder/backend/../recordings/director_outputs/director_output_1779383498.mp4,2,/Users/claw/work/douyin-recorder/backend/../recordings/director_outputs/director_output_1779383858.mp4,2026-05-15 13:20:20,False
2870,长卷发（75cm渐变灰粉卷发） 粉棕渐变粉纱（灰粉渐变色）,2,director,2,2,,/Users/claw/work/douyin-recorder/backend/../recordings/director_outputs/director_output_1779383383.mp4,2,/Users/claw/work/douyin-recorder/backend/../recordings/director_outputs/director_output_1779383732.mp4,2026-05-15 13:20:24,False
2871,短卷发（咖啡豆款） 咖啡豆色（焦糖棕）,2,director,2,2,,/Users/claw/work/douyin-recorder/backend/../recordings/director_outputs/director_output_1779383186.mp4,2,/Users/claw/work/douyin-recorder/backend/../recordings/director_outputs/director_output_1779383577.mp4,2026-05-15 13:20:28,False
2872,微卷长发（一号链接款） 蜂蜜棕,2,director,2,2,,/Users/claw/work/douyin-recorder/backend/../recordings/director_outputs/director_output_1779382969.mp4,2,/Users/claw/work/douyin-recorder/backend/../recordings/director_outputs/director_output_1779383446.mp4,2026-05-15 13:20:32,False
2873,许妍同款中短发 蜂蜜茶色,2,director,2,2,,/Users/claw/work/douyin-recorder/backend/../recordings/director_outputs/director_output_1779382981.mp4,2,/Users/claw/work/douyin-recorder/backend/../recordings/director_outputs/director_output_1779383069.mp4,2026-05-15 13:20:36,False
2874,中分/齐刘海精修假发 白鹭色（浅色系）,4,director,2,2,,/Users/claw/work/douyin-recorder/backend/../recordings/director_outputs/director_output_1779382872.mp4,2,/Users/claw/work/douyin-recorder/backend/../recordings/director_outputs/director_output_1779383086.mp4,2026-05-15 13:20:41,False
2875,人参款直发/卷发 暖棕色,1,director,2,2,,/Users/claw/work/douyin-recorder/backend/../recordings/director_outputs/director_output_1779382676.mp4,-1,,2026-05-15 13:20:49,False
2876,齐刘海微卷长发 自然黑,2,director,2,2,,/Users/claw/work/douyin-recorder/backend/../recordings/director_outputs/director_output_1778855870.mp4,2,/Users/claw/work/douyin-recorder/backend/../recordings/director_outputs/director_output_1778855681.mp4,2026-05-15 13:20:54,False
2878,蛋卷卷发 咖染挑染渐变色,2,director,2,2,,/Users/claw/work/douyin-recorder/backend/../recordings/director_outputs/director_output_1778855264.mp4,2,/Users/claw/work/douyin-recorder/backend/../recordings/director_outputs/director_output_1778855120.mp4,2026-05-15 13:21:14,False
2879,中长款免发网直发 黑棕色,2,director,2,2,,/Users/claw/work/douyin-recorder/backend/../recordings/director_outputs/director_output_1778854997.mp4,2,/Users/claw/work/douyin-recorder/backend/../recordings/director_outputs/director_output_1778854877.mp4,2026-05-15 13:21:17,False
2880,齐刘海卷发（九号链接） 奶油米金色,2,director,2,2,,/Users/claw/work/douyin-recorder/backend/../recordings/director_outputs/director_output_1778854767.mp4,2,/Users/claw/work/douyin-recorder/backend/../recordings/director_outputs/director_output_1778854636.mp4,2026-05-15 13:21:34,False
2881,可可巴黎直发/高层次卷发 栗子棕、雾霾蓝、白金色,1,director,2,2,,/Users/claw/work/douyin-recorder/backend/../recordings/director_outputs/director_output_1778854510.mp4,2,/Users/claw/work/douyin-recorder/backend/../recordings/director_outputs/director_output_1778854387.mp4,2026-05-15 13:24:47,False
2882,可可巴蕾齐刘海直发 白金色/柠檬黄/暖棕,1,director,2,2,,/Users/claw/work/douyin-recorder/backend/../recordings/director_outputs/director_output_1778854269.mp4,2,/Users/claw/work/douyin-recorder/backend/../recordings/director_outputs/director_output_1778854145.mp4,2026-05-15 13:24:54,False
2883,老婆款、丽丽丝、炫光娃娃,1,director,2,2,,/Users/claw/work/douyin-recorder/backend/../recordings/director_outputs/director_output_1778854031.mp4,2,/Users/claw/work/douyin-recorder/backend/../recordings/director_outputs/director_output_1778853909.mp4,2026-05-15 13:26:36,False
2884,长直发公主头假发,1,director,2,2,,/Users/claw/work/douyin-recorder/backend/../recordings/director_outputs/director_output_1778853794.mp4,2,/Users/claw/work/douyin-recorder/backend/../recordings/director_outputs/director_output_1778853665.mp4,2026-05-15 13:26:39,False
2885,美杜莎卷发（含高马尾演示） 白金色,1,director,2,2,,/Users/claw/work/douyin-recorder/backend/../recordings/director_outputs/director_output_1778853542.mp4,2,/Users/claw/work/douyin-recorder/backend/../recordings/director_outputs/director_output_1778853430.mp4,2026-05-15 13:26:48,False
2886,小头围直发（千金款） 棕色、黑色,1,director,2,2,,/Users/claw/work/douyin-recorder/backend/../recordings/director_outputs/director_output_1778853316.mp4,2,/Users/claw/work/douyin-recorder/backend/../recordings/director_outputs/director_output_1778853199.mp4,2026-05-15 13:29:16,False
2887,蛋卷短发（咖啡豆款） 焦糖暖棕、黑莓、白金,2,director,2,2,,/Users/claw/work/douyin-recorder/backend/../recordings/director_outputs/director_output_1779086086.mp4,2,/Users/claw/work/douyin-recorder/backend/../recordings/director_outputs/director_output_1779087236.mp4,2026-05-15 13:29:25,False
2888,仿地针头皮款假发 深棕色,1,director,2,2,,/Users/claw/work/douyin-recorder/backend/../recordings/director_outputs/director_output_1778852905.mp4,2,/Users/claw/work/douyin-recorder/backend/../recordings/director_outputs/director_output_1778852773.mp4,2026-05-15 13:29:30,False
2889,头顶补发片/全头套 摩卡色,1,director,2,2,,/Users/claw/work/douyin-recorder/backend/../recordings/director_outputs/director_output_1778852640.mp4,2,/Users/claw/work/douyin-recorder/backend/../recordings/director_outputs/director_output_1778852484.mp4,2026-05-15 13:30:07,False
2890,堆堆熊/梨花烫中长卷发 西梅紫/蜜桃粉/黑棕,2,director,2,2,,/Users/claw/work/douyin-recorder/backend/../recordings/director_outputs/director_output_1778852350.mp4,2,/Users/claw/work/douyin-recorder/backend/../recordings/director_outputs/director_output_1778852187.mp4,2026-05-15 13:30:12,False
2891,中分/齐刘海直发全头套 巧克力色,2,director,2,2,,/Users/claw/work/douyin-recorder/backend/../recordings/director_outputs/director_output_1779086014.mp4,2,/Users/claw/work/douyin-recorder/backend/../recordings/director_outputs/director_output_1779087162.mp4,2026-05-15 13:30:16,False
2892,卷发（蛋卷短发/长卷发） 焦糖暖棕、咖啡豆、灰紫（西梅乌龙）、蜜桃乌龙,2,director,2,2,,/Users/claw/work/douyin-recorder/backend/../recordings/director_outputs/director_output_1778876537.mp4,2,/Users/claw/work/douyin-recorder/backend/../recordings/director_outputs/director_output_1778876531.mp4,2026-05-15 13:30:22,False
2893,中分/齐刘海长直发（78cm） 棕色/咖啡豆冷棕,2,director,2,2,,/Users/claw/work/douyin-recorder/backend/../recordings/director_outputs/director_output_1779085913.mp4,2,/Users/claw/work/douyin-recorder/backend/../recordings/director_outputs/director_output_1779087138.mp4,2026-05-15 13:30:27,False
2894,水光绸缎中分微卷长发 自然黑,2,director,2,2,,/Users/claw/work/douyin-recorder/backend/../recordings/director_outputs/director_output_1779085811.mp4,2,/Users/claw/work/douyin-recorder/backend/../recordings/director_outputs/director_output_1779087031.mp4,2026-05-15 13:30:31,False
2895,大头皮仿递针中分假发 黑色,4,director,2,2,,/Users/claw/work/douyin-recorder/backend/../recordings/director_outputs/director_output_1778876204.mp4,2,/Users/claw/work/douyin-recorder/backend/../recordings/director_outputs/director_output_1778876144.mp4,2026-05-15 13:30:36,False
2896,免绵绵型发（前额蕾丝假发）,2,director,-2,2,,/Users/claw/work/douyin-recorder/backend/../recordings/director_outputs/director_output_1779128100.mp4,-1,,2026-05-15 13:30:43,False
2897,小蕾丝齐刘海 奶咖色,2,director,-2,2,,/Users/claw/work/douyin-recorder/backend/../recordings/director_outputs/director_output_1779127978.mp4,2,/Users/claw/work/douyin-recorder/backend/../recordings/director_outputs/director_output_1779135384.mp4,2026-05-15 13:31:11,False
2898,淡蛋卷短卷发 黑莓色,2,director,2,2,,/Users/claw/work/douyin-recorder/backend/../recordings/director_outputs/director_output_1778876050.mp4,2,/Users/claw/work/douyin-recorder/backend/../recordings/director_outputs/director_output_1778875980.mp4,2026-05-15 13:31:19,False
2899,中长发 深色,2,director,-2,2,,/Users/claw/work/douyin-recorder/backend/../recordings/director_outputs/director_output_1779127592.mp4,2,/Users/claw/work/douyin-recorder/backend/../recordings/director_outputs/director_output_1779135176.mp4,2026-05-15 13:31:23,False
2902,赏金丽人氧气刘海卷发 黑茶色/蜜茶棕,1,director,2,2,,/Users/claw/work/douyin-recorder/backend/../recordings/director_outputs/director_output_1778875917.mp4,2,/Users/claw/work/douyin-recorder/backend/../recordings/director_outputs/director_output_1778875838.mp4,2026-05-15 13:32:26,False
2905,短发醒发教程及多款式介绍 橘色,1,director,2,2,,/Users/claw/work/douyin-recorder/backend/../recordings/director_outputs/director_output_1778875784.mp4,2,/Users/claw/work/douyin-recorder/backend/../recordings/director_outputs/director_output_1778875698.mp4,2026-05-15 13:33:04,False
2906,蓬松小圆头假发,1,director,2,2,,/Users/claw/work/douyin-recorder/backend/../recordings/director_outputs/director_output_1778875640.mp4,2,/Users/claw/work/douyin-recorder/backend/../recordings/director_outputs/director_output_1778875575.mp4,2026-05-15 13:33:09,False
2907,沉睡公主直发、波波头 白金色,1,director,2,2,,/Users/claw/work/douyin-recorder/backend/../recordings/director_outputs/director_output_1778875505.mp4,2,/Users/claw/work/douyin-recorder/backend/../recordings/director_outputs/director_output_1778875412.mp4,2026-05-15 13:33:14,False
2908,波波头 未明确指定,1,director,2,2,,/Users/claw/work/douyin-recorder/backend/../recordings/director_outputs/director_output_1778875341.mp4,2,/Users/claw/work/douyin-recorder/backend/../recordings/director_outputs/director_output_1778875202.mp4,2026-05-15 13:33:20,False
2909,斜刘海低丸子头 黑茶色,1,director,-2,2,,/Users/claw/work/douyin-recorder/backend/../recordings/director_outputs/director_output_1779126952.mp4,2,/Users/claw/work/douyin-recorder/backend/../recordings/director_outputs/director_output_1779134655.mp4,2026-05-15 13:33:24,False
2910,蜜桃乌龙,2,director,2,2,,/Users/claw/work/douyin-recorder/backend/../recordings/director_outputs/director_output_1779093678.mp4,2,/Users/claw/work/douyin-recorder/backend/../recordings/director_outputs/director_output_1779094713.mp4,2026-05-15 13:33:33,False
2912,多款发型演示（低扎、鸡毛头、丸子头） 黑巧克力、蜜桃乌龙,2,director,2,2,,/Users/claw/work/douyin-recorder/backend/../recordings/director_outputs/director_output_1778874932.mp4,2,/Users/claw/work/douyin-recorder/backend/../recordings/director_outputs/director_output_1778874941.mp4,2026-05-15 13:33:54,False
2913,短发/中短发款式,2,director,-2,2,,/Users/claw/work/douyin-recorder/backend/../recordings/director_outputs/director_output_1779126837.mp4,2,/Users/claw/work/douyin-recorder/backend/../recordings/director_outputs/director_output_1779134629.mp4,2026-05-15 13:34:35,False
2914,卷发（长款）,2,director,2,2,,/Users/claw/work/douyin-recorder/backend/../recordings/director_outputs/director_output_1778874693.mp4,2,/Users/claw/work/douyin-recorder/backend/../recordings/director_outputs/director_output_1778874675.mp4,2026-05-15 13:34:44,False
2915,黑眉卷卷 自然黑,2,director,2,2,,/Users/claw/work/douyin-recorder/backend/../recordings/director_outputs/director_output_1778874439.mp4,2,/Users/claw/work/douyin-recorder/backend/../recordings/director_outputs/director_output_1778874451.mp4,2026-05-15 13:34:47,False
2916,76号防风缸插款 橘调混色,2,director,2,2,,/Users/claw/work/douyin-recorder/backend/../recordings/director_outputs/director_output_1778874207.mp4,2,/Users/claw/work/douyin-recorder/backend/../recordings/director_outputs/director_output_1778874193.mp4,2026-05-15 13:34:51,False
2917,五号直发 黑巧克力色,2,director,2,2,,/Users/claw/work/douyin-recorder/backend/../recordings/director_outputs/director_output_1778873973.mp4,2,/Users/claw/work/douyin-recorder/backend/../recordings/director_outputs/director_output_1778873905.mp4,2026-05-15 13:35:04,False
2918,碎晶莹,1,director,2,2,,/Users/claw/work/douyin-recorder/backend/../recordings/director_outputs/director_output_1778873806.mp4,2,/Users/claw/work/douyin-recorder/backend/../recordings/director_outputs/director_output_1778873691.mp4,2026-05-15 13:35:11,False
2919,长发线巾款,1,director,-2,2,,/Users/claw/work/douyin-recorder/backend/../recordings/director_outputs/director_output_1779126340.mp4,-1,,2026-05-15 13:35:18,False
2920,中分长卷发（含刘海款对比） 灰粉色,2,director,2,2,,/Users/claw/work/douyin-recorder/backend/../recordings/director_outputs/director_output_1778873655.mp4,2,/Users/claw/work/douyin-recorder/backend/../recordings/director_outputs/director_output_1778873529.mp4,2026-05-15 13:35:22,False
2921,赏金猎人齐刘海 棕色,1,director,2,2,,/Users/claw/work/douyin-recorder/backend/../recordings/director_outputs/director_output_1778873455.mp4,2,/Users/claw/work/douyin-recorder/backend/../recordings/director_outputs/director_output_1778873399.mp4,2026-05-15 13:35:30,False
2923,奶茶米灰,1,director,-2,2,,/Users/claw/work/douyin-recorder/backend/../recordings/director_outputs/director_output_1779126332.mp4,-1,,2026-05-15 13:35:41,False
2924,安娜款直发 冷棕色,2,director,-2,2,,/Users/claw/work/douyin-recorder/backend/../recordings/director_outputs/director_output_1779126319.mp4,-1,,2026-05-15 13:35:53,False
2925,奶黄包短发,1,director,2,2,,/Users/claw/work/douyin-recorder/backend/../recordings/director_outputs/director_output_1778873083.mp4,2,/Users/claw/work/douyin-recorder/backend/../recordings/director_outputs/director_output_1778873051.mp4,2026-05-15 13:35:57,False
2927,新手入门款 棕色,1,director,2,2,,/Users/claw/work/douyin-recorder/backend/../recordings/director_outputs/director_output_1778872632.mp4,2,/Users/claw/work/douyin-recorder/backend/../recordings/director_outputs/director_output_1778872624.mp4,2026-05-15 13:36:04,False
2929,YG练习生 粉棕色,1,director,2,2,,/Users/claw/work/douyin-recorder/backend/../recordings/director_outputs/director_output_1778872202.mp4,2,/Users/claw/work/douyin-recorder/backend/../recordings/director_outputs/director_output_1778872190.mp4,2026-05-15 13:36:19,False
2930,五号零件中分款,2,director,2,2,,/Users/claw/work/douyin-recorder/backend/../recordings/director_outputs/director_output_1778871993.mp4,2,/Users/claw/work/douyin-recorder/backend/../recordings/director_outputs/director_output_1778871926.mp4,2026-05-15 13:36:23,False
2931,乌梅蛋蛋卷（羊毛卷） 粉紫色（乌梅紫）,1,director,2,2,,/Users/claw/work/douyin-recorder/backend/../recordings/director_outputs/director_output_1778871845.mp4,2,/Users/claw/work/douyin-recorder/backend/../recordings/director_outputs/director_output_1778871803.mp4,2026-05-15 13:37:18,False
2932,新款五号直发 浅奶茶灰棕,2,director,2,2,,/Users/claw/work/douyin-recorder/backend/../recordings/director_outputs/director_output_1778871713.mp4,2,/Users/claw/work/douyin-recorder/backend/../recordings/director_outputs/director_output_1778871687.mp4,2026-05-15 13:37:22,False
2933,微卷长发（公主头款） 奶茶灰棕色,2,director,2,2,,/Users/claw/work/douyin-recorder/backend/../recordings/director_outputs/director_output_1778871565.mp4,2,/Users/claw/work/douyin-recorder/backend/../recordings/director_outputs/director_output_1778871539.mp4,2026-05-15 13:37:27,False
2934,大卷卷发新款 浅奶茶亚麻棕,2,director,2,2,,/Users/claw/work/douyin-recorder/backend/../recordings/director_outputs/director_output_1778871416.mp4,2,/Users/claw/work/douyin-recorder/backend/../recordings/director_outputs/director_output_1778871391.mp4,2026-05-15 13:37:31,False
2935,海藻卷公主头假发 灰粉色（蜜桃乌龙）,2,director,2,2,,/Users/claw/work/douyin-recorder/backend/../recordings/director_outputs/director_output_1778871273.mp4,2,/Users/claw/work/douyin-recorder/backend/../recordings/director_outputs/director_output_1778871233.mp4,2026-05-15 13:37:34,False
2936,中分微卷长发 蜂蜜茶色,2,director,2,2,,/Users/claw/work/douyin-recorder/backend/../recordings/director_outputs/director_output_1778871137.mp4,2,/Users/claw/work/douyin-recorder/backend/../recordings/director_outputs/director_output_1778871085.mp4,2026-05-15 13:37:38,False
2937,微卷海藻卷长发（起刘海/中分） 蜂蜜棕、渐变灰粉,2,director,2,2,,/Users/claw/work/douyin-recorder/backend/../recordings/director_outputs/director_output_1778870995.mp4,2,/Users/claw/work/douyin-recorder/backend/../recordings/director_outputs/director_output_1778870953.mp4,2026-05-15 13:37:43,False
2938,2号齐刘海中分长发 灰粉沙金渐变色,2,director,2,2,,/Users/claw/work/douyin-recorder/backend/../recordings/director_outputs/director_output_1778870859.mp4,2,/Users/claw/work/douyin-recorder/backend/../recordings/director_outputs/director_output_1778870802.mp4,2026-05-15 13:37:46,False
2939,三号中分黑巧克力直发全头套 黑巧克力色,2,director,2,2,,/Users/claw/work/douyin-recorder/backend/../recordings/director_outputs/director_output_1778870713.mp4,2,/Users/claw/work/douyin-recorder/backend/../recordings/director_outputs/director_output_1778870655.mp4,2026-05-15 13:37:54,False
2940,梨花烫中长卷发（稀有熊） 浅色系（稀有色/香槟色）,2,director,2,2,,/Users/claw/work/douyin-recorder/backend/../recordings/director_outputs/director_output_1778870590.mp4,2,/Users/claw/work/douyin-recorder/backend/../recordings/director_outputs/director_output_1778870532.mp4,2026-05-15 13:37:58,False
2941,高层次水木头卷发 西柚粉,2,director,2,2,,/Users/claw/work/douyin-recorder/backend/../recordings/director_outputs/director_output_1778870458.mp4,2,/Users/claw/work/douyin-recorder/backend/../recordings/director_outputs/director_output_1778870393.mp4,2026-05-15 13:38:03,False
2942,半熟恋人复合卷长发 冷棕色,2,director,2,2,,/Users/claw/work/douyin-recorder/backend/../recordings/director_outputs/director_output_1778870322.mp4,2,/Users/claw/work/douyin-recorder/backend/../recordings/director_outputs/director_output_1778870261.mp4,2026-05-15 13:38:07,False
2943,中长卷发 冷棕色,2,director,2,2,,/Users/claw/work/douyin-recorder/backend/../recordings/director_outputs/director_output_1778870192.mp4,2,/Users/claw/work/douyin-recorder/backend/../recordings/director_outputs/director_output_1778870136.mp4,2026-05-15 13:38:10,False
2944,水光绸缎中分长卷发 7号深色/蜜桃乌龙深色,2,director,2,2,,/Users/claw/work/douyin-recorder/backend/../recordings/director_outputs/director_output_1778870066.mp4,2,/Users/claw/work/douyin-recorder/backend/../recordings/director_outputs/director_output_1778870004.mp4,2026-05-15 13:38:15,False
2945,韩系微卷长发 浅奶茶灰棕,2,director,2,2,,/Users/claw/work/douyin-recorder/backend/../recordings/director_outputs/director_output_1778869937.mp4,2,/Users/claw/work/douyin-recorder/backend/../recordings/director_outputs/director_output_1778869876.mp4,2026-05-15 13:38:19,False
2946,中分微卷长发/七分流海全头套 铅奶茶色/黑色,2,director,2,2,,/Users/claw/work/douyin-recorder/backend/../recordings/director_outputs/director_output_1778869802.mp4,2,/Users/claw/work/douyin-recorder/backend/../recordings/director_outputs/director_output_1778869744.mp4,2026-05-15 13:38:22,False
2947,一号中分飞卷发 蜂蜜茶棕色,2,director,2,2,,/Users/claw/work/douyin-recorder/backend/../recordings/director_outputs/director_output_1778869679.mp4,2,/Users/claw/work/douyin-recorder/backend/../recordings/director_outputs/director_output_1778869609.mp4,2026-05-15 13:38:32,False
2948,梨花烫中长卷发 黑棕色,2,director,2,2,,/Users/claw/work/douyin-recorder/backend/../recordings/director_outputs/director_output_1778869561.mp4,2,/Users/claw/work/douyin-recorder/backend/../recordings/director_outputs/director_output_1778869496.mp4,2026-05-15 13:38:40,False
2949,韩系微卷长发 棕色,2,director,2,2,,/Users/claw/work/douyin-recorder/backend/../recordings/director_outputs/director_output_1778869428.mp4,2,/Users/claw/work/douyin-recorder/backend/../recordings/director_outputs/director_output_1778869366.mp4,2026-05-15 13:38:45,False
2950,大卷长发全头套 浅奶茶灰棕,2,director,2,2,,/Users/claw/work/douyin-recorder/backend/../recordings/director_outputs/director_output_1778869285.mp4,2,/Users/claw/work/douyin-recorder/backend/../recordings/director_outputs/director_output_1778869229.mp4,2026-05-15 13:38:50,False
2951,比熊卷发（13号/16号全头套） 橙棕色（潮色）,2,director,2,2,,/Users/claw/work/douyin-recorder/backend/../recordings/director_outputs/director_output_1778869155.mp4,2,/Users/claw/work/douyin-recorder/backend/../recordings/director_outputs/director_output_1778869101.mp4,2026-05-15 13:38:55,False
2952,多款长卷发/刘海款/中分款,2,director,2,2,,/Users/claw/work/douyin-recorder/backend/../recordings/director_outputs/director_output_1778869022.mp4,2,/Users/claw/work/douyin-recorder/backend/../recordings/director_outputs/director_output_1778868960.mp4,2026-05-15 13:38:59,False
2953,羊毛卷全头套 冷棕色,2,director,2,2,,/Users/claw/work/douyin-recorder/backend/../recordings/director_outputs/director_output_1778868888.mp4,2,/Users/claw/work/douyin-recorder/backend/../recordings/director_outputs/director_output_1778868821.mp4,2026-05-15 13:39:02,False
2954,通勤直发（三号链接） 黑巧克力棕,2,director,2,2,,/Users/claw/work/douyin-recorder/backend/../recordings/director_outputs/director_output_1778868747.mp4,2,/Users/claw/work/douyin-recorder/backend/../recordings/director_outputs/director_output_1778868697.mp4,2026-05-15 13:39:48,False
2955,梨花烫中长卷发 浅奶茶灰棕、黑棕,2,director,2,2,,/Users/claw/work/douyin-recorder/backend/../recordings/director_outputs/director_output_1778868627.mp4,2,/Users/claw/work/douyin-recorder/backend/../recordings/director_outputs/director_output_1778868565.mp4,2026-05-15 13:39:53,False
2956,大蛋卷复合卷长发 暗棕色/焦糖暖棕,2,director,2,2,,/Users/claw/work/douyin-recorder/backend/../recordings/director_outputs/director_output_1778868488.mp4,2,/Users/claw/work/douyin-recorder/backend/../recordings/director_outputs/director_output_1778868423.mp4,2026-05-15 13:39:57,False
2957,复合大博浪长卷发 焦糖暖棕,2,director,2,2,,/Users/claw/work/douyin-recorder/backend/../recordings/director_outputs/director_output_1778868363.mp4,2,/Users/claw/work/douyin-recorder/backend/../recordings/director_outputs/director_output_1778868308.mp4,2026-05-15 13:40:05,False
2958,微卷长发（1号链接主推款） 蜂蜜棕色,2,director,2,2,,/Users/claw/work/douyin-recorder/backend/../recordings/director_outputs/director_output_1778868224.mp4,2,/Users/claw/work/douyin-recorder/backend/../recordings/director_outputs/director_output_1778868185.mp4,2026-05-15 13:40:11,False
2959,中分复合微卷长发全头套 黑巧克力冷棕色,2,director,2,2,,/Users/claw/work/douyin-recorder/backend/../recordings/director_outputs/director_output_1778868067.mp4,2,/Users/claw/work/douyin-recorder/backend/../recordings/director_outputs/director_output_1778868051.mp4,2026-05-15 13:40:16,False
2960,公主头小卷假发 冷棕色,2,director,2,2,,/Users/claw/work/douyin-recorder/backend/../recordings/director_outputs/director_output_1778867895.mp4,2,/Users/claw/work/douyin-recorder/backend/../recordings/director_outputs/director_output_1778867888.mp4,2026-05-15 13:40:21,False
2961,小拉美小卷波浪假发 灰金色,2,director,2,2,,/Users/claw/work/douyin-recorder/backend/../recordings/director_outputs/director_output_1778867758.mp4,2,/Users/claw/work/douyin-recorder/backend/../recordings/director_outputs/director_output_1778867722.mp4,2026-05-15 13:40:25,False
2962,短发卷发、咖啡豆短发、红辣椒长发 焦糖暖棕、树莓红,2,director,2,2,,/Users/claw/work/douyin-recorder/backend/../recordings/director_outputs/director_output_1778867622.mp4,2,/Users/claw/work/douyin-recorder/backend/../recordings/director_outputs/director_output_1778867580.mp4,2026-05-15 13:40:29,False
2963,微卷中分/刘海全头套 蜂蜜色、灰粉沙金、渐变粉棕,2,director,2,2,,/Users/claw/work/douyin-recorder/backend/../recordings/director_outputs/director_output_1778867372.mp4,2,/Users/claw/work/douyin-recorder/backend/../recordings/director_outputs/director_output_1778867310.mp4,2026-05-15 13:40:34,False
2964,中分长卷发 灰粉色（蜜桃乌龙）,2,director,2,2,,/Users/claw/work/douyin-recorder/backend/../recordings/director_outputs/director_output_1778867239.mp4,2,/Users/claw/work/douyin-recorder/backend/../recordings/director_outputs/director_output_1778867162.mp4,2026-05-15 13:40:40,False
2965,海藻卷 金色,2,director,2,2,,/Users/claw/work/douyin-recorder/backend/../recordings/director_outputs/director_output_1778867104.mp4,2,/Users/claw/work/douyin-recorder/backend/../recordings/director_outputs/director_output_1778866987.mp4,2026-05-15 13:40:45,False
2966,微卷轻薄长发（5号新款） 浅奶茶灰棕,2,director,2,2,,/Users/claw/work/douyin-recorder/backend/../recordings/director_outputs/director_output_1779090276.mp4,2,/Users/claw/work/douyin-recorder/backend/../recordings/director_outputs/director_output_1779090571.mp4,2026-05-15 13:40:49,False
2967,巧克力色微卷长发 黑巧克力色,2,director,2,2,,/Users/claw/work/douyin-recorder/backend/../recordings/director_outputs/director_output_1778914904.mp4,2,/Users/claw/work/douyin-recorder/backend/../recordings/director_outputs/director_output_1778914855.mp4,2026-05-15 13:40:53,False
2968,奶茶米贵/赏金链/上街恋人 奶茶色,1,director,2,2,,/Users/claw/work/douyin-recorder/backend/../recordings/director_outputs/director_output_1778866694.mp4,2,/Users/claw/work/douyin-recorder/backend/../recordings/director_outputs/director_output_1778866673.mp4,2026-05-15 13:40:58,False
2969,人生御返照中分长发 黑茶棕渐变,1,director,2,2,,/Users/claw/work/douyin-recorder/backend/../recordings/director_outputs/director_output_1778866561.mp4,2,/Users/claw/work/douyin-recorder/backend/../recordings/director_outputs/director_output_1778866517.mp4,2026-05-15 13:41:02,False
2970,心里优妮/赏金恋人/心里有你 西游粉白,1,director,2,2,,/Users/claw/work/douyin-recorder/backend/../recordings/director_outputs/director_output_1778866394.mp4,2,/Users/claw/work/douyin-recorder/backend/../recordings/director_outputs/director_output_1778866386.mp4,2026-05-15 13:41:07,False
2971,芭蕾化染长发 深棕渐变浅色,1,director,2,2,,/Users/claw/work/douyin-recorder/backend/../recordings/director_outputs/director_output_1778866255.mp4,2,/Users/claw/work/douyin-recorder/backend/../recordings/director_outputs/director_output_1778866223.mp4,2026-05-15 13:41:10,False
2972,仿真头皮全头套假发 黑色/棕色,1,director,2,2,,/Users/claw/work/douyin-recorder/backend/../recordings/director_outputs/director_output_1778866103.mp4,2,/Users/claw/work/douyin-recorder/backend/../recordings/director_outputs/director_output_1778866089.mp4,2026-05-15 13:41:19,False
2973,头顶补发片（中分/齐刘海） 摩卡色、黑色、白金色,1,director,2,2,,/Users/claw/work/douyin-recorder/backend/../recordings/director_outputs/director_output_1778865879.mp4,2,/Users/claw/work/douyin-recorder/backend/../recordings/director_outputs/director_output_1778865854.mp4,2026-05-15 13:41:27,False
2974,补发片（头顶补发片） 白金色、摩卡色,1,director,2,2,,/Users/claw/work/douyin-recorder/backend/../recordings/director_outputs/director_output_1778865739.mp4,2,/Users/claw/work/douyin-recorder/backend/../recordings/director_outputs/director_output_1778865700.mp4,2026-05-15 13:41:31,False
2975,头顶补发片/刘海发片 摩卡棕、白金色,1,director,2,2,,/Users/claw/work/douyin-recorder/backend/../recordings/director_outputs/director_output_1778865600.mp4,2,/Users/claw/work/douyin-recorder/backend/../recordings/director_outputs/director_output_1778865555.mp4,2026-05-15 13:41:35,False
2976,白金色假发片 白金色,1,director,2,2,,/Users/claw/work/douyin-recorder/backend/../recordings/director_outputs/director_output_1778865485.mp4,2,/Users/claw/work/douyin-recorder/backend/../recordings/director_outputs/director_output_1778865427.mp4,2026-05-15 13:41:39,False
2977,顶美削发网长发款 芝麻乌龙,2,director,2,2,,/Users/claw/work/douyin-recorder/backend/../recordings/director_outputs/director_output_1778865369.mp4,2,/Users/claw/work/douyin-recorder/backend/../recordings/director_outputs/director_output_1778865304.mp4,2026-05-15 13:41:45,False
2978,彩发千金补发片 黑色、黑茶、棕色,1,director,2,2,,/Users/claw/work/douyin-recorder/backend/../recordings/director_outputs/director_output_1778865228.mp4,2,/Users/claw/work/douyin-recorder/backend/../recordings/director_outputs/director_output_1778865181.mp4,2026-05-15 13:42:26,False
2979,古早甜心/知识/富江/天蝎等多款 多色系（棕、黑、粉紫等）,1,director,2,2,,/Users/claw/work/douyin-recorder/backend/../recordings/director_outputs/director_output_1778865096.mp4,2,/Users/claw/work/douyin-recorder/backend/../recordings/director_outputs/director_output_1778865046.mp4,2026-05-15 13:42:30,False
2980,财发千金直发/古早甜心卷发 深色/浅色多款,1,director,2,2,,/Users/claw/work/douyin-recorder/backend/../recordings/director_outputs/director_output_1778864968.mp4,2,/Users/claw/work/douyin-recorder/backend/../recordings/director_outputs/director_output_1778864912.mp4,2026-05-15 13:42:35,False
2981,三号中分直发 黑巧克力色,2,director,2,2,,/Users/claw/work/douyin-recorder/backend/../recordings/director_outputs/director_output_1778864841.mp4,2,/Users/claw/work/douyin-recorder/backend/../recordings/director_outputs/director_output_1778864783.mp4,2026-05-15 13:42:39,False
2982,海藻卷渐变假发 灰粉色（黑棕渐变粉）,2,director,2,2,,/Users/claw/work/douyin-recorder/backend/../recordings/director_outputs/director_output_1778864695.mp4,2,/Users/claw/work/douyin-recorder/backend/../recordings/director_outputs/director_output_1778864642.mp4,2026-05-15 13:42:44,False
2983,可可芭蕾直发 巧克力棕,1,director,2,2,,/Users/claw/work/douyin-recorder/backend/../recordings/director_outputs/director_output_1778864551.mp4,2,/Users/claw/work/douyin-recorder/backend/../recordings/director_outputs/director_output_1778864515.mp4,2026-05-15 13:42:47,False
2984,中分卷发/直发多款假发 橘色、棕色、粉色,1,director,2,2,,/Users/claw/work/douyin-recorder/backend/../recordings/director_outputs/director_output_1778864350.mp4,-1,,2026-05-15 13:42:52,False
2985,高马尾假发 橘色,1,director,2,2,,/Users/claw/work/douyin-recorder/backend/../recordings/director_outputs/director_output_1778864205.mp4,2,/Users/claw/work/douyin-recorder/backend/../recordings/director_outputs/director_output_1778864183.mp4,2026-05-15 13:42:56,False
2986,多款卷发长发（4号/5号/6号） 冷棕色、浅色系,2,director,2,2,,/Users/claw/work/douyin-recorder/backend/../recordings/director_outputs/director_output_1778864061.mp4,2,/Users/claw/work/douyin-recorder/backend/../recordings/director_outputs/director_output_1778864045.mp4,2026-05-15 13:43:00,False
2987,起刘海直发全头套 黑巧克力,2,director,2,2,,/Users/claw/work/douyin-recorder/backend/../recordings/director_outputs/director_output_1778863888.mp4,2,/Users/claw/work/douyin-recorder/backend/../recordings/director_outputs/director_output_1778863879.mp4,2026-05-15 13:43:05,False
2988,小拉眉卷发（中长卷发） 米灰金（奶茶灰）,2,director,2,2,,/Users/claw/work/douyin-recorder/backend/../recordings/director_outputs/director_output_1778863749.mp4,2,/Users/claw/work/douyin-recorder/backend/../recordings/director_outputs/director_output_1778863722.mp4,2026-05-15 13:43:11,False
2989,小卷大波浪长发（含中分/刘海款） 灰金色,2,director,2,2,,/Users/claw/work/douyin-recorder/backend/../recordings/director_outputs/director_output_1778863597.mp4,2,/Users/claw/work/douyin-recorder/backend/../recordings/director_outputs/director_output_1778863565.mp4,2026-05-15 13:43:15,False
2990,碎金金仿地针卷发 浅色/自然棕,1,director,2,2,,/Users/claw/work/douyin-recorder/backend/../recordings/director_outputs/director_output_1779091784.mp4,2,/Users/claw/work/douyin-recorder/backend/../recordings/director_outputs/director_output_1779092574.mp4,2026-05-15 13:43:23,False
2991,碎晶晶直发+中分补发片 奶茶色/摩卡色,1,director,2,2,,/Users/claw/work/douyin-recorder/backend/../recordings/director_outputs/director_output_1778863318.mp4,-1,,2026-05-15 13:43:28,False
2992,黑巧克力长卷发 自然黑,2,director,2,2,,/Users/claw/work/douyin-recorder/backend/../recordings/director_outputs/director_output_1778863205.mp4,2,/Users/claw/work/douyin-recorder/backend/../recordings/director_outputs/director_output_1778863141.mp4,2026-05-15 13:43:33,False
2993,中短卷发中分款 冷棕色,2,director,2,2,,/Users/claw/work/douyin-recorder/backend/../recordings/director_outputs/director_output_1778863056.mp4,2,/Users/claw/work/douyin-recorder/backend/../recordings/director_outputs/director_output_1778862995.mp4,2026-05-15 13:43:37,False
2994,微卷中分长发 蜂蜜茶棕/冷棕,2,director,2,2,,/Users/claw/work/douyin-recorder/backend/../recordings/director_outputs/director_output_1778862923.mp4,2,/Users/claw/work/douyin-recorder/backend/../recordings/director_outputs/director_output_1778862871.mp4,2026-05-15 13:43:41,False
2995,起刘海/中分长直发 蜂蜜棕,2,director,2,2,,/Users/claw/work/douyin-recorder/backend/../recordings/director_outputs/director_output_1778862788.mp4,2,/Users/claw/work/douyin-recorder/backend/../recordings/director_outputs/director_output_1778862750.mp4,2026-05-15 13:43:45,False
2996,中分头顶补发片 白金色,1,director,2,2,,/Users/claw/work/douyin-recorder/backend/../recordings/director_outputs/director_output_1778862620.mp4,2,/Users/claw/work/douyin-recorder/backend/../recordings/director_outputs/director_output_1778862614.mp4,2026-05-15 13:43:49,False
2997,公主头假发（其流号/六号款）,2,director,2,2,,/Users/claw/work/douyin-recorder/backend/../recordings/director_outputs/director_output_1778862458.mp4,2,/Users/claw/work/douyin-recorder/backend/../recordings/director_outputs/director_output_1778862444.mp4,2026-05-15 13:43:54,False
2998,微卷长发全头套 蜂蜜棕,2,director,2,2,,/Users/claw/work/douyin-recorder/backend/../recordings/director_outputs/director_output_1778862300.mp4,2,/Users/claw/work/douyin-recorder/backend/../recordings/director_outputs/director_output_1778862281.mp4,2026-05-15 13:44:38,False
2999,海藻卷长发 灰粉纱金（蜜桃乌龙渐变色）,2,director,2,2,,/Users/claw/work/douyin-recorder/backend/../recordings/director_outputs/director_output_1778862070.mp4,2,/Users/claw/work/douyin-recorder/backend/../recordings/director_outputs/director_output_1778862042.mp4,2026-05-15 13:44:43,False
3000,蜜桃乌龙中分大波浪全头套 灰粉色,2,director,2,2,,/Users/claw/work/douyin-recorder/backend/../recordings/director_outputs/director_output_1778861863.mp4,2,/Users/claw/work/douyin-recorder/backend/../recordings/director_outputs/director_output_1778861813.mp4,2026-05-15 13:44:47,False
3001,海盗卷（海藻卷）长直卷发 灰粉色,2,director,2,2,,/Users/claw/work/douyin-recorder/backend/../recordings/director_outputs/director_output_1778861734.mp4,2,/Users/claw/work/douyin-recorder/backend/../recordings/director_outputs/director_output_1778861667.mp4,2026-05-15 13:44:51,False
3002,三个钢叉中长发 蜜棕色,2,director,2,2,,/Users/claw/work/douyin-recorder/backend/../recordings/director_outputs/director_output_1778861596.mp4,2,/Users/claw/work/douyin-recorder/backend/../recordings/director_outputs/director_output_1778861536.mp4,2026-05-15 13:44:55,False
3003,海藻拉眉卷发 灰金色,2,director,2,2,,/Users/claw/work/douyin-recorder/backend/../recordings/director_outputs/director_output_1778861469.mp4,2,/Users/claw/work/douyin-recorder/backend/../recordings/director_outputs/director_output_1778861407.mp4,2026-05-15 13:45:00,False
3004,中分直发/骑刘海 自然黑、蜂蜜棕、粉色,2,director,2,2,,/Users/claw/work/douyin-recorder/backend/../recordings/director_outputs/director_output_1778861342.mp4,2,/Users/claw/work/douyin-recorder/backend/../recordings/director_outputs/director_output_1778861279.mp4,2026-05-15 13:45:04,False
3005,中分直发全头套 自然黑、金色、蜜桃色,2,director,2,2,,/Users/claw/work/douyin-recorder/backend/../recordings/director_outputs/director_output_1778861208.mp4,2,/Users/claw/work/douyin-recorder/backend/../recordings/director_outputs/director_output_1778861138.mp4,2026-05-15 13:45:13,False
3006,中分长发、公主发 金色,2,director,2,2,,/Users/claw/work/douyin-recorder/backend/../recordings/director_outputs/director_output_1778861094.mp4,2,/Users/claw/work/douyin-recorder/backend/../recordings/director_outputs/director_output_1778860988.mp4,2026-05-15 13:45:17,False
3007,中分海藻卷长发 灰粉沙金渐变色,2,director,2,2,,/Users/claw/work/douyin-recorder/backend/../recordings/director_outputs/director_output_1778860966.mp4,2,/Users/claw/work/douyin-recorder/backend/../recordings/director_outputs/director_output_1778860802.mp4,2026-05-15 13:45:22,False
3008,全头套卷发（四号半熟恋人） 冷棕色,2,director,2,2,,/Users/claw/work/douyin-recorder/backend/../recordings/director_outputs/director_output_1778860754.mp4,2,/Users/claw/work/douyin-recorder/backend/../recordings/director_outputs/director_output_1778860677.mp4,2026-05-15 13:45:26,False
3009,定制卷长发全头套 冷棕色,2,director,2,2,,/Users/claw/work/douyin-recorder/backend/../recordings/director_outputs/director_output_1778860640.mp4,2,/Users/claw/work/douyin-recorder/backend/../recordings/director_outputs/director_output_1778860531.mp4,2026-05-15 13:45:30,False
3010,内扣中长卷发（海藻卷） 蜜桃乌龙/灰粉渐变,2,director,2,2,,/Users/claw/work/douyin-recorder/backend/../recordings/director_outputs/director_output_1778860513.mp4,2,/Users/claw/work/douyin-recorder/backend/../recordings/director_outputs/director_output_1778860332.mp4,2026-05-15 13:45:35,False
3011,中分卷发丸子头,2,director,2,2,,/Users/claw/work/douyin-recorder/backend/../recordings/director_outputs/director_output_1778860213.mp4,2,/Users/claw/work/douyin-recorder/backend/../recordings/director_outputs/director_output_1778860100.mp4,2026-05-15 13:45:38,False
3012,复合微卷长发（红色魅魔款） 树莓红,2,director,2,2,,/Users/claw/work/douyin-recorder/backend/../recordings/director_outputs/director_output_1779126287.mp4,-1,,2026-05-15 13:45:47,False
3013,长直发全头套（中分/齐刘海） 蜜棕色,2,director,2,2,,/Users/claw/work/douyin-recorder/backend/../recordings/director_outputs/director_output_1778914770.mp4,2,/Users/claw/work/douyin-recorder/backend/../recordings/director_outputs/director_output_1778914701.mp4,2026-05-15 16:29:30,False
3014,长卷发（公主卷/中分款） 露丝铜款,2,director,2,2,,/Users/claw/work/douyin-recorder/backend/../recordings/director_outputs/director_output_1778914492.mp4,2,/Users/claw/work/douyin-recorder/backend/../recordings/director_outputs/director_output_1778914501.mp4,2026-05-15 16:38:47,False
3015,卷发/中分长卷发 蜂蜜茶色/蜜棕色,2,director,2,2,,/Users/claw/work/douyin-recorder/backend/../recordings/director_outputs/director_output_1778914227.mp4,2,/Users/claw/work/douyin-recorder/backend/../recordings/director_outputs/director_output_1778914210.mp4,2026-05-15 16:57:47,False
3016,黑巧克力直发 黑巧克力,2,director,2,2,,/Users/claw/work/douyin-recorder/backend/../recordings/director_outputs/director_output_1778913969.mp4,2,/Users/claw/work/douyin-recorder/backend/../recordings/director_outputs/director_output_1778913979.mp4,2026-05-15 17:13:17,False
3017,高层次中分/齐刘海长直发 黑巧克力色,2,director,2,2,,/Users/claw/work/douyin-recorder/backend/../recordings/director_outputs/director_output_1778913745.mp4,2,/Users/claw/work/douyin-recorder/backend/../recordings/director_outputs/director_output_1778913733.mp4,2026-05-15 17:28:13,False
3018,复合卷长发（半熟恋人/冷宗寺） 冷棕色,2,director,2,2,,/Users/claw/work/douyin-recorder/backend/../recordings/director_outputs/director_output_1778913499.mp4,2,/Users/claw/work/douyin-recorder/backend/../recordings/director_outputs/director_output_1778913483.mp4,2026-05-15 17:36:09,False
3019,卷发全头套 冷棕色,2,director,2,2,,/Users/claw/work/douyin-recorder/backend/../recordings/director_outputs/director_output_1778913246.mp4,2,/Users/claw/work/douyin-recorder/backend/../recordings/director_outputs/director_output_1778913234.mp4,2026-05-15 17:44:10,False
3020,中长发黑棕卷发（堆堆熊/8号） 黑棕色,2,director,2,2,,/Users/claw/work/douyin-recorder/backend/../recordings/director_outputs/director_output_1778913020.mp4,2,/Users/claw/work/douyin-recorder/backend/../recordings/director_outputs/director_output_1778912994.mp4,2026-05-15 17:52:19,False
3021,蛋蛋卷/堆堆熊卷发 亚麻暖棕色,2,director,2,2,,/Users/claw/work/douyin-recorder/backend/../recordings/director_outputs/director_output_1778912761.mp4,2,/Users/claw/work/douyin-recorder/backend/../recordings/director_outputs/director_output_1778912748.mp4,2026-05-15 18:00:00,False
3022,中分长卷发全头套 树莓红,2,director,2,2,,/Users/claw/work/douyin-recorder/backend/../recordings/director_outputs/director_output_1778912515.mp4,2,/Users/claw/work/douyin-recorder/backend/../recordings/director_outputs/director_output_1778912530.mp4,2026-05-15 18:08:54,False
3023,中分流海卷发 浅发色,2,director,2,2,,/Users/claw/work/douyin-recorder/backend/../recordings/director_outputs/director_output_1778912285.mp4,2,/Users/claw/work/douyin-recorder/backend/../recordings/director_outputs/director_output_1778912255.mp4,2026-05-15 18:15:11,False
3024,中分卷发（海藻卷） 灰粉色,2,director,2,2,,/Users/claw/work/douyin-recorder/backend/../recordings/director_outputs/director_output_1778912068.mp4,2,/Users/claw/work/douyin-recorder/backend/../recordings/director_outputs/director_output_1778912015.mp4,2026-05-15 18:22:39,False
3025,中分海盗卷层次发 脏橘色/脏菊色/橙金色,2,director,2,2,,/Users/claw/work/douyin-recorder/backend/../recordings/director_outputs/director_output_1778911788.mp4,2,/Users/claw/work/douyin-recorder/backend/../recordings/director_outputs/director_output_1778911771.mp4,2026-05-15 18:31:14,False
3026,短发全头套（14号款） 焦糖暖棕色,2,director,2,2,,/Users/claw/work/douyin-recorder/backend/../recordings/director_outputs/director_output_1779092830.mp4,2,/Users/claw/work/douyin-recorder/backend/../recordings/director_outputs/director_output_1779094040.mp4,2026-05-15 18:39:23,False
3027,微卷长发（78cm中分款） 自然黑,2,director,2,2,,/Users/claw/work/douyin-recorder/backend/../recordings/director_outputs/director_output_1778911488.mp4,2,/Users/claw/work/douyin-recorder/backend/../recordings/director_outputs/director_output_1778911450.mp4,2026-05-15 18:47:07,False
3028,直发/微卷爆款组合（1号、3号领袖款） 蜂蜜茶棕色、黑巧克力色,2,director,2,2,,/Users/claw/work/douyin-recorder/backend/../recordings/director_outputs/director_output_1778911289.mp4,2,/Users/claw/work/douyin-recorder/backend/../recordings/director_outputs/director_output_1778911310.mp4,2026-05-15 18:56:19,False
3029,长直微卷高层次假发 蜂蜜棕,2,director,2,2,,/Users/claw/work/douyin-recorder/backend/../recordings/director_outputs/director_output_1779092750.mp4,2,/Users/claw/work/douyin-recorder/backend/../recordings/director_outputs/director_output_1779093933.mp4,2026-05-16 06:15:07,False
3030,千金名人风长卷发全头套 密茶棕色,2,director,2,2,,/Users/claw/work/douyin-recorder/backend/../recordings/director_outputs/director_output_1779092650.mp4,2,/Users/claw/work/douyin-recorder/backend/../recordings/director_outputs/director_output_1779093710.mp4,2026-05-16 06:22:49,False
3031,芝麻乌龙卷发/咖啡豆短卷发 枪灰挑染/巴黎渐变染/咖啡色,2,director,2,2,,/Users/claw/work/douyin-recorder/backend/../recordings/director_outputs/director_output_1778964435.mp4,2,/Users/claw/work/douyin-recorder/backend/../recordings/director_outputs/director_output_1778966580.mp4,2026-05-16 06:31:20,False
3032,海藻卷中分长发 棕灰色,2,director,2,2,,/Users/claw/work/douyin-recorder/backend/../recordings/director_outputs/director_output_1778964319.mp4,2,/Users/claw/work/douyin-recorder/backend/../recordings/director_outputs/director_output_1778966460.mp4,2026-05-16 06:39:59,False
3033,起流好新款假发 蜜茶棕色,2,director,2,2,,/Users/claw/work/douyin-recorder/backend/../recordings/director_outputs/director_output_1778964161.mp4,2,/Users/claw/work/douyin-recorder/backend/../recordings/director_outputs/director_output_1778966317.mp4,2026-05-16 06:48:35,False
3034,流号款假发,2,director,2,2,,/Users/claw/work/douyin-recorder/backend/../recordings/director_outputs/director_output_1779092989.mp4,-1,,2026-05-16 06:50:28,False
3035,短卷发/海藻卷 咖啡豆色/灰粉渐变,2,director,2,2,,/Users/claw/work/douyin-recorder/backend/../recordings/director_outputs/director_output_1778963967.mp4,2,/Users/claw/work/douyin-recorder/backend/../recordings/director_outputs/director_output_1778966361.mp4,2026-05-16 06:58:34,False
3036,中分直发、齐刘海、海藻卷发,2,director,2,2,,/Users/claw/work/douyin-recorder/backend/../recordings/director_outputs/director_output_1779093227.mp4,2,/Users/claw/work/douyin-recorder/backend/../recordings/director_outputs/director_output_1779094427.mp4,2026-05-16 07:07:22,False
3037,中长直发/微卷发 红色/蜜棕亚麻色,2,director,2,2,,/Users/claw/work/douyin-recorder/backend/../recordings/director_outputs/director_output_1779093345.mp4,2,/Users/claw/work/douyin-recorder/backend/../recordings/director_outputs/director_output_1779094492.mp4,2026-05-16 07:15:43,False
3038,中分飞卷长发,2,director,2,2,,/Users/claw/work/douyin-recorder/backend/../recordings/director_outputs/director_output_1779093394.mp4,2,/Users/claw/work/douyin-recorder/backend/../recordings/director_outputs/director_output_1779094519.mp4,2026-05-16 07:24:19,False
3039,比熊卷卷长发 橙金棕色,2,director,2,2,,/Users/claw/work/douyin-recorder/backend/../recordings/director_outputs/director_output_1779093561.mp4,2,/Users/claw/work/douyin-recorder/backend/../recordings/director_outputs/director_output_1779094642.mp4,2026-05-16 07:32:41,False
3040,碎晶晶仿地针卷发,1,director,2,2,,/Users/claw/work/douyin-recorder/backend/../recordings/director_outputs/director_output_1778963518.mp4,2,/Users/claw/work/douyin-recorder/backend/../recordings/director_outputs/director_output_1778965955.mp4,2026-05-16 07:44:49,False
3041,仿头皮精修直发 自然黑,1,director,2,2,,/Users/claw/work/douyin-recorder/backend/../recordings/director_outputs/director_output_1778963432.mp4,2,/Users/claw/work/douyin-recorder/backend/../recordings/director_outputs/director_output_1778965905.mp4,2026-05-16 07:57:58,False
3042,赏金人、知识、薄荷漫波 黑茶色、棕色、橙色,1,director,2,2,,/Users/claw/work/douyin-recorder/backend/../recordings/director_outputs/director_output_1778963361.mp4,2,/Users/claw/work/douyin-recorder/backend/../recordings/director_outputs/director_output_1778965861.mp4,2026-05-16 08:17:16,False
3043,知识（中分宽刘海直发） 黑茶、棕色,1,director,2,2,,/Users/claw/work/douyin-recorder/backend/../recordings/director_outputs/director_output_1778963268.mp4,2,/Users/claw/work/douyin-recorder/backend/../recordings/director_outputs/director_output_1778965761.mp4,2026-05-16 08:31:37,False
3044,全头套侧丸子头造型,1,director,2,2,,/Users/claw/work/douyin-recorder/backend/../recordings/director_outputs/director_output_1778963159.mp4,2,/Users/claw/work/douyin-recorder/backend/../recordings/director_outputs/director_output_1778965690.mp4,2026-05-16 08:51:12,False
3045,雨季美朵莎/羊毛卷假发 棕色,1,director,2,2,,/Users/claw/work/douyin-recorder/backend/../recordings/director_outputs/director_output_1778963058.mp4,-1,,2026-05-16 09:05:14,False
3046,赛博六包短发/豆包八字刘海短发,1,director,2,2,,/Users/claw/work/douyin-recorder/backend/../recordings/director_outputs/director_output_1778962990.mp4,2,/Users/claw/work/douyin-recorder/backend/../recordings/director_outputs/director_output_1778965594.mp4,2026-05-16 09:19:18,False
3047,裁发千金中分外翻卷 栗棕色,1,director,2,2,,/Users/claw/work/douyin-recorder/backend/../recordings/director_outputs/director_output_1778962847.mp4,-1,,2026-05-16 09:45:46,False
3048,中分长直发（含齐刘海款） 蜂蜜茶色,2,director,2,2,,/Users/claw/work/douyin-recorder/backend/../recordings/director_outputs/director_output_1778962793.mp4,2,/Users/claw/work/douyin-recorder/backend/../recordings/director_outputs/director_output_1778965475.mp4,2026-05-16 09:54:29,False
3049,头顶补发片（仿地针大底网） 摩卡色、黑茶色、白金色,1,director,2,2,,/Users/claw/work/douyin-recorder/backend/../recordings/director_outputs/director_output_1778962680.mp4,2,/Users/claw/work/douyin-recorder/backend/../recordings/director_outputs/director_output_1778965210.mp4,2026-05-16 10:08:00,False
3050,财阀千金（长直发） 黑茶色、焦糖棕,1,director,2,2,,/Users/claw/work/douyin-recorder/backend/../recordings/director_outputs/director_output_1778962609.mp4,-1,,2026-05-16 10:21:00,False
3051,海藻小卷 蜜桃乌龙渐变色,2,director,2,2,,/Users/claw/work/douyin-recorder/backend/../recordings/director_outputs/director_output_1778962428.mp4,2,/Users/claw/work/douyin-recorder/backend/../recordings/director_outputs/director_output_1778964974.mp4,2026-05-16 10:35:03,False
3052,三号长直发 黑巧克力色,2,director,2,2,,/Users/claw/work/douyin-recorder/backend/../recordings/director_outputs/director_output_1778962370.mp4,2,/Users/claw/work/douyin-recorder/backend/../recordings/director_outputs/director_output_1778964956.mp4,2026-05-16 10:44:51,False
3053,起刘海全头套 黑巧克力色,2,director,2,2,,/Users/claw/work/douyin-recorder/backend/../recordings/director_outputs/director_output_1778962242.mp4,2,/Users/claw/work/douyin-recorder/backend/../recordings/director_outputs/director_output_1778964779.mp4,2026-05-16 11:00:43,False
3054,中分微卷补发片 白金色,1,director,2,2,,/Users/claw/work/douyin-recorder/backend/../recordings/director_outputs/director_output_1778962173.mp4,2,/Users/claw/work/douyin-recorder/backend/../recordings/director_outputs/director_output_1778964744.mp4,2026-05-16 11:08:52,False
3055,头顶补发片（底网9x12） 自然色/黑茶/摩卡/白金,1,director,2,2,,/Users/claw/work/douyin-recorder/backend/../recordings/director_outputs/director_output_1778961986.mp4,2,/Users/claw/work/douyin-recorder/backend/../recordings/director_outputs/director_output_1778964532.mp4,2026-05-16 11:22:20,False
3056,全头套免发网直发/卷发 红辣椒色/树莓红,2,director,2,2,,/Users/claw/work/douyin-recorder/backend/../recordings/director_outputs/director_output_1778961935.mp4,2,/Users/claw/work/douyin-recorder/backend/../recordings/director_outputs/director_output_1778964516.mp4,2026-05-16 11:31:07,False
3057,蜜桃旗舰长直发/中分卷发 渐变灰粉杀金色,2,director,2,2,,/Users/claw/work/douyin-recorder/backend/../recordings/director_outputs/director_output_1778961809.mp4,2,/Users/claw/work/douyin-recorder/backend/../recordings/director_outputs/director_output_1778964261.mp4,2026-05-16 11:45:46,False
3058,西游慧子直发长发 西柚色（橘粉色）,2,director,2,2,,/Users/claw/work/douyin-recorder/backend/../recordings/director_outputs/director_output_1778961785.mp4,2,/Users/claw/work/douyin-recorder/backend/../recordings/director_outputs/director_output_1778964253.mp4,2026-05-16 11:53:16,False
3059,堆堆熊中长卷发 琥珀黑棕色,2,director,2,2,,/Users/claw/work/douyin-recorder/backend/../recordings/director_outputs/director_output_1778961605.mp4,2,/Users/claw/work/douyin-recorder/backend/../recordings/director_outputs/director_output_1778963958.mp4,2026-05-16 12:02:30,False
3060,树莓红长卷发（75cm微卷中分） 树莓红,2,director,2,2,,/Users/claw/work/douyin-recorder/backend/../recordings/director_outputs/director_output_1778961562.mp4,2,/Users/claw/work/douyin-recorder/backend/../recordings/director_outputs/director_output_1778963940.mp4,2026-05-16 12:11:29,False
3061,蛋卷卷发（75cm） 焦糖暖棕色,2,director,2,2,,/Users/claw/work/douyin-recorder/backend/../recordings/director_outputs/director_output_1778961398.mp4,2,/Users/claw/work/douyin-recorder/backend/../recordings/director_outputs/director_output_1778963827.mp4,2026-05-16 12:18:54,False
3062,中分长卷发/76号短刘海款 树莓红、粉棕、金色,2,director,2,2,,/Users/claw/work/douyin-recorder/backend/../recordings/director_outputs/director_output_1778961387.mp4,2,/Users/claw/work/douyin-recorder/backend/../recordings/director_outputs/director_output_1778963739.mp4,2026-05-16 12:27:47,False
3063,堆堆熊层次内扣卷中长款 焦糖暖棕/蜂蜜茶棕/琥珀黑棕,2,director,2,2,,/Users/claw/work/douyin-recorder/backend/../recordings/director_outputs/director_output_1779094344.mp4,2,/Users/claw/work/douyin-recorder/backend/../recordings/director_outputs/director_output_1779095122.mp4,2026-05-16 12:36:44,False
3064,蜂蜜微卷韩系V卷发（1号齐头款） 蜂蜜茶棕色,2,director,2,2,,/Users/claw/work/douyin-recorder/backend/../recordings/director_outputs/director_output_1778961175.mp4,2,/Users/claw/work/douyin-recorder/backend/../recordings/director_outputs/director_output_1778963405.mp4,2026-05-16 12:48:14,False
3065,羊毛卷（15号爆款轻薄羊毛卷） 自然黑,2,director,2,2,,/Users/claw/work/douyin-recorder/backend/../recordings/director_outputs/director_output_1778961120.mp4,-1,,2026-05-16 12:56:54,False
3066,长款微卷中分/齐刘海假发 蜂蜜茶色、黑色,2,director,2,2,,/Users/claw/work/douyin-recorder/backend/../recordings/director_outputs/director_output_1778960973.mp4,2,/Users/claw/work/douyin-recorder/backend/../recordings/director_outputs/director_output_1778963224.mp4,2026-05-16 13:05:58,False
3067,微卷全头套假发,2,director,2,2,,/Users/claw/work/douyin-recorder/backend/../recordings/director_outputs/director_output_1778960885.mp4,2,/Users/claw/work/douyin-recorder/backend/../recordings/director_outputs/director_output_1778963094.mp4,2026-05-16 13:12:28,False
3068,高颅顶仿头皮直发 巧克力色,2,director,2,2,,/Users/claw/work/douyin-recorder/backend/../recordings/director_outputs/director_output_1778960809.mp4,2,/Users/claw/work/douyin-recorder/backend/../recordings/director_outputs/director_output_1778962864.mp4,2026-05-16 13:21:27,False
3069,高层次直发（骑流号/中分款） 黑巧克力色,2,director,2,2,,/Users/claw/work/douyin-recorder/backend/../recordings/director_outputs/director_output_1778960764.mp4,2,/Users/claw/work/douyin-recorder/backend/../recordings/director_outputs/director_output_1778962839.mp4,2026-05-16 13:30:42,False
3070,中分复合卷发全头套 红色,2,director,2,2,,/Users/claw/work/douyin-recorder/backend/../recordings/director_outputs/director_output_1778960590.mp4,2,/Users/claw/work/douyin-recorder/backend/../recordings/director_outputs/director_output_1778962735.mp4,2026-05-16 13:35:15,False
3071,齐罗海、齐六号中短发全头套 树莓红,2,director,2,2,,/Users/claw/work/douyin-recorder/backend/../recordings/director_outputs/director_output_1778960462.mp4,2,/Users/claw/work/douyin-recorder/backend/../recordings/director_outputs/director_output_1778962538.mp4,2026-05-16 13:44:32,False
3072,中分长直发 粉棕色、蜂蜜黄棕,2,director,2,2,,/Users/claw/work/douyin-recorder/backend/../recordings/director_outputs/director_output_1778960377.mp4,2,/Users/claw/work/douyin-recorder/backend/../recordings/director_outputs/director_output_1778962405.mp4,2026-05-16 13:50:23,False
3073,一号中分/起落号假发,2,director,2,2,,/Users/claw/work/douyin-recorder/backend/../recordings/director_outputs/director_output_1778960344.mp4,2,/Users/claw/work/douyin-recorder/backend/../recordings/director_outputs/director_output_1778962293.mp4,2026-05-16 13:55:37,False
3074,悠悠酱冷棕卷发 冷棕色,2,director,2,2,,/Users/claw/work/douyin-recorder/backend/../recordings/director_outputs/director_output_1778960196.mp4,2,/Users/claw/work/douyin-recorder/backend/../recordings/director_outputs/director_output_1778962161.mp4,2026-05-16 14:06:38,False
3075,水光绸缎卷发 自然黑,2,director,2,2,,/Users/claw/work/douyin-recorder/backend/../recordings/director_outputs/director_output_1778960062.mp4,2,/Users/claw/work/douyin-recorder/backend/../recordings/director_outputs/director_output_1778961993.mp4,2026-05-16 14:10:10,False
3076,多款混播（羊毛卷、大波浪、直发） 深粉棕/豆沙粉棕,2,director,2,2,,/Users/claw/work/douyin-recorder/backend/../recordings/director_outputs/director_output_1778960004.mp4,2,/Users/claw/work/douyin-recorder/backend/../recordings/director_outputs/director_output_1778961765.mp4,2026-05-16 14:17:25,False
3077,中分微卷公主头长发 蜂蜜棕,2,director,2,2,,/Users/claw/work/douyin-recorder/backend/../recordings/director_outputs/director_output_1778959956.mp4,2,/Users/claw/work/douyin-recorder/backend/../recordings/director_outputs/director_output_1778961841.mp4,2026-05-16 14:27:18,False
3078,中长直发偏分款 橘粉色/黑巧色,2,director,2,2,,/Users/claw/work/douyin-recorder/backend/../recordings/director_outputs/director_output_1778959807.mp4,2,/Users/claw/work/douyin-recorder/backend/../recordings/director_outputs/director_output_1778961642.mp4,2026-05-16 14:36:45,False
3079,长卷发（大波浪卷发） 黑巧克力色、灰金色,2,director,2,2,,/Users/claw/work/douyin-recorder/backend/../recordings/director_outputs/director_output_1778959652.mp4,2,/Users/claw/work/douyin-recorder/backend/../recordings/director_outputs/director_output_1778961407.mp4,2026-05-16 14:46:22,False
3080,公主毛假发 亚麻棕色/奶咖色,2,director,2,2,,/Users/claw/work/douyin-recorder/backend/../recordings/director_outputs/director_output_1778959630.mp4,2,/Users/claw/work/douyin-recorder/backend/../recordings/director_outputs/director_output_1778961283.mp4,2026-05-16 14:49:21,False
3081,油画海藻卷发 脏橘色,2,director,2,2,,/Users/claw/work/douyin-recorder/backend/../recordings/director_outputs/director_output_1778959580.mp4,2,/Users/claw/work/douyin-recorder/backend/../recordings/director_outputs/director_output_1778961269.mp4,2026-05-16 14:59:48,False
3082,韩系微卷长发（80cm） 自然黑/黑茶色,2,director,2,2,,/Users/claw/work/douyin-recorder/backend/../recordings/director_outputs/director_output_1778959529.mp4,2,/Users/claw/work/douyin-recorder/backend/../recordings/director_outputs/director_output_1778961055.mp4,2026-05-16 15:10:12,False
3083,高层次直发/复合卷长发 冷棕色,2,director,2,2,,/Users/claw/work/douyin-recorder/backend/../recordings/director_outputs/director_output_1778959222.mp4,2,/Users/claw/work/douyin-recorder/backend/../recordings/director_outputs/director_output_1778960853.mp4,2026-05-16 15:19:49,False
3084,黑巧克力直发/水泡卷发 黑巧克力色,2,director,2,2,,/Users/claw/work/douyin-recorder/backend/../recordings/director_outputs/director_output_1778959207.mp4,2,/Users/claw/work/douyin-recorder/backend/../recordings/director_outputs/director_output_1778960819.mp4,2026-05-16 15:30:51,False
3085,咖啡豆短发卷发 焦糖暗棕色,2,director,2,2,,/Users/claw/work/douyin-recorder/backend/../recordings/director_outputs/director_output_1778959089.mp4,2,/Users/claw/work/douyin-recorder/backend/../recordings/director_outputs/director_output_1778960772.mp4,2026-05-16 15:40:55,False
3086,4号礼品新款卷发 冷棕色,2,director,2,2,,/Users/claw/work/douyin-recorder/backend/../recordings/director_outputs/director_output_1778959006.mp4,2,/Users/claw/work/douyin-recorder/backend/../recordings/director_outputs/director_output_1778960558.mp4,2026-05-16 15:44:06,False
3087,小拉眉卷长发全头套 灰金色,2,director,2,2,,/Users/claw/work/douyin-recorder/backend/../recordings/director_outputs/director_output_1778958847.mp4,2,/Users/claw/work/douyin-recorder/backend/../recordings/director_outputs/director_output_1778960236.mp4,2026-05-16 15:54:35,False
3088,梨花烫中长卷发 琥珀黑棕色,2,director,2,2,,/Users/claw/work/douyin-recorder/backend/../recordings/director_outputs/director_output_1778958803.mp4,2,/Users/claw/work/douyin-recorder/backend/../recordings/director_outputs/director_output_1778960259.mp4,2026-05-16 16:04:44,False
3089,卷发（定制卷/大波浪） 自然黑、树莓红,2,director,2,2,,/Users/claw/work/douyin-recorder/backend/../recordings/director_outputs/director_output_1778958749.mp4,2,/Users/claw/work/douyin-recorder/backend/../recordings/director_outputs/director_output_1778960227.mp4,2026-05-16 16:19:58,False
3090,定制卷发 自然黑、树莓红,2,director,2,2,,/Users/claw/work/douyin-recorder/backend/../recordings/director_outputs/director_output_1778958654.mp4,2,/Users/claw/work/douyin-recorder/backend/../recordings/director_outputs/director_output_1778960030.mp4,2026-05-16 16:34:50,False
3091,中分直发、海藻卷发 蜜棕色、粉棕色、灰粉渐变,2,director,2,2,,/Users/claw/work/douyin-recorder/backend/../recordings/director_outputs/director_output_1778958463.mp4,2,/Users/claw/work/douyin-recorder/backend/../recordings/director_outputs/director_output_1778959778.mp4,2026-05-16 16:45:00,False
3092,海藻卷中长卷发 冷棕色,2,director,2,2,,/Users/claw/work/douyin-recorder/backend/../recordings/director_outputs/director_output_1778958430.mp4,2,/Users/claw/work/douyin-recorder/backend/../recordings/director_outputs/director_output_1778959571.mp4,2026-05-16 16:55:05,False
3093,齐刘海/中分全头套长发两用款 西梅乌龙/潮色,2,director,2,2,,/Users/claw/work/douyin-recorder/backend/../recordings/director_outputs/director_output_1778958447.mp4,2,/Users/claw/work/douyin-recorder/backend/../recordings/director_outputs/director_output_1778959481.mp4,2026-05-16 17:02:47,False
3094,碎晶晶卷发 粉调灰色,1,director,2,2,,/Users/claw/work/douyin-recorder/backend/../recordings/director_outputs/director_output_1778958413.mp4,2,/Users/claw/work/douyin-recorder/backend/../recordings/director_outputs/director_output_1778958956.mp4,2026-05-16 17:13:32,False
3095,知识（仿地针工艺中分/偏分假发） 黑茶色,1,director,2,2,,/Users/claw/work/douyin-recorder/backend/../recordings/director_outputs/director_output_1779085731.mp4,2,/Users/claw/work/douyin-recorder/backend/../recordings/director_outputs/director_output_1779086768.mp4,2026-05-16 17:24:23,False
3096,奥润菊卷发 奥润菊色（菊黄调棕色）,1,director,2,2,,/Users/claw/work/douyin-recorder/backend/../recordings/director_outputs/director_output_1779085669.mp4,2,/Users/claw/work/douyin-recorder/backend/../recordings/director_outputs/director_output_1779086818.mp4,2026-05-16 17:34:26,False
3097,中分大波浪 柚子色/稀柚色,1,director,2,2,,/Users/claw/work/douyin-recorder/backend/../recordings/director_outputs/director_output_1779085573.mp4,2,/Users/claw/work/douyin-recorder/backend/../recordings/director_outputs/director_output_1779086732.mp4,2026-05-16 17:45:11,False
3098,黑茶直式中分假发 黑茶色,1,director,2,2,,/Users/claw/work/douyin-recorder/backend/../recordings/director_outputs/director_output_1779085457.mp4,2,/Users/claw/work/douyin-recorder/backend/../recordings/director_outputs/director_output_1779086409.mp4,2026-05-16 17:56:02,False
3099,赏金猎人齐刘海/中分卷发 玫瑰粉棕色,1,director,2,2,,/Users/claw/work/douyin-recorder/backend/../recordings/director_outputs/director_output_1779085402.mp4,2,/Users/claw/work/douyin-recorder/backend/../recordings/director_outputs/director_output_1779086097.mp4,2026-05-16 18:06:11,False
3101,古早甜心 亚麻混血色,1,director,2,2,,/Users/claw/work/douyin-recorder/backend/../recordings/director_outputs/director_output_1779085242.mp4,2,/Users/claw/work/douyin-recorder/backend/../recordings/director_outputs/director_output_1779086054.mp4,2026-05-16 18:35:18,False
3102,古早甜心 亚麻色,1,director,2,2,,/Users/claw/work/douyin-recorder/backend/../recordings/director_outputs/director_output_1778964738.mp4,-1,,2026-05-16 19:05:23,False
3103,中分长直发（千金风） 蜜棕色,2,director,2,2,,/Users/claw/work/douyin-recorder/backend/../recordings/director_outputs/director_output_1778964793.mp4,2,/Users/claw/work/douyin-recorder/backend/../recordings/director_outputs/director_output_1778966881.mp4,2026-05-16 19:12:31,False
3104,碎晶晶直发 乌梅紫浆（紫粉色）,1,director,2,2,,/Users/claw/work/douyin-recorder/backend/../recordings/director_outputs/director_output_1778964861.mp4,2,/Users/claw/work/douyin-recorder/backend/../recordings/director_outputs/director_output_1778967030.mp4,2026-05-16 19:23:48,False
3105,碎泥直发/随金金直发/碎晶晶卷发 灰粉色/紫色/浅色系,1,director,2,2,,/Users/claw/work/douyin-recorder/backend/../recordings/director_outputs/director_output_1778964951.mp4,2,/Users/claw/work/douyin-recorder/backend/../recordings/director_outputs/director_output_1778967166.mp4,2026-05-16 19:42:09,False
3106,头顶补发片（齐刘海/中分两用） 摩卡棕、黑茶、黑色、白金,1,director,2,2,,/Users/claw/work/douyin-recorder/backend/../recordings/director_outputs/director_output_1778965059.mp4,2,/Users/claw/work/douyin-recorder/backend/../recordings/director_outputs/director_output_1778967286.mp4,2026-05-16 19:57:07,False
3107,夺回（仿地震工艺全头套） 黑色/红棕/焦糖棕,1,director,2,2,,/Users/claw/work/douyin-recorder/backend/../recordings/director_outputs/director_output_1778965172.mp4,2,/Users/claw/work/douyin-recorder/backend/../recordings/director_outputs/director_output_1778967408.mp4,2026-05-16 20:13:16,False
3108,中长发内扣卷斜刘海 冷棕色,2,director,2,2,,/Users/claw/work/douyin-recorder/backend/../recordings/director_outputs/director_output_1778965259.mp4,2,/Users/claw/work/douyin-recorder/backend/../recordings/director_outputs/director_output_1778967543.mp4,2026-05-16 20:19:17,False
3109,宽刘海中分韩系直发 自然黑,1,director,2,2,,/Users/claw/work/douyin-recorder/backend/../recordings/director_outputs/director_output_1778965342.mp4,-1,,2026-05-16 20:25:29,False
3110,蒸王草莓短卷发 灰紫色,1,director,2,2,,/Users/claw/work/douyin-recorder/backend/../recordings/director_outputs/director_output_1778965435.mp4,-1,,2026-05-16 20:34:40,False
3111,斜刘海中长微卷发 蜂蜜棕,2,director,2,2,,/Users/claw/work/douyin-recorder/backend/../recordings/director_outputs/director_output_1778965586.mp4,2,/Users/claw/work/douyin-recorder/backend/../recordings/director_outputs/director_output_1778967973.mp4,2026-05-16 21:02:47,False
3112,赏金猎人卷发,1,director,2,2,,/Users/claw/work/douyin-recorder/backend/../recordings/director_outputs/director_output_1778966355.mp4,2,/Users/claw/work/douyin-recorder/backend/../recordings/director_outputs/director_output_1778968014.mp4,2026-05-16 21:16:21,False
3113,头顶补发片 自然色/摩卡色/白金色/黑色,1,director,2,2,,/Users/claw/work/douyin-recorder/backend/../recordings/director_outputs/director_output_1778967098.mp4,2,/Users/claw/work/douyin-recorder/backend/../recordings/director_outputs/director_output_1778968095.mp4,2026-05-16 21:30:12,False
3114,微卷长发/直发 粉棕色/黑巧克力,2,director,2,2,,/Users/claw/work/douyin-recorder/backend/../recordings/director_outputs/director_output_1778967786.mp4,2,/Users/claw/work/douyin-recorder/backend/../recordings/director_outputs/director_output_1778968158.mp4,2026-05-16 21:41:09,False
3115,赏金链齐头海,1,director,2,2,,/Users/claw/work/douyin-recorder/backend/../recordings/director_outputs/director_output_1778967948.mp4,2,/Users/claw/work/douyin-recorder/backend/../recordings/director_outputs/director_output_1778968224.mp4,2026-05-16 21:44:03,False
3116,可可芭蕾直发 栗子壳棕色,1,director,2,2,,/Users/claw/work/douyin-recorder/backend/../recordings/director_outputs/director_output_1778968681.mp4,2,/Users/claw/work/douyin-recorder/backend/../recordings/director_outputs/director_output_1778968686.mp4,2026-05-16 21:56:00,False
3117,许愿款中分/齐刘海微卷长发,2,director,2,2,,/Users/claw/work/douyin-recorder/backend/../recordings/director_outputs/director_output_1778969390.mp4,2,/Users/claw/work/douyin-recorder/backend/../recordings/director_outputs/director_output_1778969410.mp4,2026-05-16 22:07:56,False
3118,蜜桃乌龙渐变卷发 灰粉渐变,2,director,2,2,,/Users/claw/work/douyin-recorder/backend/../recordings/director_outputs/director_output_1778970079.mp4,2,/Users/claw/work/douyin-recorder/backend/../recordings/director_outputs/director_output_1778970108.mp4,2026-05-16 22:19:29,False
3119,红色长卷发（复合卷，75cm） 树莓红,2,director,2,2,,/Users/claw/work/douyin-recorder/backend/../recordings/director_outputs/director_output_1778970777.mp4,2,/Users/claw/work/douyin-recorder/backend/../recordings/director_outputs/director_output_1778970797.mp4,2026-05-16 22:30:57,False
3120,碎晶晶仿地针卷发 浅色系（人参棕/氧气粒子）,1,director,2,2,,/Users/claw/work/douyin-recorder/backend/../recordings/director_outputs/director_output_1779085121.mp4,2,/Users/claw/work/douyin-recorder/backend/../recordings/director_outputs/director_output_1779085883.mp4,2026-05-17 02:45:33,False
3121,头顶补发片（大底网9x12） 摩卡棕,1,director,2,2,,/Users/claw/work/douyin-recorder/backend/../recordings/director_outputs/director_output_1779085098.mp4,-1,,2026-05-17 02:54:21,False
3122,红辣椒人鱼公主卷发 海王红（树莓红）,2,director,2,2,,/Users/claw/work/douyin-recorder/backend/../recordings/director_outputs/director_output_1779186768.mp4,2,/Users/claw/work/douyin-recorder/backend/../recordings/director_outputs/director_output_1779186931.mp4,2026-05-17 03:10:01,False
3123,顶普发片 树莓红,1,director,2,2,,/Users/claw/work/douyin-recorder/backend/../recordings/director_outputs/director_output_1779084961.mp4,2,/Users/claw/work/douyin-recorder/backend/../recordings/director_outputs/director_output_1779085609.mp4,2026-05-17 03:15:03,False
3124,卷发全头套（四号）,2,director,2,2,,/Users/claw/work/douyin-recorder/backend/../recordings/director_outputs/director_output_1779084930.mp4,2,/Users/claw/work/douyin-recorder/backend/../recordings/director_outputs/director_output_1779085438.mp4,2026-05-17 03:23:28,False
3125,头顶补发片（头领补发片） 摩卡棕,1,director,2,2,,/Users/claw/work/douyin-recorder/backend/../recordings/director_outputs/director_output_1779084789.mp4,2,/Users/claw/work/douyin-recorder/backend/../recordings/director_outputs/director_output_1779085256.mp4,2026-05-17 03:32:06,False
3126,头顶补发片 摩卡色/自然黑/白金色,1,director,2,2,,/Users/claw/work/douyin-recorder/backend/../recordings/director_outputs/director_output_1779084751.mp4,2,/Users/claw/work/douyin-recorder/backend/../recordings/director_outputs/director_output_1779085190.mp4,2026-05-17 03:41:14,False
3127,起刘海卷发、周峰款卷发、海藻卷 灰粉色渐变,2,director,2,2,,/Users/claw/work/douyin-recorder/backend/../recordings/director_outputs/director_output_1779084659.mp4,2,/Users/claw/work/douyin-recorder/backend/../recordings/director_outputs/director_output_1779085136.mp4,2026-05-17 03:50:02,False
3128,中分直发（三号链接） 金色,2,director,2,2,,/Users/claw/work/douyin-recorder/backend/../recordings/director_outputs/director_output_1779084604.mp4,2,/Users/claw/work/douyin-recorder/backend/../recordings/director_outputs/director_output_1779085005.mp4,2026-05-17 04:14:07,False
3129,9号大头皮系列长直发 自然黑（黑茶色）,2,director,2,2,,/Users/claw/work/douyin-recorder/backend/../recordings/director_outputs/director_output_1779084377.mp4,2,/Users/claw/work/douyin-recorder/backend/../recordings/director_outputs/director_output_1779084759.mp4,2026-05-17 04:22:45,False
3130,中分卷发/直发多款 黑巧克力色/灰粉/潮色,2,director,2,2,,/Users/claw/work/douyin-recorder/backend/../recordings/director_outputs/director_output_1779084350.mp4,2,/Users/claw/work/douyin-recorder/backend/../recordings/director_outputs/director_output_1779084799.mp4,2026-05-17 04:28:54,False
3131,梨花烫卷发（7号）、必熊卷（12号） 琥珀黑棕,2,director,2,2,,/Users/claw/work/douyin-recorder/backend/../recordings/director_outputs/director_output_1779084288.mp4,2,/Users/claw/work/douyin-recorder/backend/../recordings/director_outputs/director_output_1779084697.mp4,2026-05-17 04:37:45,False
3132,高层次长卷发（比熊款） 沉青色/浅金色,2,director,2,2,,/Users/claw/work/douyin-recorder/backend/../recordings/director_outputs/director_output_1778993501.mp4,2,/Users/claw/work/douyin-recorder/backend/../recordings/director_outputs/director_output_1778993510.mp4,2026-05-17 04:49:32,False
3133,娃娃卷（小卷发） 亚麻色/蜜茶色,2,director,2,2,,/Users/claw/work/douyin-recorder/backend/../recordings/director_outputs/director_output_1778994053.mp4,2,/Users/claw/work/douyin-recorder/backend/../recordings/director_outputs/director_output_1778994092.mp4,2026-05-17 04:58:52,False
3134,中长卷发/直发新手款 自然黑、亮棕色,2,director,2,2,,/Users/claw/work/douyin-recorder/backend/../recordings/director_outputs/director_output_1778994778.mp4,2,/Users/claw/work/douyin-recorder/backend/../recordings/director_outputs/director_output_1778994788.mp4,2026-05-17 05:10:55,False
3135,小卷发/水光卷发 亚麻灰棕/黑茶色,2,director,2,2,,/Users/claw/work/douyin-recorder/backend/../recordings/director_outputs/director_output_1778995307.mp4,2,/Users/claw/work/douyin-recorder/backend/../recordings/director_outputs/director_output_1778995338.mp4,2026-05-17 05:19:22,False
3136,亚裔风微卷长发 枪灰棕渐变,2,director,2,2,,/Users/claw/work/douyin-recorder/backend/../recordings/director_outputs/director_output_1778995934.mp4,2,/Users/claw/work/douyin-recorder/backend/../recordings/director_outputs/director_output_1778995959.mp4,2026-05-17 05:30:14,False
3137,中分长发/齐刘海/起落号多款 蜂蜜棕/青灰/蜜棕,2,director,2,2,,/Users/claw/work/douyin-recorder/backend/../recordings/director_outputs/director_output_1778996624.mp4,2,/Users/claw/work/douyin-recorder/backend/../recordings/director_outputs/director_output_1778996649.mp4,2026-05-17 05:41:37,False
3138,咖啡豆爆款短发、6号金色卷发 焦糖暖棕色、米灰金色,2,director,2,2,,/Users/claw/work/douyin-recorder/backend/../recordings/director_outputs/director_output_1778997231.mp4,2,/Users/claw/work/douyin-recorder/backend/../recordings/director_outputs/director_output_1778997259.mp4,2026-05-17 05:51:34,False
3139,U型假发/卷发 奶茶灰金色,2,director,2,2,,/Users/claw/work/douyin-recorder/backend/../recordings/director_outputs/director_output_1778997543.mp4,2,/Users/claw/work/douyin-recorder/backend/../recordings/director_outputs/director_output_1778997573.mp4,2026-05-17 05:56:48,False
3140,小拉美卷/微卷长发 粉棕色,2,director,2,2,,/Users/claw/work/douyin-recorder/backend/../recordings/director_outputs/director_output_1778998338.mp4,2,/Users/claw/work/douyin-recorder/backend/../recordings/director_outputs/director_output_1778998363.mp4,2026-05-17 06:08:57,False
3141,中分小拉美卷发（6号款） 灰金色（米灰金）,2,director,2,2,,/Users/claw/work/douyin-recorder/backend/../recordings/director_outputs/director_output_1778998903.mp4,2,/Users/claw/work/douyin-recorder/backend/../recordings/director_outputs/director_output_1778998932.mp4,2026-05-17 06:19:41,False
3142,熟女卷发（14号） 粉棕色/冷棕色,2,director,2,2,,/Users/claw/work/douyin-recorder/backend/../recordings/director_outputs/director_output_1778999485.mp4,2,/Users/claw/work/douyin-recorder/backend/../recordings/director_outputs/director_output_1778999512.mp4,2026-05-17 06:29:11,False
3143,蜂蜜中长微卷发（中分款） 自然黑,2,director,2,2,,/Users/claw/work/douyin-recorder/backend/../recordings/director_outputs/director_output_1778999970.mp4,2,/Users/claw/work/douyin-recorder/backend/../recordings/director_outputs/director_output_1778999997.mp4,2026-05-17 06:37:09,False
3144,西柚粉长直发 西柚粉（橘粉色）,2,director,2,2,,/Users/claw/work/douyin-recorder/backend/../recordings/director_outputs/director_output_1779000496.mp4,2,/Users/claw/work/douyin-recorder/backend/../recordings/director_outputs/director_output_1779000539.mp4,2026-05-17 06:46:25,False
3145,14号微卷大波浪长发 冷棕色,2,director,2,2,,/Users/claw/work/douyin-recorder/backend/../recordings/director_outputs/director_output_1779001070.mp4,2,/Users/claw/work/douyin-recorder/backend/../recordings/director_outputs/director_output_1779001099.mp4,2026-05-17 06:55:42,False
3146,迷雾冰岛、美式溜溜子 蓝灰渐变、橘色调锁眉,1,director,2,2,,/Users/claw/work/douyin-recorder/backend/../recordings/director_outputs/director_output_1779001886.mp4,2,/Users/claw/work/douyin-recorder/backend/../recordings/director_outputs/director_output_1779001896.mp4,2026-05-17 07:09:35,False
3147,直发中分长发 黑巧克力色,2,director,2,2,,/Users/claw/work/douyin-recorder/backend/../recordings/director_outputs/director_output_1779002406.mp4,2,/Users/claw/work/douyin-recorder/backend/../recordings/director_outputs/director_output_1779002431.mp4,2026-05-17 07:18:08,False
3148,高层次超薄中分直发 黑巧克力色,2,director,2,2,,/Users/claw/work/douyin-recorder/backend/../recordings/director_outputs/director_output_1779002867.mp4,2,/Users/claw/work/douyin-recorder/backend/../recordings/director_outputs/director_output_1779002897.mp4,2026-05-17 07:26:01,False
3149,微卷长发（16号轻氧韩女） 豆沙粉棕,2,director,2,2,,/Users/claw/work/douyin-recorder/backend/../recordings/director_outputs/director_output_1779003267.mp4,2,/Users/claw/work/douyin-recorder/backend/../recordings/director_outputs/director_output_1779003285.mp4,2026-05-17 07:32:24,False
3150,七星短牌新款 奶茶色/赛博豆瓣,1,director,2,2,,/Users/claw/work/douyin-recorder/backend/../recordings/director_outputs/director_output_1779004000.mp4,2,/Users/claw/work/douyin-recorder/backend/../recordings/director_outputs/director_output_1779004040.mp4,2026-05-17 07:45:00,False
3151,芝士短发 深色,1,director,2,2,,/Users/claw/work/douyin-recorder/backend/../recordings/director_outputs/director_output_1779004486.mp4,-1,,2026-05-17 07:52:59,False
3152,美式溜溜子短卷发 橘调暖棕色,1,director,2,2,,/Users/claw/work/douyin-recorder/backend/../recordings/director_outputs/director_output_1779084250.mp4,-1,,2026-05-17 08:32:24,False
3153,碎晶晶齐刘海假发 灰粉色（奶茶色）,1,director,2,2,,/Users/claw/work/douyin-recorder/backend/../recordings/director_outputs/director_output_1779092295.mp4,2,/Users/claw/work/douyin-recorder/backend/../recordings/director_outputs/director_output_1779093317.mp4,2026-05-17 08:36:42,False
3155,仿地针双马尾假发套 茶棕色,1,director,2,2,,/Users/claw/work/douyin-recorder/backend/../recordings/director_outputs/director_output_1779092383.mp4,2,/Users/claw/work/douyin-recorder/backend/../recordings/director_outputs/director_output_1779093528.mp4,2026-05-17 08:45:18,False
3156,日常百搭中长卷发 肉桂奶咖（粉棕色）,1,director,2,2,,/Users/claw/work/douyin-recorder/backend/../recordings/director_outputs/director_output_1779092470.mp4,2,/Users/claw/work/douyin-recorder/backend/../recordings/director_outputs/director_output_1779093615.mp4,2026-05-17 08:46:07,False
3157,碎晶晶直发/卷发 粉灰色,1,director,2,2,,/Users/claw/work/douyin-recorder/backend/../recordings/director_outputs/director_output_1779092607.mp4,2,/Users/claw/work/douyin-recorder/backend/../recordings/director_outputs/director_output_1779093796.mp4,2026-05-17 08:57:59,False
3158,仿逼真头皮大头围假发（人生款） 焦糖色,1,director,2,2,,/Users/claw/work/douyin-recorder/backend/../recordings/director_outputs/director_output_1779009099.mp4,2,/Users/claw/work/douyin-recorder/backend/../recordings/director_outputs/director_output_1779021213.mp4,2026-05-17 09:07:46,False
3159,地狱少女 黑茶色,1,director,2,2,,/Users/claw/work/douyin-recorder/backend/../recordings/director_outputs/director_output_1779192667.mp4,-1,,2026-05-17 09:08:55,False
3160,上级猎人卷发,1,director,2,2,,/Users/claw/work/douyin-recorder/backend/../recordings/director_outputs/director_output_1779083987.mp4,2,/Users/claw/work/douyin-recorder/backend/../recordings/director_outputs/director_output_1779084335.mp4,2026-05-17 09:12:29,False
3161,人生玉法升级蕾丝假发,1,director,2,2,,/Users/claw/work/douyin-recorder/backend/../recordings/director_outputs/director_output_1779009530.mp4,2,/Users/claw/work/douyin-recorder/backend/../recordings/director_outputs/director_output_1779021738.mp4,2026-05-17 09:13:34,False
3162,夺回/人生/赏金/丸子头多款假发 黑茶色、棕色,1,director,2,2,,/Users/claw/work/douyin-recorder/backend/../recordings/director_outputs/director_output_1779009612.mp4,2,/Users/claw/work/douyin-recorder/backend/../recordings/director_outputs/director_output_1779021698.mp4,2026-05-17 09:14:37,False
3163,蛋卷发/直发/高马尾多款展示 深粉棕色,1,director,2,2,,/Users/claw/work/douyin-recorder/backend/../recordings/director_outputs/director_output_1779009758.mp4,2,/Users/claw/work/douyin-recorder/backend/../recordings/director_outputs/director_output_1779021791.mp4,2026-05-17 09:17:38,False
3164,头顶补发片（头领补发片） 摩卡色,1,director,2,2,,/Users/claw/work/douyin-recorder/backend/../recordings/director_outputs/director_output_1779009920.mp4,2,/Users/claw/work/douyin-recorder/backend/../recordings/director_outputs/director_output_1779021771.mp4,2026-05-17 09:21:38,False
3165,补发片（加宽加长头皮款） 摩卡色/黑色,1,director,2,2,,/Users/claw/work/douyin-recorder/backend/../recordings/director_outputs/director_output_1779010161.mp4,2,/Users/claw/work/douyin-recorder/backend/../recordings/director_outputs/director_output_1779021869.mp4,2026-05-17 09:25:16,False
3166,头顶补发片（仿地真工艺） 中粉、摩卡色、白金色,1,director,2,2,,/Users/claw/work/douyin-recorder/backend/../recordings/director_outputs/director_output_1779010274.mp4,2,/Users/claw/work/douyin-recorder/backend/../recordings/director_outputs/director_output_1779021925.mp4,2026-05-17 09:26:32,False
3167,财阀千金中分卷发 黑茶色/蜜茶棕,1,director,2,2,,/Users/claw/work/douyin-recorder/backend/../recordings/director_outputs/director_output_1779093474.mp4,2,/Users/claw/work/douyin-recorder/backend/../recordings/director_outputs/director_output_1779094573.mp4,2026-05-17 09:29:23,False
3168,中分长直发（1号链接主推款） 蜂蜜茶棕色,2,director,2,2,,/Users/claw/work/douyin-recorder/backend/../recordings/director_outputs/director_output_1779010634.mp4,2,/Users/claw/work/douyin-recorder/backend/../recordings/director_outputs/director_output_1779022019.mp4,2026-05-17 09:32:32,False
3169,齐刘海直发/中分长直发 黑巧克力色,2,director,2,2,,/Users/claw/work/douyin-recorder/backend/../recordings/director_outputs/director_output_1779010788.mp4,2,/Users/claw/work/douyin-recorder/backend/../recordings/director_outputs/director_output_1779022059.mp4,2026-05-17 09:35:14,False
3170,中分/旁分卷发及直发多款 黑巧克力色,2,director,2,2,,/Users/claw/work/douyin-recorder/backend/../recordings/director_outputs/director_output_1779010965.mp4,2,/Users/claw/work/douyin-recorder/backend/../recordings/director_outputs/director_output_1779022095.mp4,2026-05-17 09:36:33,False
3171,才发千金全头套（中分五指宽头皮） 自然黑（近似戴文青发色）,1,director,2,2,,/Users/claw/work/douyin-recorder/backend/../recordings/director_outputs/director_output_1779011036.mp4,2,/Users/claw/work/douyin-recorder/backend/../recordings/director_outputs/director_output_1779022151.mp4,2026-05-17 09:37:31,False
3172,头顶补发片（仿地针自带头皮） 摩卡色,1,director,2,2,,/Users/claw/work/douyin-recorder/backend/../recordings/director_outputs/director_output_1779011129.mp4,2,/Users/claw/work/douyin-recorder/backend/../recordings/director_outputs/director_output_1779022225.mp4,2026-05-17 09:38:43,False
3173,长直发齐刘海/中分款 蜂蜜棕,2,director,2,2,,/Users/claw/work/douyin-recorder/backend/../recordings/director_outputs/director_output_1779011270.mp4,2,/Users/claw/work/douyin-recorder/backend/../recordings/director_outputs/director_output_1779022300.mp4,2026-05-17 09:39:40,False
3174,古早甜心宽齐刘海直发 浅棕奶茶色（千禧年baby发色）,1,director,2,2,,/Users/claw/work/douyin-recorder/backend/../recordings/director_outputs/director_output_1779011380.mp4,2,/Users/claw/work/douyin-recorder/backend/../recordings/director_outputs/director_output_1779022337.mp4,2026-05-17 09:41:00,False
3175,蕾丝工艺中分一刀切短发 白金色,1,director,2,2,,/Users/claw/work/douyin-recorder/backend/../recordings/director_outputs/director_output_1779011501.mp4,2,/Users/claw/work/douyin-recorder/backend/../recordings/director_outputs/director_output_1779022381.mp4,2026-05-17 09:43:54,False
3176,复合卷长发（4号半熟恋人） 冷棕色,2,director,2,2,,/Users/claw/work/douyin-recorder/backend/../recordings/director_outputs/director_output_1779093840.mp4,2,/Users/claw/work/douyin-recorder/backend/../recordings/director_outputs/director_output_1779094807.mp4,2026-05-17 09:47:01,False
3177,三号中分长直发 自然黑,2,director,2,2,,/Users/claw/work/douyin-recorder/backend/../recordings/director_outputs/director_output_1779093905.mp4,2,/Users/claw/work/douyin-recorder/backend/../recordings/director_outputs/director_output_1779094855.mp4,2026-05-17 09:48:11,False
3178,赛博豆包 黑色,1,director,2,2,,/Users/claw/work/douyin-recorder/backend/../recordings/director_outputs/director_output_1779094004.mp4,2,/Users/claw/work/douyin-recorder/backend/../recordings/director_outputs/director_output_1779094925.mp4,2026-05-17 09:49:07,False
3179,海藻卷全头套假发（二号蜜桃） 灰粉纱金渐变色,2,director,2,2,,/Users/claw/work/douyin-recorder/backend/../recordings/director_outputs/director_output_1779094104.mp4,2,/Users/claw/work/douyin-recorder/backend/../recordings/director_outputs/director_output_1779094977.mp4,2026-05-17 09:50:24,False
3180,中分起留海长直发 灰粉色,2,director,2,2,,/Users/claw/work/douyin-recorder/backend/../recordings/director_outputs/director_output_1779011971.mp4,2,/Users/claw/work/douyin-recorder/backend/../recordings/director_outputs/director_output_1779022430.mp4,2026-05-17 09:51:33,False
3181,中分长发/齐刘海/蜜桃乌龙卷发 灰金色、粉色,2,director,2,2,,/Users/claw/work/douyin-recorder/backend/../recordings/director_outputs/director_output_1779011987.mp4,2,/Users/claw/work/douyin-recorder/backend/../recordings/director_outputs/director_output_1779022501.mp4,2026-05-17 09:52:49,False
3182,氧气栗子卷发 栗子壳棕色,1,director,2,2,,/Users/claw/work/douyin-recorder/backend/../recordings/director_outputs/director_output_1779012038.mp4,2,/Users/claw/work/douyin-recorder/backend/../recordings/director_outputs/director_output_1779022533.mp4,2026-05-17 09:53:55,False
3183,羊毛蛋卷卷发、碎晶晶卷发、七路号直发、头领补发片 奶茶色、古早亭星色、白金玻璃色,1,director,2,2,,/Users/claw/work/douyin-recorder/backend/../recordings/director_outputs/director_output_1779012158.mp4,2,/Users/claw/work/douyin-recorder/backend/../recordings/director_outputs/director_output_1779022685.mp4,2026-05-17 09:57:27,False
3184,圆音蛋卷中分,1,director,2,2,,/Users/claw/work/douyin-recorder/backend/../recordings/director_outputs/director_output_1779012281.mp4,2,/Users/claw/work/douyin-recorder/backend/../recordings/director_outputs/director_output_1779022691.mp4,2026-05-17 09:58:20,False
3185,中分直发/卷发长发 树莓红,2,director,2,2,,/Users/claw/work/douyin-recorder/backend/../recordings/director_outputs/director_output_1779012370.mp4,2,/Users/claw/work/douyin-recorder/backend/../recordings/director_outputs/director_output_1779022762.mp4,2026-05-17 10:01:45,False
3186,高层次长直发 黑巧克力棕,2,director,2,2,,/Users/claw/work/douyin-recorder/backend/../recordings/director_outputs/director_output_1779012489.mp4,2,/Users/claw/work/douyin-recorder/backend/../recordings/director_outputs/director_output_1779022789.mp4,2026-05-17 10:03:11,False
3187,中分长直发 黑巧克力色,2,director,2,2,,/Users/claw/work/douyin-recorder/backend/../recordings/director_outputs/director_output_1779012652.mp4,2,/Users/claw/work/douyin-recorder/backend/../recordings/director_outputs/director_output_1779022880.mp4,2026-05-17 10:05:38,False
3188,日系中长混合卷发 亚麻茶棕,2,director,2,2,,/Users/claw/work/douyin-recorder/backend/../recordings/director_outputs/director_output_1779094199.mp4,2,/Users/claw/work/douyin-recorder/backend/../recordings/director_outputs/director_output_1779095024.mp4,2026-05-17 10:06:32,False
3189,全头套长卷发 树莓红（红辣椒）,2,director,2,2,,/Users/claw/work/douyin-recorder/backend/../recordings/director_outputs/director_output_1779012734.mp4,2,/Users/claw/work/douyin-recorder/backend/../recordings/director_outputs/director_output_1779022947.mp4,2026-05-17 10:06:48,False
3190,美式somi/最精英指发/夺回/裁发 橘调金色/柳柳紫,1,director,2,2,,/Users/claw/work/douyin-recorder/backend/../recordings/director_outputs/director_output_1779012846.mp4,2,/Users/claw/work/douyin-recorder/backend/../recordings/director_outputs/director_output_1779023020.mp4,2026-05-17 10:09:04,False
3191,海藻卷渐变染长发 蜂蜜棕/灰粉色渐变,2,director,2,2,,/Users/claw/work/douyin-recorder/backend/../recordings/director_outputs/director_output_1779013064.mp4,2,/Users/claw/work/douyin-recorder/backend/../recordings/director_outputs/director_output_1779023089.mp4,2026-05-17 10:12:15,False
3192,全头套免发网微卷中分款 蜜茶棕色,2,director,2,2,,/Users/claw/work/douyin-recorder/backend/../recordings/director_outputs/director_output_1779095962.mp4,2,/Users/claw/work/douyin-recorder/backend/../recordings/director_outputs/director_output_1779095981.mp4,2026-05-17 10:13:32,False
3193,层次复合卷发 琥珀黑棕,2,director,2,2,,/Users/claw/work/douyin-recorder/backend/../recordings/director_outputs/director_output_1779013331.mp4,2,/Users/claw/work/douyin-recorder/backend/../recordings/director_outputs/director_output_1779023136.mp4,2026-05-17 10:18:07,False
3194,渐变灰粉长直发（中分款） 渐变灰粉色,2,director,2,2,,/Users/claw/work/douyin-recorder/backend/../recordings/director_outputs/director_output_1779013428.mp4,2,/Users/claw/work/douyin-recorder/backend/../recordings/director_outputs/director_output_1779023245.mp4,2026-05-17 10:19:32,False
3195,冷棕长卷发（4号/14号款） 冷棕色,2,director,2,2,,/Users/claw/work/douyin-recorder/backend/../recordings/director_outputs/director_output_1779013642.mp4,2,/Users/claw/work/douyin-recorder/backend/../recordings/director_outputs/director_output_1779023306.mp4,2026-05-17 10:22:14,False
3196,中分起流海卷发/梨花烫中长发 黑棕色,2,director,2,2,,/Users/claw/work/douyin-recorder/backend/../recordings/director_outputs/director_output_1779013730.mp4,2,/Users/claw/work/douyin-recorder/backend/../recordings/director_outputs/director_output_1779023404.mp4,2026-05-17 10:23:39,False
3197,短卷发（空气刘海卷发） 焦糖暖棕（咖啡豆色）,2,director,2,2,,/Users/claw/work/douyin-recorder/backend/../recordings/director_outputs/director_output_1779013881.mp4,2,/Users/claw/work/douyin-recorder/backend/../recordings/director_outputs/director_output_1779023466.mp4,2026-05-17 10:25:51,False
3198,高层次直发/卷发多款 黑巧克力色,2,director,2,2,,/Users/claw/work/douyin-recorder/backend/../recordings/director_outputs/director_output_1779014059.mp4,2,/Users/claw/work/douyin-recorder/backend/../recordings/director_outputs/director_output_1779023673.mp4,2026-05-17 10:28:44,False
3199,水光绸缎长直发（80cm高层次） 黑茶色,2,director,2,2,,/Users/claw/work/douyin-recorder/backend/../recordings/director_outputs/director_output_1779014153.mp4,2,/Users/claw/work/douyin-recorder/backend/../recordings/director_outputs/director_output_1779023748.mp4,2026-05-17 10:30:06,False
3200,比熊卷全头套两用系列 成金色、粉棕色,2,director,2,2,,/Users/claw/work/douyin-recorder/backend/../recordings/director_outputs/director_output_1779014256.mp4,2,/Users/claw/work/douyin-recorder/backend/../recordings/director_outputs/director_output_1779023821.mp4,2026-05-17 10:31:22,False
3201,直发全头套（三号款） 黑巧克力,2,director,2,2,,/Users/claw/work/douyin-recorder/backend/../recordings/director_outputs/director_output_1779014351.mp4,2,/Users/claw/work/douyin-recorder/backend/../recordings/director_outputs/director_output_1779023861.mp4,2026-05-17 10:32:36,False
3202,大波浪卷发 米灰金、蜜茶棕,2,director,2,2,,/Users/claw/work/douyin-recorder/backend/../recordings/director_outputs/director_output_1779014499.mp4,2,/Users/claw/work/douyin-recorder/backend/../recordings/director_outputs/director_output_1779023952.mp4,2026-05-17 10:33:51,False
3203,中分直发/卷发多款,2,director,2,2,,/Users/claw/work/douyin-recorder/backend/../recordings/director_outputs/director_output_1779014609.mp4,2,/Users/claw/work/douyin-recorder/backend/../recordings/director_outputs/director_output_1779024025.mp4,2026-05-17 10:36:48,False
3204,复合卷长发 冷棕色/蜜灰金,2,director,2,2,,/Users/claw/work/douyin-recorder/backend/../recordings/director_outputs/director_output_1779014692.mp4,2,/Users/claw/work/douyin-recorder/backend/../recordings/director_outputs/director_output_1779024091.mp4,2026-05-17 10:37:55,False
3205,蓬松卷发/直发多款展示 黑巧克力色,2,director,2,2,,/Users/claw/work/douyin-recorder/backend/../recordings/director_outputs/director_output_1779014785.mp4,2,/Users/claw/work/douyin-recorder/backend/../recordings/director_outputs/director_output_1779024142.mp4,2026-05-17 10:39:11,False
3206,海藻卷长发（二号款） 灰粉渐变色,2,director,2,2,,/Users/claw/work/douyin-recorder/backend/../recordings/director_outputs/director_output_1779014963.mp4,2,/Users/claw/work/douyin-recorder/backend/../recordings/director_outputs/director_output_1779024205.mp4,2026-05-17 10:40:37,False
3207,长直发偏分/中分款 自然黑、棕色,2,director,2,2,,/Users/claw/work/douyin-recorder/backend/../recordings/director_outputs/director_output_1779015089.mp4,2,/Users/claw/work/douyin-recorder/backend/../recordings/director_outputs/director_output_1779024274.mp4,2026-05-17 10:41:52,False
3208,树莓红长卷发（75cm） 树莓红,2,director,2,2,,/Users/claw/work/douyin-recorder/backend/../recordings/director_outputs/director_output_1779015148.mp4,2,/Users/claw/work/douyin-recorder/backend/../recordings/director_outputs/director_output_1779024339.mp4,2026-05-17 10:43:22,False
3209,三号领阶中分直发 黑巧克力色,2,director,2,2,,/Users/claw/work/douyin-recorder/backend/../recordings/director_outputs/director_output_1779015257.mp4,2,/Users/claw/work/douyin-recorder/backend/../recordings/director_outputs/director_output_1779024400.mp4,2026-05-17 10:46:28,False
3210,中分卷发/海藻卷长发 蜜桃乌龙/灰粉沙金渐变,2,director,2,2,,/Users/claw/work/douyin-recorder/backend/../recordings/director_outputs/director_output_1779015384.mp4,2,/Users/claw/work/douyin-recorder/backend/../recordings/director_outputs/director_output_1779024459.mp4,2026-05-17 10:47:34,False
3211,亚麻色中长直发（皮卡熊/7号） 蜜茶亚麻色,2,director,2,2,,/Users/claw/work/douyin-recorder/backend/../recordings/director_outputs/director_output_1779015526.mp4,2,/Users/claw/work/douyin-recorder/backend/../recordings/director_outputs/director_output_1779024518.mp4,2026-05-17 10:48:41,False
3212,头顶补发片（中分大底网仿头皮） 白金色,1,director,2,2,,/Users/claw/work/douyin-recorder/backend/../recordings/director_outputs/director_output_1779015601.mp4,2,/Users/claw/work/douyin-recorder/backend/../recordings/director_outputs/director_output_1779024592.mp4,2026-05-17 10:49:40,False
3213,古早天心、韩漫女高、氧气粒子卷,1,director,2,2,,/Users/claw/work/douyin-recorder/backend/../recordings/director_outputs/director_output_1779015743.mp4,2,/Users/claw/work/douyin-recorder/backend/../recordings/director_outputs/director_output_1779024695.mp4,2026-05-17 10:53:20,False
3214,头顶补发片（加长底网款） 摩卡色、黑色,1,director,2,2,,/Users/claw/work/douyin-recorder/backend/../recordings/director_outputs/director_output_1779015841.mp4,2,/Users/claw/work/douyin-recorder/backend/../recordings/director_outputs/director_output_1779024793.mp4,2026-05-17 10:54:23,False
3215,美式索蜜短发 橘调暖色,1,director,2,2,,/Users/claw/work/douyin-recorder/backend/../recordings/director_outputs/director_output_1779015970.mp4,-1,,2026-05-17 10:57:35,False
3216,中分直发潮色款 粉色渐变,2,director,2,2,,/Users/claw/work/douyin-recorder/backend/../recordings/director_outputs/director_output_1779016062.mp4,2,/Users/claw/work/douyin-recorder/backend/../recordings/director_outputs/director_output_1779025129.mp4,2026-05-17 10:59:07,False
3217,复合卷长发全头套 冷棕色,2,director,2,2,,/Users/claw/work/douyin-recorder/backend/../recordings/director_outputs/director_output_1779089225.mp4,2,/Users/claw/work/douyin-recorder/backend/../recordings/director_outputs/director_output_1779089274.mp4,2026-05-17 11:02:52,False
3218,齐刘海仿真头皮卷发（芝士/知识款） 茶棕色,1,director,2,2,,/Users/claw/work/douyin-recorder/backend/../recordings/director_outputs/director_output_1779089319.mp4,2,/Users/claw/work/douyin-recorder/backend/../recordings/director_outputs/director_output_1779089233.mp4,2026-05-17 11:04:14,False
3219,知识款仿地针假发 淡淡橘粉色,1,director,2,2,,/Users/claw/work/douyin-recorder/backend/../recordings/director_outputs/director_output_1779089309.mp4,2,/Users/claw/work/douyin-recorder/backend/../recordings/director_outputs/director_output_1779089435.mp4,2026-05-17 11:07:21,False
3220,海藻卷长卷发 脏橘色,2,director,2,2,,/Users/claw/work/douyin-recorder/backend/../recordings/director_outputs/director_output_1779083960.mp4,2,/Users/claw/work/douyin-recorder/backend/../recordings/director_outputs/director_output_1779084315.mp4,2026-05-17 11:11:09,False
3221,露丝童话微卷长发 蜂蜜茶色/蜜茶亚麻色,2,director,2,2,,/Users/claw/work/douyin-recorder/backend/../recordings/director_outputs/director_output_1779089389.mp4,2,/Users/claw/work/douyin-recorder/backend/../recordings/director_outputs/director_output_1779089429.mp4,2026-05-17 11:12:30,False
3222,中分/起刘海假发 蜂蜜棕,2,director,2,2,,/Users/claw/work/douyin-recorder/backend/../recordings/director_outputs/director_output_1779089571.mp4,2,/Users/claw/work/douyin-recorder/backend/../recordings/director_outputs/director_output_1779089725.mp4,2026-05-17 11:13:43,False
3223,中长发梨花烫 琥珀黑棕,2,director,2,2,,/Users/claw/work/douyin-recorder/backend/../recordings/director_outputs/director_output_1779089673.mp4,2,/Users/claw/work/douyin-recorder/backend/../recordings/director_outputs/director_output_1779089785.mp4,2026-05-17 11:14:39,False
3224,日常发网假发（1234号款式）,2,director,2,2,,/Users/claw/work/douyin-recorder/backend/../recordings/director_outputs/director_output_1779089693.mp4,2,/Users/claw/work/douyin-recorder/backend/../recordings/director_outputs/director_output_1779089886.mp4,2026-05-17 11:17:47,False
3225,中分卷发 灰粉色,2,director,2,2,,/Users/claw/work/douyin-recorder/backend/../recordings/director_outputs/director_output_1779089750.mp4,2,/Users/claw/work/douyin-recorder/backend/../recordings/director_outputs/director_output_1779089951.mp4,2026-05-17 11:18:54,False
3226,中分卷发/起流行直发 黑茶色、灰粉沙金、自然黑、棕色,2,director,2,2,,/Users/claw/work/douyin-recorder/backend/../recordings/director_outputs/director_output_1779089921.mp4,2,/Users/claw/work/douyin-recorder/backend/../recordings/director_outputs/director_output_1779090204.mp4,2026-05-17 11:20:05,False
3227,渐变卷发全头套（中分/骑刘海） 渐变浅色（玫瑰粉/自然渐变）,2,director,2,2,,/Users/claw/work/douyin-recorder/backend/../recordings/director_outputs/director_output_1779090034.mp4,2,/Users/claw/work/douyin-recorder/backend/../recordings/director_outputs/director_output_1779090282.mp4,2026-05-17 11:23:30,False
3228,起流海与中分款假发 黑色、灰粉色,2,director,2,2,,/Users/claw/work/douyin-recorder/backend/../recordings/director_outputs/director_output_1779090070.mp4,2,/Users/claw/work/douyin-recorder/backend/../recordings/director_outputs/director_output_1779090345.mp4,2026-05-17 11:27:48,False
3229,梳米/头领补发片 自然黑/白领色,1,director,2,2,,/Users/claw/work/douyin-recorder/backend/../recordings/director_outputs/director_output_1779090132.mp4,2,/Users/claw/work/douyin-recorder/backend/../recordings/director_outputs/director_output_1779090407.mp4,2026-05-17 11:31:34,False
3230,中长层次卷发（水母头） 黑棕色,2,director,2,2,,/Users/claw/work/douyin-recorder/backend/../recordings/director_outputs/director_output_1779083926.mp4,2,/Users/claw/work/douyin-recorder/backend/../recordings/director_outputs/director_output_1779084227.mp4,2026-05-17 11:32:45,False
3231,海藻卷长卷发 蜜桃乌龙灰粉沙冰色,2,director,2,2,,/Users/claw/work/douyin-recorder/backend/../recordings/director_outputs/director_output_1779090382.mp4,2,/Users/claw/work/douyin-recorder/backend/../recordings/director_outputs/director_output_1779090746.mp4,2026-05-17 11:36:11,False
3232,齐耳短发/中长直发 黑茶色,1,director,2,2,,/Users/claw/work/douyin-recorder/backend/../recordings/director_outputs/director_output_1779090414.mp4,2,/Users/claw/work/douyin-recorder/backend/../recordings/director_outputs/director_output_1779090793.mp4,2026-05-17 11:37:23,False
3233,三号中分长直发 黑巧克力色,2,director,2,2,,/Users/claw/work/douyin-recorder/backend/../recordings/director_outputs/director_output_1779090474.mp4,2,/Users/claw/work/douyin-recorder/backend/../recordings/director_outputs/director_output_1779090883.mp4,2026-05-17 11:38:53,False
3234,4号小额蕾丝全弹内网款,2,director,2,2,,/Users/claw/work/douyin-recorder/backend/../recordings/director_outputs/director_output_1779090611.mp4,2,/Users/claw/work/douyin-recorder/backend/../recordings/director_outputs/director_output_1779090978.mp4,2026-05-17 11:39:43,False
3235,人生一如反掌（长直发） 紫灰调,1,director,2,2,,/Users/claw/work/douyin-recorder/backend/../recordings/director_outputs/director_output_1779090705.mp4,2,/Users/claw/work/douyin-recorder/backend/../recordings/director_outputs/director_output_1779091212.mp4,2026-05-17 11:40:44,False
3236,头顶补发片（仿地针工艺） 摩卡色、白金色、黑色,1,director,2,2,,/Users/claw/work/douyin-recorder/backend/../recordings/director_outputs/director_output_1779090788.mp4,2,/Users/claw/work/douyin-recorder/backend/../recordings/director_outputs/director_output_1779091274.mp4,2026-05-17 11:42:02,False
3237,长款卷发（中分/齐刘海） 金色,2,director,2,2,,/Users/claw/work/douyin-recorder/backend/../recordings/director_outputs/director_output_1779090845.mp4,2,/Users/claw/work/douyin-recorder/backend/../recordings/director_outputs/director_output_1779091364.mp4,2026-05-17 11:43:24,False
3238,头顶补发片（仿真头皮款） 白金色、摩卡色、黑茶色、自然色,1,director,2,2,,/Users/claw/work/douyin-recorder/backend/../recordings/director_outputs/director_output_1779090962.mp4,2,/Users/claw/work/douyin-recorder/backend/../recordings/director_outputs/director_output_1779091462.mp4,2026-05-17 11:45:35,False
3239,头顶补发片（中分/齐刘海） 自然黑、摩卡色,1,director,2,2,,/Users/claw/work/douyin-recorder/backend/../recordings/director_outputs/director_output_1779091057.mp4,2,/Users/claw/work/douyin-recorder/backend/../recordings/director_outputs/director_output_1779091703.mp4,2026-05-17 11:47:07,False
3240,中分卷发全头套两用假发 自然潮色（含1号、2号等多色）,2,director,2,2,,/Users/claw/work/douyin-recorder/backend/../recordings/director_outputs/director_output_1779091119.mp4,2,/Users/claw/work/douyin-recorder/backend/../recordings/director_outputs/director_output_1779091754.mp4,2026-05-17 11:48:10,False
3241,一刀切小蛋卷卷发 蜜茶亚麻色,2,director,2,2,,/Users/claw/work/douyin-recorder/backend/../recordings/director_outputs/director_output_1779091207.mp4,2,/Users/claw/work/douyin-recorder/backend/../recordings/director_outputs/director_output_1779091843.mp4,2026-05-17 11:50:34,False
3242,中分微卷长发 蜂蜜茶棕,2,director,2,2,,/Users/claw/work/douyin-recorder/backend/../recordings/director_outputs/director_output_1779091325.mp4,2,/Users/claw/work/douyin-recorder/backend/../recordings/director_outputs/director_output_1779091925.mp4,2026-05-17 11:52:12,False
3243,微卷长发全头套 黑巧克力色,2,director,2,2,,/Users/claw/work/douyin-recorder/backend/../recordings/director_outputs/director_output_1779091416.mp4,2,/Users/claw/work/douyin-recorder/backend/../recordings/director_outputs/director_output_1779092132.mp4,2026-05-17 11:53:14,False
3244,粉色长卷发 粉色,2,director,2,2,,/Users/claw/work/douyin-recorder/backend/../recordings/director_outputs/director_output_1779091491.mp4,2,/Users/claw/work/douyin-recorder/backend/../recordings/director_outputs/director_output_1779092205.mp4,2026-05-17 11:54:17,False
3245,中长卷发/波波头多款 灰粉色/蜜茶棕色,2,director,2,2,,/Users/claw/work/douyin-recorder/backend/../recordings/director_outputs/director_output_1779091571.mp4,2,/Users/claw/work/douyin-recorder/backend/../recordings/director_outputs/director_output_1779092316.mp4,2026-05-17 11:55:59,False
3246,水光绸缎黑茶色微卷长发 黑茶色,2,director,2,2,,/Users/claw/work/douyin-recorder/backend/../recordings/director_outputs/director_output_1779091659.mp4,2,/Users/claw/work/douyin-recorder/backend/../recordings/director_outputs/director_output_1779092426.mp4,2026-05-17 11:58:04,False
3247,海藻卷中分长发 自然麻生黑、蜜桃色、灰粉色,2,director,2,2,,/Users/claw/work/douyin-recorder/backend/../recordings/director_outputs/director_output_1779083871.mp4,2,/Users/claw/work/douyin-recorder/backend/../recordings/director_outputs/director_output_1779084163.mp4,2026-05-17 11:59:10,False
3248,比熊卷（鼻胸卷发） 橙金棕色,2,director,2,2,,/Users/claw/work/douyin-recorder/backend/../recordings/director_outputs/director_output_1779091859.mp4,2,/Users/claw/work/douyin-recorder/backend/../recordings/director_outputs/director_output_1779092690.mp4,2026-05-17 12:02:34,False
3249,碎晶晶仿地针假发 灰调奶茶色,1,director,2,2,,/Users/claw/work/douyin-recorder/backend/../recordings/director_outputs/director_output_1779091919.mp4,2,/Users/claw/work/douyin-recorder/backend/../recordings/director_outputs/director_output_1779092795.mp4,2026-05-17 13:14:01,False
3250,碎晶晶直发/卷发 奶茶灰,1,director,2,2,,/Users/claw/work/douyin-recorder/backend/../recordings/director_outputs/director_output_1779083603.mp4,2,/Users/claw/work/douyin-recorder/backend/../recordings/director_outputs/director_output_1779083855.mp4,2026-05-17 13:16:16,False
3251,半扎金毛头/齐乐号外翻卷 黑茶色,1,director,2,2,,/Users/claw/work/douyin-recorder/backend/../recordings/director_outputs/director_output_1779083573.mp4,-1,,2026-05-17 13:34:24,False
3252,中长直发知识款 茶棕色、黑茶色,1,director,2,2,,/Users/claw/work/douyin-recorder/backend/../recordings/director_outputs/director_output_1779083538.mp4,2,/Users/claw/work/douyin-recorder/backend/../recordings/director_outputs/director_output_1779083709.mp4,2026-05-17 13:36:04,False
3253,黑茶芝士丸子头卷发 黑色/棕色,1,director,2,2,,/Users/claw/work/douyin-recorder/backend/../recordings/director_outputs/director_output_1779083503.mp4,2,/Users/claw/work/douyin-recorder/backend/../recordings/director_outputs/director_output_1779083745.mp4,2026-05-17 13:38:35,False
3254,赏金短短、上京短短、人生逆反掌 脏橘色、焦糖色,1,director,2,2,,/Users/claw/work/douyin-recorder/backend/../recordings/director_outputs/director_output_1779083236.mp4,2,/Users/claw/work/douyin-recorder/backend/../recordings/director_outputs/director_output_1779083341.mp4,2026-05-17 14:20:20,False
3255,赏金款假发 橘色,1,director,2,2,,/Users/claw/work/douyin-recorder/backend/../recordings/director_outputs/director_output_1779028041.mp4,2,/Users/claw/work/douyin-recorder/backend/../recordings/director_outputs/director_output_1779028057.mp4,2026-05-17 14:25:30,False
3256,头顶补发片（大底网加宽加长款） 摩卡色,1,director,2,2,,/Users/claw/work/douyin-recorder/backend/../recordings/director_outputs/director_output_1779029369.mp4,2,/Users/claw/work/douyin-recorder/backend/../recordings/director_outputs/director_output_1779029435.mp4,2026-05-17 14:46:56,False
3257,头顶补发片/漫画刘海 摩卡色,1,director,2,2,,/Users/claw/work/douyin-recorder/backend/../recordings/director_outputs/director_output_1779029513.mp4,2,/Users/claw/work/douyin-recorder/backend/../recordings/director_outputs/director_output_1779029519.mp4,2026-05-17 14:48:11,False
3258,补发片（齐刘海/中分） 白金色,1,director,2,2,,/Users/claw/work/douyin-recorder/backend/../recordings/director_outputs/director_output_1779029569.mp4,2,/Users/claw/work/douyin-recorder/backend/../recordings/director_outputs/director_output_1779029590.mp4,2026-05-17 14:49:13,False
3259,补发片（颅顶增发） 黑茶色、摩卡色、白金色,1,director,2,2,,/Users/claw/work/douyin-recorder/backend/../recordings/director_outputs/director_output_1779030894.mp4,2,/Users/claw/work/douyin-recorder/backend/../recordings/director_outputs/director_output_1779030957.mp4,2026-05-17 15:12:26,False
3260,中分短发片 粉棕,1,director,2,2,,/Users/claw/work/douyin-recorder/backend/../recordings/director_outputs/director_output_1779031036.mp4,2,/Users/claw/work/douyin-recorder/backend/../recordings/director_outputs/director_output_1779031080.mp4,2026-05-17 15:13:28,False
3261,头顶补发片 摩卡色、黑茶色、白金色,1,director,2,2,,/Users/claw/work/douyin-recorder/backend/../recordings/director_outputs/director_output_1779031103.mp4,2,/Users/claw/work/douyin-recorder/backend/../recordings/director_outputs/director_output_1779031134.mp4,2026-05-17 15:14:35,False
3262,头顶补发片 摩卡色、白金色,1,director,2,2,,/Users/claw/work/douyin-recorder/backend/../recordings/director_outputs/director_output_1779036277.mp4,-1,,2026-05-17 16:41:58,False
3263,中长款梨花烫卷发（堆堆熊） 琥珀黑棕色,2,director,2,2,,/Users/claw/work/douyin-recorder/backend/../recordings/director_outputs/director_output_1779083207.mp4,2,/Users/claw/work/douyin-recorder/backend/../recordings/director_outputs/director_output_1779083305.mp4,2026-05-17 17:14:23,False
3264,许愿款微卷长发 蜂蜜棕,2,director,2,2,,/Users/claw/work/douyin-recorder/backend/../recordings/director_outputs/director_output_1779083167.mp4,2,/Users/claw/work/douyin-recorder/backend/../recordings/director_outputs/director_output_1779083298.mp4,2026-05-17 17:15:48,False
3265,中分微卷长发 密宗色/蜂蜜色,2,director,-1,2,,/Users/claw/work/douyin-recorder/backend/../recordings/director_outputs/director_output_1779083136.mp4,2,/Users/claw/work/douyin-recorder/backend/../recordings/director_outputs/director_output_1779083268.mp4,2026-05-17 17:17:05,False
3266,蛋蛋卷一刀切短发 咖啡豆焦糖暖棕色,2,director,2,2,,/Users/claw/work/douyin-recorder/backend/../recordings/director_outputs/director_output_1779132129.mp4,-1,,2026-05-18 10:36:19,False
3267,旗楼号拉眉卷长发 蜜灰金,2,director,2,2,,/Users/claw/work/douyin-recorder/backend/../recordings/director_outputs/director_output_1779132155.mp4,-1,,2026-05-18 10:37:20,False
3268,微卷中长卷发（1号） 蜜棕色,2,director,2,2,,/Users/claw/work/douyin-recorder/backend/../recordings/director_outputs/director_output_1779132541.mp4,-1,,2026-05-18 10:38:29,False
3269,裁发前景 淡金棕色,1,director,2,2,,/Users/claw/work/douyin-recorder/backend/../recordings/director_outputs/director_output_1779132652.mp4,2,/Users/claw/work/douyin-recorder/backend/../recordings/director_outputs/director_output_1779136232.mp4,2026-05-18 10:40:12,False
3270,碎金金碎发直发款,1,director,2,2,,/Users/claw/work/douyin-recorder/backend/../recordings/director_outputs/director_output_1779132797.mp4,2,/Users/claw/work/douyin-recorder/backend/../recordings/director_outputs/director_output_1779136247.mp4,2026-05-18 10:41:32,False
3271,比熊卷发 木马色、立宗色、米金色,2,director,2,2,,/Users/claw/work/douyin-recorder/backend/../recordings/director_outputs/director_output_1779132747.mp4,2,/Users/claw/work/douyin-recorder/backend/../recordings/director_outputs/director_output_1779136237.mp4,2026-05-18 10:42:31,False
3272,碎金金宽刘海款,1,director,2,2,,/Users/claw/work/douyin-recorder/backend/../recordings/director_outputs/director_output_1779133131.mp4,2,/Users/claw/work/douyin-recorder/backend/../recordings/director_outputs/director_output_1779136266.mp4,2026-05-18 10:44:31,False
3273,碎晶纸卷发 黑色,1,director,2,2,,/Users/claw/work/douyin-recorder/backend/../recordings/director_outputs/director_output_1779133224.mp4,2,/Users/claw/work/douyin-recorder/backend/../recordings/director_outputs/director_output_1779136383.mp4,2026-05-18 10:45:26,False
3274,海藻卷假发 粉色渐变,2,director,2,2,,/Users/claw/work/douyin-recorder/backend/../recordings/director_outputs/director_output_1779133295.mp4,2,/Users/claw/work/douyin-recorder/backend/../recordings/director_outputs/director_output_1779136476.mp4,2026-05-18 10:46:51,False
3275,碎晶直发（刘海款）,1,director,2,2,,/Users/claw/work/douyin-recorder/backend/../recordings/director_outputs/director_output_1779133304.mp4,2,/Users/claw/work/douyin-recorder/backend/../recordings/director_outputs/director_output_1779136524.mp4,2026-05-18 10:47:37,False
3276,长直发（可扎发型） 西梅乌龙（紫调深色）,2,director,2,2,,/Users/claw/work/douyin-recorder/backend/../recordings/director_outputs/director_output_1779133527.mp4,2,/Users/claw/work/douyin-recorder/backend/../recordings/director_outputs/director_output_1779136551.mp4,2026-05-18 10:48:26,False
3277,氧气粒子植发包 栗子壳巧克力棕色,1,director,2,2,,/Users/claw/work/douyin-recorder/backend/../recordings/director_outputs/director_output_1779133609.mp4,2,/Users/claw/work/douyin-recorder/backend/../recordings/director_outputs/director_output_1779136600.mp4,2026-05-18 10:49:33,False
3278,海藻卷全头套（2号中分） 黑棕渐变/灰粉,2,director,2,2,,/Users/claw/work/douyin-recorder/backend/../recordings/director_outputs/director_output_1779133916.mp4,2,/Users/claw/work/douyin-recorder/backend/../recordings/director_outputs/director_output_1779136669.mp4,2026-05-18 10:50:36,False
3279,11号连接天蝎座,1,director,2,2,,/Users/claw/work/douyin-recorder/backend/../recordings/director_outputs/director_output_1782021059.mp4,2,/Users/claw/work/douyin-recorder/backend/../recordings/director_outputs/director_output_1782043234.mp4,2026-05-18 10:51:22,False
3280,丸子头发套 棕色,2,director,2,2,,/Users/claw/work/douyin-recorder/backend/../recordings/director_outputs/director_output_1779192724.mp4,2,/Users/claw/work/douyin-recorder/backend/../recordings/director_outputs/director_output_1779194284.mp4,2026-05-18 10:52:23,False
3281,棕色,2,director,2,2,,/Users/claw/work/douyin-recorder/backend/../recordings/director_outputs/director_output_1779188143.mp4,2,/Users/claw/work/douyin-recorder/backend/../recordings/director_outputs/director_output_1782075345.mp4,2026-05-18 10:53:00,False
3282,乌梅子酱12号,1,director,2,2,,/Users/claw/work/douyin-recorder/backend/../recordings/director_outputs/director_output_1782021125.mp4,2,/Users/claw/work/douyin-recorder/backend/../recordings/director_outputs/director_output_1782134166.mp4,2026-05-18 10:53:46,False
3283,乌梅紫酱宽刘海卷发 乌梅紫酱（紫调深色）,1,director,2,2,,/Users/claw/work/douyin-recorder/backend/../recordings/director_outputs/director_output_1779188125.mp4,-1,,2026-05-18 10:54:41,False
3284,黑巧克力中分直发 黑巧克力色,2,director,2,2,,/Users/claw/work/douyin-recorder/backend/../recordings/director_outputs/director_output_1779134527.mp4,2,/Users/claw/work/douyin-recorder/backend/../recordings/director_outputs/director_output_1779136912.mp4,2026-05-18 10:55:35,False
3285,中分直发款 黑巧克力,2,director,2,2,,/Users/claw/work/douyin-recorder/backend/../recordings/director_outputs/director_output_1779134572.mp4,2,/Users/claw/work/douyin-recorder/backend/../recordings/director_outputs/director_output_1779136955.mp4,2026-05-18 10:56:30,False
3286,直发/黑直发/栗子直多款 自然黑、栗色、浅棕、白金、粉色,1,director,2,2,,/Users/claw/work/douyin-recorder/backend/../recordings/director_outputs/director_output_1779134598.mp4,2,/Users/claw/work/douyin-recorder/backend/../recordings/director_outputs/director_output_1779137012.mp4,2026-05-18 10:57:27,False
3287,中分长直发（10号款） 豆沙粉棕,2,director,2,2,,/Users/claw/work/douyin-recorder/backend/../recordings/director_outputs/director_output_1779134836.mp4,2,/Users/claw/work/douyin-recorder/backend/../recordings/director_outputs/director_output_1779137078.mp4,2026-05-18 10:58:52,False
3288,淡卷长发（蜜茶亚麻色系） 蜜茶亚麻色,2,director,2,2,,/Users/claw/work/douyin-recorder/backend/../recordings/director_outputs/director_output_1779134855.mp4,2,/Users/claw/work/douyin-recorder/backend/../recordings/director_outputs/director_output_1779137137.mp4,2026-05-18 10:59:51,False
3289,中分卷发/起流海卷发 蜂蜜棕/粉棕,2,director,2,2,,/Users/claw/work/douyin-recorder/backend/../recordings/director_outputs/director_output_1779134905.mp4,2,/Users/claw/work/douyin-recorder/backend/../recordings/director_outputs/director_output_1779137187.mp4,2026-05-18 11:00:54,False
3290,仿地针头皮裁发线款 黑茶色,1,director,2,2,,/Users/claw/work/douyin-recorder/backend/../recordings/director_outputs/director_output_1779135170.mp4,2,/Users/claw/work/douyin-recorder/backend/../recordings/director_outputs/director_output_1779137242.mp4,2026-05-18 11:02:50,False
3291,宽齐刘海直发/天蝎座,1,director,2,2,,/Users/claw/work/douyin-recorder/backend/../recordings/director_outputs/director_output_1779135183.mp4,2,/Users/claw/work/douyin-recorder/backend/../recordings/director_outputs/director_output_1779137351.mp4,2026-05-18 11:03:44,False
3292,长卷发（含中分/起刘海款） 灰粉色,2,director,2,2,,/Users/claw/work/douyin-recorder/backend/../recordings/director_outputs/director_output_1779193467.mp4,2,/Users/claw/work/douyin-recorder/backend/../recordings/director_outputs/director_output_1779194812.mp4,2026-05-18 11:04:50,False
3293,法式空气刘海假发,1,director,2,2,,/Users/claw/work/douyin-recorder/backend/../recordings/director_outputs/director_output_1779193506.mp4,2,/Users/claw/work/douyin-recorder/backend/../recordings/director_outputs/director_output_1779195002.mp4,2026-05-18 20:00:01,False
3294,海藻卷、齐刘海卷发、微卷发 灰粉色,2,director,2,2,,/Users/claw/work/douyin-recorder/backend/../recordings/director_outputs/director_output_1779167399.mp4,-1,,2026-05-19 05:05:00,False
3295,一号领巾卷发 棕色/蜂蜜色,2,director,2,2,,/Users/claw/work/douyin-recorder/backend/../recordings/director_outputs/director_output_1779167519.mp4,2,/Users/claw/work/douyin-recorder/backend/../recordings/director_outputs/director_output_1779167623.mp4,2026-05-19 05:06:07,False
3296,一号领巾卷发 棕色/蜂蜜色/博士黄,2,director,2,2,,/Users/claw/work/douyin-recorder/backend/../recordings/director_outputs/director_output_1779167613.mp4,2,/Users/claw/work/douyin-recorder/backend/../recordings/director_outputs/director_output_1779167703.mp4,2026-05-19 05:07:19,False
3297,仿真头皮高层次卷发 蜂蜜茶色,2,director,2,2,,/Users/claw/work/douyin-recorder/backend/../recordings/director_outputs/director_output_1779167749.mp4,2,/Users/claw/work/douyin-recorder/backend/../recordings/director_outputs/director_output_1779167832.mp4,2026-05-19 05:08:36,False
3298,微卷中分长发 奶茶灰棕,2,director,2,2,,/Users/claw/work/douyin-recorder/backend/../recordings/director_outputs/director_output_1779167823.mp4,2,/Users/claw/work/douyin-recorder/backend/../recordings/director_outputs/director_output_1779167950.mp4,2026-05-19 05:09:42,False
3299,飞卷发 奶茶灰棕,2,director,2,2,,/Users/claw/work/douyin-recorder/backend/../recordings/director_outputs/director_output_1779167893.mp4,2,/Users/claw/work/douyin-recorder/backend/../recordings/director_outputs/director_output_1779167995.mp4,2026-05-19 05:11:06,False
3300,高层次丝滑直发 黑巧克力色,2,director,2,2,,/Users/claw/work/douyin-recorder/backend/../recordings/director_outputs/director_output_1779168550.mp4,2,/Users/claw/work/douyin-recorder/backend/../recordings/director_outputs/director_output_1779168646.mp4,2026-05-19 05:26:48,False
3301,高层次直发（中分/刘海款） 黑巧克力色,2,director,2,2,,/Users/claw/work/douyin-recorder/backend/../recordings/director_outputs/director_output_1779168756.mp4,2,/Users/claw/work/douyin-recorder/backend/../recordings/director_outputs/director_output_1779168827.mp4,2026-05-19 05:27:56,False
3302,娃娃卷长发（4号安娜） 亚麻棕（绿茶亚麻棕暗棕）,2,director,2,2,,/Users/claw/work/douyin-recorder/backend/../recordings/director_outputs/director_output_1779168891.mp4,-1,,2026-05-19 05:29:03,False
3303,仿头皮针织长卷发（十号款）,2,director,2,2,,/Users/claw/work/douyin-recorder/backend/../recordings/director_outputs/director_output_1779168952.mp4,2,/Users/claw/work/douyin-recorder/backend/../recordings/director_outputs/director_output_1779169007.mp4,2026-05-19 05:30:27,False
3304,小卷中分蕾丝假发 蜜茶亚麻色/树莓红,2,director,2,2,,/Users/claw/work/douyin-recorder/backend/../recordings/director_outputs/director_output_1779169017.mp4,-1,,2026-05-19 05:31:43,False
3305,齐刘海微卷长发（10号） 自然黑/树莓红渐变,2,director,2,2,,/Users/claw/work/douyin-recorder/backend/../recordings/director_outputs/director_output_1779170048.mp4,-1,,2026-05-19 05:51:36,False
3306,海藻卷中分卷发 渐变粉色,2,director,2,2,,/Users/claw/work/douyin-recorder/backend/../recordings/director_outputs/director_output_1779193625.mp4,2,/Users/claw/work/douyin-recorder/backend/../recordings/director_outputs/director_output_1779195154.mp4,2026-05-19 05:52:44,False
3307,海藻卷微转款 灰粉渐变色,2,director,2,2,,/Users/claw/work/douyin-recorder/backend/../recordings/director_outputs/director_output_1779194047.mp4,2,/Users/claw/work/douyin-recorder/backend/../recordings/director_outputs/director_output_1779197423.mp4,2026-05-19 05:53:50,False
3308,复合卷长发 冷棕色,2,director,2,2,,/Users/claw/work/douyin-recorder/backend/../recordings/director_outputs/director_output_1779379076.mp4,2,/Users/claw/work/douyin-recorder/backend/../recordings/director_outputs/director_output_1779379206.mp4,2026-05-19 05:55:24,False
3309,半熟恋人中分款,2,director,2,2,,/Users/claw/work/douyin-recorder/backend/../recordings/director_outputs/director_output_1779194323.mp4,2,/Users/claw/work/douyin-recorder/backend/../recordings/director_outputs/director_output_1779197434.mp4,2026-05-19 05:55:59,False
3310,短发内扣波波头 灰色,1,director,2,2,,/Users/claw/work/douyin-recorder/backend/../recordings/director_outputs/director_output_1779196232.mp4,2,/Users/claw/work/douyin-recorder/backend/../recordings/director_outputs/director_output_1779196276.mp4,2026-05-19 13:06:10,False
3311,碎金金卷发 金色,1,director,2,2,,/Users/claw/work/douyin-recorder/backend/../recordings/director_outputs/director_output_1779196343.mp4,2,/Users/claw/work/douyin-recorder/backend/../recordings/director_outputs/director_output_1779196506.mp4,2026-05-19 13:08:33,False
3312,碎晶晶（卷发/直发） 粉调奶茶色,1,director,2,2,,/Users/claw/work/douyin-recorder/backend/../recordings/director_outputs/director_output_1779196401.mp4,2,/Users/claw/work/douyin-recorder/backend/../recordings/director_outputs/director_output_1779196671.mp4,2026-05-19 13:10:28,False
3313,好命女主 亚麻棕灰色,1,director,2,2,,/Users/claw/work/douyin-recorder/backend/../recordings/director_outputs/director_output_1781770007.mp4,-1,/Users/claw/work/douyin-recorder/backend/../recordings/director_outputs/director_output_1779203927.mp4,2026-05-19 14:54:45,False
3314,好命女主、赏金烈人齐肉海、上京猎人蛋卷发 亚麻色,1,director,2,2,,/Users/claw/work/douyin-recorder/backend/../recordings/director_outputs/director_output_1782021190.mp4,2,/Users/claw/work/douyin-recorder/backend/../recordings/director_outputs/director_output_1782134174.mp4,2026-05-19 14:57:30,False
3315,赏金猎人中分,1,director,2,2,,/Users/claw/work/douyin-recorder/backend/../recordings/director_outputs/director_output_1781770528.mp4,-1,/Users/claw/work/douyin-recorder/backend/../recordings/director_outputs/director_output_1779204489.mp4,2026-05-19 15:00:03,False
3316,辣妹掌门人直发假发 亚麻灰调色,1,director,2,2,,/Users/claw/work/douyin-recorder/backend/../recordings/director_outputs/director_output_1779203989.mp4,2,/Users/claw/work/douyin-recorder/backend/../recordings/director_outputs/director_output_1779204539.mp4,2026-05-19 15:13:21,False
3317,头顶补发片 摩卡色、黑茶色,1,director,2,2,,/Users/claw/work/douyin-recorder/backend/../recordings/director_outputs/director_output_1779204386.mp4,2,/Users/claw/work/douyin-recorder/backend/../recordings/director_outputs/director_output_1779204659.mp4,2026-05-19 15:19:10,False
3318,齐刘海/中分刘海 黑茶色,1,director,2,2,,/Users/claw/work/douyin-recorder/backend/../recordings/director_outputs/director_output_1779204591.mp4,2,/Users/claw/work/douyin-recorder/backend/../recordings/director_outputs/director_output_1779204751.mp4,2026-05-19 15:23:31,False
3319,头顶补发片（仿地针底网） 黑茶色/摩卡色,1,director,2,2,,/Users/claw/work/douyin-recorder/backend/../recordings/director_outputs/director_output_1779205390.mp4,-1,,2026-05-19 15:38:12,False
3320,头顶补发片（中分） 摩卡色,1,director,2,2,,/Users/claw/work/douyin-recorder/backend/../recordings/director_outputs/director_output_1779206357.mp4,-1,,2026-05-19 15:43:47,False
3321,头领补发片/拳头套 黑茶、摩卡、白金,1,director,2,2,,/Users/claw/work/douyin-recorder/backend/../recordings/director_outputs/director_output_1779379177.mp4,2,/Users/claw/work/douyin-recorder/backend/../recordings/director_outputs/director_output_1779379157.mp4,2026-05-19 15:50:10,False
3322,丝滑直发 黑巧克力,2,director,2,2,,/Users/claw/work/douyin-recorder/backend/../recordings/director_outputs/director_output_1781770717.mp4,-1,/Users/claw/work/douyin-recorder/backend/../recordings/director_outputs/director_output_1779206526.mp4,2026-05-19 15:58:22,False
3323,深色,2,director,2,2,,/Users/claw/work/douyin-recorder/backend/../recordings/director_outputs/director_output_1779206992.mp4,2,/Users/claw/work/douyin-recorder/backend/../recordings/director_outputs/director_output_1779207112.mp4,2026-05-19 16:05:51,False
3324,8号中长卷发全头套 琥珀黑棕,2,director,2,2,,/Users/claw/work/douyin-recorder/backend/../recordings/director_outputs/director_output_1779207311.mp4,2,/Users/claw/work/douyin-recorder/backend/../recordings/director_outputs/director_output_1779207415.mp4,2026-05-19 16:09:05,False
3325,中长款直发 琥珀黑棕,2,director,2,2,,/Users/claw/work/douyin-recorder/backend/../recordings/director_outputs/director_output_1779207548.mp4,2,/Users/claw/work/douyin-recorder/backend/../recordings/director_outputs/director_output_1779207596.mp4,2026-05-19 16:13:54,False
3326,裁发千斤（中分外翻卷） 黑茶色,1,director,2,2,,/Users/claw/work/douyin-recorder/backend/../recordings/director_outputs/director_output_1779208574.mp4,2,/Users/claw/work/douyin-recorder/backend/../recordings/director_outputs/director_output_1779208504.mp4,2026-05-19 16:30:56,False
3327,中分卷发（一号）、公主头 蜂蜜茶色,2,director,2,2,,/Users/claw/work/douyin-recorder/backend/../recordings/director_outputs/director_output_1779208951.mp4,2,/Users/claw/work/douyin-recorder/backend/../recordings/director_outputs/director_output_1779209098.mp4,2026-05-19 16:35:16,False
3328,财发千金（裁发） 棕色,1,director,2,2,,/Users/claw/work/douyin-recorder/backend/../recordings/director_outputs/director_output_1779209335.mp4,2,/Users/claw/work/douyin-recorder/backend/../recordings/director_outputs/director_output_1779209455.mp4,2026-05-19 16:41:09,False
3329,天蝎座 黑色,1,director,2,2,,/Users/claw/work/douyin-recorder/backend/../recordings/director_outputs/director_output_1779209735.mp4,2,/Users/claw/work/douyin-recorder/backend/../recordings/director_outputs/director_output_1779209773.mp4,2026-05-19 16:48:16,False
3330,灰粉渐变卷发（二号链接款） 灰粉色（渐变发根染，棕色发根融合粉色）,2,director,2,2,,/Users/claw/work/douyin-recorder/backend/../recordings/director_outputs/director_output_1779210206.mp4,2,/Users/claw/work/douyin-recorder/backend/../recordings/director_outputs/director_output_1779210251.mp4,2026-05-19 16:57:49,False
3331,灰粉渐变卷发（二号链接款） 灰粉色渐变（发根棕色过渡粉色）,2,director,2,2,,/Users/claw/work/douyin-recorder/backend/../recordings/director_outputs/director_output_1779210661.mp4,2,/Users/claw/work/douyin-recorder/backend/../recordings/director_outputs/director_output_1779210727.mp4,2026-05-19 17:04:47,False
3332,海藻卷长发（2号/6号款）,2,director,2,2,,/Users/claw/work/douyin-recorder/backend/../recordings/director_outputs/director_output_1779211072.mp4,-1,,2026-05-19 17:12:11,False
3333,复合卷发（高层次卷发） 冷棕色,2,director,2,2,,/Users/claw/work/douyin-recorder/backend/../recordings/director_outputs/director_output_1779211753.mp4,2,/Users/claw/work/douyin-recorder/backend/../recordings/director_outputs/director_output_1779211791.mp4,2026-05-19 17:23:42,False
3334,微卷长发 奶茶灰棕,2,director,2,2,,/Users/claw/work/douyin-recorder/backend/../recordings/director_outputs/director_output_1779212201.mp4,-1,,2026-05-19 17:32:56,False
3335,梨花烫中长发（8号） 黑棕,2,director,2,2,,/Users/claw/work/douyin-recorder/backend/../recordings/director_outputs/director_output_1779212556.mp4,-1,,2026-05-19 17:35:34,False
3336,11号豆沙粉卷发 豆沙粉色,2,director,2,2,,/Users/claw/work/douyin-recorder/backend/../recordings/director_outputs/director_output_1779212777.mp4,-1,,2026-05-19 17:39:06,False
3337,微卷长发齐刘海款 黑茶色,2,director,2,2,,/Users/claw/work/douyin-recorder/backend/../recordings/director_outputs/director_output_1779212987.mp4,2,/Users/claw/work/douyin-recorder/backend/../recordings/director_outputs/director_output_1779213049.mp4,2026-05-19 17:41:37,False
3338,长发（9号款）,2,director,2,2,,/Users/claw/work/douyin-recorder/backend/../recordings/director_outputs/director_output_1779213071.mp4,-1,,2026-05-19 17:44:55,False
3339,双马尾,1,director,2,2,,/Users/claw/work/douyin-recorder/backend/../recordings/director_outputs/director_output_1782021295.mp4,2,/Users/claw/work/douyin-recorder/backend/../recordings/director_outputs/director_output_1782134464.mp4,2026-05-20 06:16:17,False
3340,双马尾/日常长发（芝士/值得卷） 黑茶、茶棕,1,director,2,2,,/Users/claw/work/douyin-recorder/backend/../recordings/director_outputs/director_output_1779258360.mp4,2,/Users/claw/work/douyin-recorder/backend/../recordings/director_outputs/director_output_1779258582.mp4,2026-05-20 06:18:33,False
3341,色谷杀晦子中长发 茶棕色,1,director,2,2,,/Users/claw/work/douyin-recorder/backend/../recordings/director_outputs/director_output_1779258778.mp4,2,/Users/claw/work/douyin-recorder/backend/../recordings/director_outputs/director_output_1779258965.mp4,2026-05-20 06:22:45,False
3342,卷发（内扣造型） 紫红色,1,director,2,2,,/Users/claw/work/douyin-recorder/backend/../recordings/director_outputs/director_output_1779258929.mp4,2,/Users/claw/work/douyin-recorder/backend/../recordings/director_outputs/director_output_1779259387.mp4,2026-05-20 06:25:19,False
3343,色骨杀灰子中长碎卷发 深茶棕,1,director,2,2,,/Users/claw/work/douyin-recorder/backend/../recordings/director_outputs/director_output_1779259127.mp4,2,/Users/claw/work/douyin-recorder/backend/../recordings/director_outputs/director_output_1779259591.mp4,2026-05-20 06:29:17,False
3344,发尾内扣卷发 深黄棕色,1,director,2,2,,/Users/claw/work/douyin-recorder/backend/../recordings/director_outputs/director_output_1779259281.mp4,2,/Users/claw/work/douyin-recorder/backend/../recordings/director_outputs/director_output_1779259778.mp4,2026-05-20 06:32:12,False
3345,古早挑染旗双卷发 白金色,1,director,2,2,,/Users/claw/work/douyin-recorder/backend/../recordings/director_outputs/director_output_1779259744.mp4,2,/Users/claw/work/douyin-recorder/backend/../recordings/director_outputs/director_output_1779260163.mp4,2026-05-20 06:35:57,False
3346,碎晶晶卷/色骨沙绘子直发 深茶红色、香槟金色,1,director,2,2,,/Users/claw/work/douyin-recorder/backend/../recordings/director_outputs/director_output_1779260039.mp4,2,/Users/claw/work/douyin-recorder/backend/../recordings/director_outputs/director_output_1779263680.mp4,2026-05-20 06:44:39,False
3347,蜜桃乌龙海藻卷长发 灰粉色渐变,2,director,2,2,,/Users/claw/work/douyin-recorder/backend/../recordings/director_outputs/director_output_1779260148.mp4,2,/Users/claw/work/douyin-recorder/backend/../recordings/director_outputs/director_output_1779263593.mp4,2026-05-20 06:48:08,False
3348,养气力卷发（氧气粒子卷） 自然黑,1,director,2,2,,/Users/claw/work/douyin-recorder/backend/../recordings/director_outputs/director_output_1779379186.mp4,2,/Users/claw/work/douyin-recorder/backend/../recordings/director_outputs/director_output_1779379220.mp4,2026-05-20 06:51:52,False
3349,女团风粉色中分卷发 粉色,2,director,2,2,,/Users/claw/work/douyin-recorder/backend/../recordings/director_outputs/director_output_1779261898.mp4,2,/Users/claw/work/douyin-recorder/backend/../recordings/director_outputs/director_output_1779263674.mp4,2026-05-20 06:55:32,False
3350,荔枝卷/氧气卷/芝士款 栗色/人生色/氧气色,1,director,2,2,,/Users/claw/work/douyin-recorder/backend/../recordings/director_outputs/director_output_1779263562.mp4,2,/Users/claw/work/douyin-recorder/backend/../recordings/director_outputs/director_output_1779263704.mp4,2026-05-20 06:59:26,False
3351,仿地针工艺假发（黑茶/茶棕款） 黑茶色,1,director,2,2,,/Users/claw/work/douyin-recorder/backend/../recordings/director_outputs/director_output_1779263585.mp4,-1,,2026-05-20 07:03:47,False
3352,碎晶晶直发 奶茶灰调浅色,1,director,2,2,,/Users/claw/work/douyin-recorder/backend/../recordings/director_outputs/director_output_1779263622.mp4,2,/Users/claw/work/douyin-recorder/backend/../recordings/director_outputs/director_output_1779264020.mp4,2026-05-20 07:07:28,False
3353,羊毛蛋蛋卷发 粉调奶茶色,1,director,2,2,,/Users/claw/work/douyin-recorder/backend/../recordings/director_outputs/director_output_1779263652.mp4,-1,,2026-05-20 07:13:55,False
3355,氧气粒子卷发 粒子色（氧气粒子色）,1,director,2,2,,/Users/claw/work/douyin-recorder/backend/../recordings/director_outputs/director_output_1779263863.mp4,2,/Users/claw/work/douyin-recorder/backend/../recordings/director_outputs/director_output_1779264110.mp4,2026-05-20 07:33:40,False
3356,中分长直发 蜂蜜茶色,2,director,2,2,,/Users/claw/work/douyin-recorder/recordings/director_outputs/director_output_1779279228.mp4,2,/Users/claw/work/douyin-recorder/backend/../recordings/director_outputs/director_output_1779264163.mp4,2026-05-20 07:37:02,False
3357,Kitty/Kiki高层次卷发（可扎双马尾）,1,director,2,2,,/Users/claw/work/douyin-recorder/backend/../recordings/director_outputs/director_output_1779285538.mp4,2,/Users/claw/work/douyin-recorder/backend/../recordings/director_outputs/director_output_1779285614.mp4,2026-05-20 13:52:55,False
3358,碎晶晶起刘海直发 奥伦橘（微橘调）/灰调奶茶色,1,director,2,2,,/Users/claw/work/douyin-recorder/backend/../recordings/director_outputs/director_output_1779285635.mp4,2,/Users/claw/work/douyin-recorder/backend/../recordings/director_outputs/director_output_1779285689.mp4,2026-05-20 13:56:18,False
3359,碎金金卷发/直发假发,1,director,2,2,,/Users/claw/work/douyin-recorder/backend/../recordings/director_outputs/director_output_1779285802.mp4,2,/Users/claw/work/douyin-recorder/backend/../recordings/director_outputs/director_output_1779285822.mp4,2026-05-20 14:00:28,False
3360,沙丁卷/直发/金棕kiki新款 金棕,1,director,2,2,,/Users/claw/work/douyin-recorder/backend/../recordings/director_outputs/director_output_1779286743.mp4,2,/Users/claw/work/douyin-recorder/backend/../recordings/director_outputs/director_output_1779286766.mp4,2026-05-20 14:15:32,False
3361,色骨杀晦子中长卷发 香槟金色,1,director,2,2,,/Users/claw/work/douyin-recorder/backend/../recordings/director_outputs/director_output_1779372060.mp4,2,/Users/claw/work/douyin-recorder/backend/../recordings/director_outputs/director_output_1779372090.mp4,2026-05-20 14:17:15,False
3362,高层次中长发内扣卷 深棕色（色谷沙灰）,1,director,2,2,,/Users/claw/work/douyin-recorder/backend/../recordings/director_outputs/director_output_1779287100.mp4,2,/Users/claw/work/douyin-recorder/backend/../recordings/director_outputs/director_output_1779287152.mp4,2026-05-20 14:18:47,False
3363,橘子卷卷 橘金色,1,director,2,2,,/Users/claw/work/douyin-recorder/recordings/director_outputs/director_output_1779296545.mp4,2,/Users/claw/work/douyin-recorder/backend/../recordings/director_outputs/director_output_1779287874.mp4,2026-05-20 14:35:41,False
3364,金棕Kiki双马尾全头套 金棕色,1,director,2,2,,/Users/claw/work/douyin-recorder/backend/../recordings/director_outputs/director_output_1779370843.mp4,-1,,2026-05-21 13:38:56,False
3365,厚刘海假发 浅色,1,director,2,2,,/Users/claw/work/douyin-recorder/backend/../recordings/director_outputs/director_output_1779378418.mp4,-1,,2026-05-21 15:44:39,False
3366,仿地针中长内扣卷假发 深茶棕,1,director,2,2,,/Users/claw/work/douyin-recorder/backend/../recordings/director_outputs/director_output_1779378508.mp4,-1,,2026-05-21 15:45:29,False
3367,生物头皮直发 冷棕色,1,director,2,2,,/Users/claw/work/douyin-recorder/backend/../recordings/director_outputs/director_output_1779629657.mp4,2,/Users/claw/work/douyin-recorder/backend/../recordings/director_outputs/director_output_1779629712.mp4,2026-05-24 13:31:16,False
3368,碎晶晶仿地针直发 渐变挑染（富瑞白奇乐号）,1,director,2,2,,/Users/claw/work/douyin-recorder/backend/../recordings/director_outputs/director_output_1779629705.mp4,2,/Users/claw/work/douyin-recorder/backend/../recordings/director_outputs/director_output_1779629728.mp4,2026-05-24 13:32:08,False
3369,羊毛蛋蛋卷发/其乐直发 奶茶色/粉灰色,1,director,2,2,,/Users/claw/work/douyin-recorder/backend/../recordings/director_outputs/director_output_1779631023.mp4,2,/Users/claw/work/douyin-recorder/backend/../recordings/director_outputs/director_output_1779631114.mp4,2026-05-24 13:54:30,False
3370,色谷沙绘子中长内扣卷发 深茶棕色,1,director,2,2,,/Users/claw/work/douyin-recorder/backend/../recordings/director_outputs/director_output_1779631118.mp4,-1,,2026-05-24 13:55:24,False
3371,色骨杀灰子香槟金卷发 香槟金色,1,director,2,2,,/Users/claw/work/douyin-recorder/backend/../recordings/director_outputs/director_output_1779631413.mp4,-1,,2026-05-24 13:56:26,False
3372,日系齐刘海知识款直发 黑茶色,1,director,2,2,,/Users/claw/work/douyin-recorder/backend/../recordings/director_outputs/director_output_1779633213.mp4,2,/Users/claw/work/douyin-recorder/backend/../recordings/director_outputs/director_output_1779633238.mp4,2026-05-24 14:31:50,False
3373,氧气粒子直发 粒子棕（冷色调深棕）,1,director,2,2,,/Users/claw/work/douyin-recorder/backend/../recordings/director_outputs/director_output_1779634566.mp4,2,/Users/claw/work/douyin-recorder/backend/../recordings/director_outputs/director_output_1779634640.mp4,2026-05-24 14:53:56,False
3374,氧气粒子直发/卷发 巧克力色/深棕色,1,director,2,2,,/Users/claw/work/douyin-recorder/backend/../recordings/director_outputs/director_output_1779634695.mp4,2,/Users/claw/work/douyin-recorder/backend/../recordings/director_outputs/director_output_1779634745.mp4,2026-05-24 14:54:58,False
3375,韩系碎发流海长发 黑茶色,1,director,2,2,,/Users/claw/work/douyin-recorder/backend/../recordings/director_outputs/director_output_1779634732.mp4,-1,,2026-05-24 14:55:47,False
3376,双马尾/氧气粒子卷发 黑茶色、金色,1,director,2,2,,/Users/claw/work/douyin-recorder/backend/../recordings/director_outputs/director_output_1779635468.mp4,-1,,2026-05-24 15:09:23,False
3377,赏金猎人蛋卷卷发 棕色,1,director,2,2,,/Users/claw/work/douyin-recorder/backend/../recordings/director_outputs/director_output_1779637013.mp4,-1,,2026-05-24 15:33:35,False
3378,赏金猎人中分款 脏橘色,1,director,2,2,,/Users/claw/work/douyin-recorder/backend/../recordings/director_outputs/director_output_1779637048.mp4,2,/Users/claw/work/douyin-recorder/backend/../recordings/director_outputs/director_output_1779637072.mp4,2026-05-24 15:34:21,False
3379,韩系微卷发（许妍同款） 蜂蜜茶棕色,2,director,2,2,,/Users/claw/work/douyin-recorder/backend/../recordings/director_outputs/director_output_1779637582.mp4,2,/Users/claw/work/douyin-recorder/backend/../recordings/director_outputs/director_output_1779637627.mp4,2026-05-24 15:43:51,False
3380,全头套中分长直发/齐刘海微卷发 蜂蜜茶色,2,director,2,2,,/Users/claw/work/douyin-recorder/backend/../recordings/director_outputs/director_output_1779637659.mp4,2,/Users/claw/work/douyin-recorder/backend/../recordings/director_outputs/director_output_1779637665.mp4,2026-05-24 15:44:31,False
3381,莉莉丝中分长直发 自然黑,1,director,2,2,,/Users/claw/work/douyin-recorder/backend/../recordings/director_outputs/director_output_1779638385.mp4,2,/Users/claw/work/douyin-recorder/backend/../recordings/director_outputs/director_output_1779638429.mp4,2026-05-24 15:57:10,False
3382,夹发半扎鸡毛头直发 中粉,1,director,2,2,,/Users/claw/work/douyin-recorder/backend/../recordings/director_outputs/director_output_1779638444.mp4,-1,,2026-05-24 15:57:46,False
3383,卷发（仿真蕾丝假发） 冷棕色（9号）,2,director,2,2,,/Users/claw/work/douyin-recorder/backend/../recordings/director_outputs/director_output_1779640688.mp4,2,/Users/claw/work/douyin-recorder/backend/../recordings/director_outputs/director_output_1779640861.mp4,2026-05-24 16:33:57,False
3384,仿头皮中分蕾丝假发 黑茶色/蜜茶棕,1,director,2,2,,/Users/claw/work/douyin-recorder/backend/../recordings/director_outputs/director_output_1779640877.mp4,-1,,2026-05-24 16:35:06,False
3385,蜜灰金直发 蜜灰金（混色）,2,director,2,2,,/Users/claw/work/douyin-recorder/backend/../recordings/director_outputs/director_output_1779640978.mp4,2,/Users/claw/work/douyin-recorder/backend/../recordings/director_outputs/director_output_1779641085.mp4,2026-05-24 16:35:57,False
3386,许言桶款中分卷发（一号） 蜂蜜棕色,2,director,2,2,,/Users/claw/work/douyin-recorder/backend/../recordings/director_outputs/director_output_1779641034.mp4,2,/Users/claw/work/douyin-recorder/backend/../recordings/director_outputs/director_output_1779641074.mp4,2026-05-24 16:37:08,False
3387,中分微卷长款全头套 蜂蜜棕色/金棕混色,2,director,2,2,,/Users/claw/work/douyin-recorder/backend/../recordings/director_outputs/director_output_1779641100.mp4,2,/Users/claw/work/douyin-recorder/backend/../recordings/director_outputs/director_output_1779641157.mp4,2026-05-24 16:37:53,False
3388,头顶补发片 摩卡色、黑茶色、黑色、白金色,1,director,2,2,,/Users/claw/work/douyin-recorder/backend/../recordings/director_outputs/director_output_1779641186.mp4,2,/Users/claw/work/douyin-recorder/backend/../recordings/director_outputs/director_output_1779641203.mp4,2026-05-24 16:40:54,False
3389,齐刘海全头套,2,director,2,2,,/Users/claw/work/douyin-recorder/backend/../recordings/director_outputs/director_output_1779642203.mp4,-1,,2026-05-24 16:57:44,False
3390,头顶补发片（仿地震工艺头领） 摩卡色、黑茶色,1,director,2,2,,/Users/claw/work/douyin-recorder/backend/../recordings/director_outputs/director_output_1779642799.mp4,2,/Users/claw/work/douyin-recorder/backend/../recordings/director_outputs/director_output_1779642829.mp4,2026-05-24 16:58:35,False
3391,蜜桃乌龙海藻卷 灰粉渐变色,2,director,2,2,,/Users/claw/work/douyin-recorder/backend/../recordings/director_outputs/director_output_1779642755.mp4,2,/Users/claw/work/douyin-recorder/backend/../recordings/director_outputs/director_output_1779642809.mp4,2026-05-24 16:59:20,False
3392,卷发中分/半高扎/瀑布半高扎 灰粉沙金渐变色,2,director,2,2,,/Users/claw/work/douyin-recorder/backend/../recordings/director_outputs/director_output_1779642727.mp4,2,/Users/claw/work/douyin-recorder/backend/../recordings/director_outputs/director_output_1779642785.mp4,2026-05-24 17:00:05,False
3393,海藻小卷碧熊卷发 灰粉色/灰金色,2,director,2,2,,/Users/claw/work/douyin-recorder/backend/../recordings/director_outputs/director_output_1779642720.mp4,2,/Users/claw/work/douyin-recorder/backend/../recordings/director_outputs/director_output_1779642814.mp4,2026-05-24 17:00:49,False
3394,头顶补发片/碎金金齐刘海直发全头套 黑茶色/碎金金,1,director,2,2,,/Users/claw/work/douyin-recorder/backend/../recordings/director_outputs/director_output_1779642901.mp4,2,/Users/claw/work/douyin-recorder/backend/../recordings/director_outputs/director_output_1779643129.mp4,2026-05-24 17:01:34,False
3395,碎金金粉色卷发/碎银镜氧气粒子卷 粉调灰色/奶茶色,1,director,2,2,,/Users/claw/work/douyin-recorder/backend/../recordings/director_outputs/director_output_1779643000.mp4,2,/Users/claw/work/douyin-recorder/backend/../recordings/director_outputs/director_output_1779643509.mp4,2026-05-24 17:02:11,False
3396,水晶晶卷发 粉调灰色（奶茶色）,1,director,2,2,,/Users/claw/work/douyin-recorder/backend/../recordings/director_outputs/director_output_1779646321.mp4,2,/Users/claw/work/douyin-recorder/backend/../recordings/director_outputs/director_output_1779646429.mp4,2026-05-24 17:10:35,False
3397,3号黑巧克力直发 黑巧克力色,2,director,2,2,,/Users/claw/work/douyin-recorder/backend/../recordings/director_outputs/director_output_1779646397.mp4,2,/Users/claw/work/douyin-recorder/backend/../recordings/director_outputs/director_output_1779646476.mp4,2026-05-24 17:33:03,False
3398,浅奶茶长直发 浅奶茶色,2,director,2,2,,/Users/claw/work/douyin-recorder/backend/../recordings/director_outputs/director_output_1779646538.mp4,2,/Users/claw/work/douyin-recorder/backend/../recordings/director_outputs/director_output_1779646517.mp4,2026-05-24 17:35:04,False
3399,中长发微内扣直发 浅奶茶灰棕,2,director,2,2,,/Users/claw/work/douyin-recorder/backend/../recordings/director_outputs/director_output_1779646639.mp4,2,/Users/claw/work/douyin-recorder/backend/../recordings/director_outputs/director_output_1779646750.mp4,2026-05-24 17:35:58,False
3400,中分长直发（一号爆款） 蜂蜜茶色（蜜棕色）,2,director,2,2,,/Users/claw/work/douyin-recorder/backend/../recordings/director_outputs/director_output_1779646734.mp4,2,/Users/claw/work/douyin-recorder/backend/../recordings/director_outputs/director_output_1779646908.mp4,2026-05-24 17:59:28,False
3401,韩系微卷长发（中分/斜刘海） 自然黑（12号）,2,director,2,2,,/Users/claw/work/douyin-recorder/backend/../recordings/director_outputs/director_output_1779646781.mp4,2,/Users/claw/work/douyin-recorder/backend/../recordings/director_outputs/director_output_1779646935.mp4,2026-05-24 18:01:39,False
3402,海藻卷小卷发（二号领巾） 灰粉色,2,director,2,2,,/Users/claw/work/douyin-recorder/backend/../recordings/director_outputs/director_output_1779646914.mp4,2,/Users/claw/work/douyin-recorder/backend/../recordings/director_outputs/director_output_1779646929.mp4,2026-05-24 18:02:27,False
3403,斜刘海直发 米灰金色,2,director,2,2,,/Users/claw/work/douyin-recorder/backend/../recordings/director_outputs/director_output_1779648027.mp4,-1,,2026-05-24 18:37:26,False
3404,9号大波浪卷发 冷棕色,2,director,2,2,,/Users/claw/work/douyin-recorder/backend/../recordings/director_outputs/director_output_1779648124.mp4,2,/Users/claw/work/douyin-recorder/backend/../recordings/director_outputs/director_output_1779648189.mp4,2026-05-24 18:38:06,False
3405,中长卷发全头套 奶茶灰金色,2,director,2,2,,/Users/claw/work/douyin-recorder/backend/../recordings/director_outputs/director_output_1779648183.mp4,2,/Users/claw/work/douyin-recorder/backend/../recordings/director_outputs/director_output_1779648206.mp4,2026-05-24 18:38:54,False
3406,1号微卷长发 蜂蜜茶色,2,director,2,2,,/Users/claw/work/douyin-recorder/backend/../recordings/director_outputs/director_output_1779649350.mp4,2,/Users/claw/work/douyin-recorder/backend/../recordings/director_outputs/director_output_1779649514.mp4,2026-05-24 18:59:51,False
3407,中分长卷发（一号款） 黑茶色,2,director,2,2,,/Users/claw/work/douyin-recorder/backend/../recordings/director_outputs/director_output_1779649505.mp4,2,/Users/claw/work/douyin-recorder/backend/../recordings/director_outputs/director_output_1779649992.mp4,2026-05-24 19:00:34,False
3408,中分微卷大头皮款 蜂蜜茶色,2,director,2,2,,/Users/claw/work/douyin-recorder/backend/../recordings/director_outputs/director_output_1779649921.mp4,-1,,2026-05-24 19:01:17,False
3409,中长卷发（起落头/中分款） 黑茶色（12号）,2,director,2,2,,/Users/claw/work/douyin-recorder/backend/../recordings/director_outputs/director_output_1779649932.mp4,2,/Users/claw/work/douyin-recorder/backend/../recordings/director_outputs/director_output_1779650006.mp4,2026-05-24 19:01:56,False
3410,五号零件中长卷发 黑棕,2,director,2,2,,/Users/claw/work/douyin-recorder/backend/../recordings/director_outputs/director_output_1779651153.mp4,2,/Users/claw/work/douyin-recorder/backend/../recordings/director_outputs/director_output_1779651245.mp4,2026-05-24 19:30:47,False
3411,卷发（珍妮小猫/2号零件） 豆沙粉棕,2,director,2,2,,/Users/claw/work/douyin-recorder/backend/../recordings/director_outputs/director_output_1779651285.mp4,2,/Users/claw/work/douyin-recorder/backend/../recordings/director_outputs/director_output_1779651359.mp4,2026-05-24 19:31:39,False
3412,微卷发 豆沙粉棕色,2,director,2,2,,/Users/claw/work/douyin-recorder/backend/../recordings/director_outputs/director_output_1779651382.mp4,2,/Users/claw/work/douyin-recorder/backend/../recordings/director_outputs/director_output_1779651396.mp4,2026-05-24 19:32:18,False
3413,长直发/微卷长发,2,director,2,2,,/Users/claw/work/douyin-recorder/backend/../recordings/director_outputs/director_output_1779725464.mp4,-1,,2026-05-25 16:06:38,False
3414,中分微卷长发（78厘米） 蜂蜜茶色（蜜棕色）,2,director,2,2,,/Users/claw/work/douyin-recorder/backend/../recordings/director_outputs/director_output_1779725586.mp4,2,/Users/claw/work/douyin-recorder/backend/../recordings/director_outputs/director_output_1779725620.mp4,2026-05-25 16:07:54,False
3415,中分全头套防风钢插款 蜂蜜茶棕色,2,director,2,2,,/Users/claw/work/douyin-recorder/backend/../recordings/director_outputs/director_output_1779725627.mp4,2,/Users/claw/work/douyin-recorder/backend/../recordings/director_outputs/director_output_1779725654.mp4,2026-05-25 16:09:44,False
3416,齐刘海款/中分款/偏分卷发 蜂蜜茶色/灰粉色,2,director,2,2,,/Users/claw/work/douyin-recorder/backend/../recordings/director_outputs/director_output_1779726775.mp4,2,/Users/claw/work/douyin-recorder/backend/../recordings/director_outputs/director_output_1779726822.mp4,2026-05-25 16:30:07,False
3417,长卷发中分蕾丝假发 灰粉渐变色,2,director,2,2,,/Users/claw/work/douyin-recorder/backend/../recordings/director_outputs/director_output_1779726908.mp4,-1,,2026-05-25 16:30:47,False
3418,2号全头套长卷发 灰粉色/浅奶茶灰棕,2,director,2,2,,/Users/claw/work/douyin-recorder/backend/../recordings/director_outputs/director_output_1779726959.mp4,2,/Users/claw/work/douyin-recorder/backend/../recordings/director_outputs/director_output_1779727267.mp4,2026-05-25 16:31:39,False
3419,直发/卷发多款展示 76号色/05号色,2,director,2,2,,/Users/claw/work/douyin-recorder/backend/../recordings/director_outputs/director_output_1779729174.mp4,2,/Users/claw/work/douyin-recorder/backend/../recordings/director_outputs/director_output_1779729337.mp4,2026-05-25 17:08:21,False
3420,黑长直周分款直发 深巧克力棕（3号）,2,director,2,2,,/Users/claw/work/douyin-recorder/backend/../recordings/director_outputs/director_output_1779729328.mp4,-1,,2026-05-25 17:09:20,False
3421,小白梨微卷长发 奶茶灰棕,2,director,2,2,,/Users/claw/work/douyin-recorder/backend/../recordings/director_outputs/director_output_1779729439.mp4,2,/Users/claw/work/douyin-recorder/backend/../recordings/director_outputs/director_output_1779729513.mp4,2026-05-25 17:10:55,False
3422,堆堆熊中长梨花烫卷发 黑棕色,2,director,2,2,,/Users/claw/work/douyin-recorder/backend/../recordings/director_outputs/director_output_1779729506.mp4,2,/Users/claw/work/douyin-recorder/backend/../recordings/director_outputs/director_output_1779729536.mp4,2026-05-25 17:12:36,False
3423,水母头梨花烫 黑棕色,2,director,2,2,,/Users/claw/work/douyin-recorder/backend/../recordings/director_outputs/director_output_1779729560.mp4,2,/Users/claw/work/douyin-recorder/backend/../recordings/director_outputs/director_output_1779729647.mp4,2026-05-25 17:13:08,False
3424,妞系模范生微卷长发 黑棕色,2,director,2,2,,/Users/claw/work/douyin-recorder/backend/../recordings/director_outputs/director_output_1779730405.mp4,2,/Users/claw/work/douyin-recorder/backend/../recordings/director_outputs/director_output_1779730509.mp4,2026-05-25 17:30:44,False
3425,韩系微卷中分假发 蜂蜜棕,2,director,2,2,,/Users/claw/work/douyin-recorder/backend/../recordings/director_outputs/director_output_1779730568.mp4,2,/Users/claw/work/douyin-recorder/backend/../recordings/director_outputs/director_output_1779730624.mp4,2026-05-25 17:31:44,False
3426,金色直发 米灰金色,2,director,2,2,,/Users/claw/work/douyin-recorder/backend/../recordings/director_outputs/director_output_1779730631.mp4,2,/Users/claw/work/douyin-recorder/backend/../recordings/director_outputs/director_output_1779731002.mp4,2026-05-25 17:32:42,False
3427,直发全头套（6号/安娜/小白梨） 米灰金/浅奶茶灰棕,2,director,2,2,,/Users/claw/work/douyin-recorder/backend/../recordings/director_outputs/director_output_1779731026.mp4,2,/Users/claw/work/douyin-recorder/backend/../recordings/director_outputs/director_output_1779731041.mp4,2026-05-25 17:33:29,False
3428,咖啡豆短发,2,director,2,2,,/Users/claw/work/douyin-recorder/backend/../recordings/director_outputs/director_output_1779732627.mp4,2,/Users/claw/work/douyin-recorder/backend/../recordings/director_outputs/director_output_1779732652.mp4,2026-05-25 18:08:51,False
3429,12号中分直发款 黑茶色,2,director,2,2,,/Users/claw/work/douyin-recorder/backend/../recordings/director_outputs/director_output_1779734171.mp4,-1,,2026-05-25 18:33:06,False
3430,海藻卷微卷发 灰粉色渐变,2,director,2,2,,/Users/claw/work/douyin-recorder/backend/../recordings/director_outputs/director_output_1779734308.mp4,-1,,2026-05-25 18:33:44,False
3431,全头套卷发 粉色/浅色,2,director,2,2,,/Users/claw/work/douyin-recorder/backend/../recordings/director_outputs/director_output_1779738336.mp4,2,/Users/claw/work/douyin-recorder/backend/../recordings/director_outputs/director_output_1779738408.mp4,2026-05-25 18:34:36,False
3432,三号款假发 自然潮色混色,2,director,2,2,,/Users/claw/work/douyin-recorder/backend/../recordings/director_outputs/director_output_1779734628.mp4,-1,,2026-05-25 18:35:12,False
3433,微卷长发（78cm） 浅色显白发色（潮色款）,2,director,2,2,,/Users/claw/work/douyin-recorder/backend/../recordings/director_outputs/director_output_1779736394.mp4,2,/Users/claw/work/douyin-recorder/backend/../recordings/director_outputs/director_output_1779736451.mp4,2026-05-25 19:10:47,False
3434,长卷发（中分/骑刘海） 蜂蜜色/金色,2,director,2,2,,/Users/claw/work/douyin-recorder/backend/../recordings/director_outputs/director_output_1779736469.mp4,-1,,2026-05-25 19:11:42,False
3435,灰金色长卷发（8号） 灰金色,2,director,2,2,,/Users/claw/work/douyin-recorder/backend/../recordings/director_outputs/director_output_1779736531.mp4,2,/Users/claw/work/douyin-recorder/backend/../recordings/director_outputs/director_output_1779736556.mp4,2026-05-25 19:13:05,False
3436,76号直发（中分款） 深色,2,director,2,2,,/Users/claw/work/douyin-recorder/backend/../recordings/director_outputs/director_output_1779737788.mp4,2,/Users/claw/work/douyin-recorder/backend/../recordings/director_outputs/director_output_1779737908.mp4,2026-05-25 19:34:05,False
3437,中分自然卷发（三号零件） 黑巧克力/灰棕/浅奶茶,2,director,2,2,,/Users/claw/work/douyin-recorder/backend/../recordings/director_outputs/director_output_1779737953.mp4,2,/Users/claw/work/douyin-recorder/backend/../recordings/director_outputs/director_output_1779738060.mp4,2026-05-25 19:34:45,False
3438,长款卷发（若有若无卷） 浅奶茶灰棕,2,director,2,2,,/Users/claw/work/douyin-recorder/backend/../recordings/director_outputs/director_output_1779737982.mp4,2,/Users/claw/work/douyin-recorder/backend/../recordings/director_outputs/director_output_1779738438.mp4,2026-05-25 19:35:34,False
3439,中长层次卷发 黑棕色,2,director,2,2,,/Users/claw/work/douyin-recorder/backend/../recordings/director_outputs/director_output_1779738432.mp4,2,/Users/claw/work/douyin-recorder/backend/../recordings/director_outputs/director_output_1779738451.mp4,2026-05-25 19:36:25,False
3440,长直发全头套（中分款） 棕色（蜂蜜棕/粉棕/雾黄棕）,2,director,2,2,,/Users/claw/work/douyin-recorder/backend/../recordings/director_outputs/director_output_1779738931.mp4,2,/Users/claw/work/douyin-recorder/backend/../recordings/director_outputs/director_output_1779738957.mp4,2026-05-25 19:53:43,False
3441,免洗发系列假发 冷棕色,2,director,2,2,,/Users/claw/work/douyin-recorder/backend/../recordings/director_outputs/director_output_1779810765.mp4,2,/Users/claw/work/douyin-recorder/backend/../recordings/director_outputs/director_output_1779810769.mp4,2026-05-26 15:50:07,False
3442,免醒发棉型卷发（4号） 冷棕色,2,director,2,2,,/Users/claw/work/douyin-recorder/backend/../recordings/director_outputs/director_output_1779810880.mp4,2,/Users/claw/work/douyin-recorder/backend/../recordings/director_outputs/director_output_1779810955.mp4,2026-05-26 15:51:07,False
3443,高层次免醒发卷发（4号/5号斜刘海） 冷棕色/亚麻棕,2,director,2,2,,/Users/claw/work/douyin-recorder/backend/../recordings/director_outputs/director_output_1779810935.mp4,2,/Users/claw/work/douyin-recorder/backend/../recordings/director_outputs/director_output_1779810963.mp4,2026-05-26 15:51:55,False
3444,韩系微卷中分长发 蜂蜜茶色,2,director,2,2,,/Users/claw/work/douyin-recorder/backend/../recordings/director_outputs/director_output_1779814169.mp4,-1,,2026-05-26 16:43:58,False
3445,中分直发/齐刘海款 蜂蜜茶色,2,director,2,2,,/Users/claw/work/douyin-recorder/backend/../recordings/director_outputs/director_output_1779814413.mp4,2,/Users/claw/work/douyin-recorder/backend/../recordings/director_outputs/director_output_1779814559.mp4,2026-05-26 16:46:50,False
3446,高层次中分直发 巧克力棕色,2,director,2,2,,/Users/claw/work/douyin-recorder/backend/../recordings/director_outputs/director_output_1779814583.mp4,2,/Users/claw/work/douyin-recorder/backend/../recordings/director_outputs/director_output_1779814625.mp4,2026-05-26 16:50:00,False
3447,高层次卷发（免发网系列） 黑巧克力/钱奶茶色,2,director,2,2,,/Users/claw/work/douyin-recorder/backend/../recordings/director_outputs/director_output_1779816262.mp4,2,/Users/claw/work/douyin-recorder/backend/../recordings/director_outputs/director_output_1779816367.mp4,2026-05-26 17:05:41,False
3448,卷发全头套长发 奶茶灰棕,2,director,2,2,,/Users/claw/work/douyin-recorder/backend/../recordings/director_outputs/director_output_1779816198.mp4,2,/Users/claw/work/douyin-recorder/backend/../recordings/director_outputs/director_output_1779816251.mp4,2026-05-26 17:06:31,False
3449,中长大波浪卷发 冷棕色,2,director,2,2,,/Users/claw/work/douyin-recorder/backend/../recordings/director_outputs/director_output_1779816174.mp4,2,/Users/claw/work/douyin-recorder/backend/../recordings/director_outputs/director_output_1779816339.mp4,2026-05-26 17:09:33,False
3450,长直发（可卷可直） 蜂蜜棕,2,director,2,2,,/Users/claw/work/douyin-recorder/backend/../recordings/director_outputs/director_output_1779816237.mp4,2,/Users/claw/work/douyin-recorder/backend/../recordings/director_outputs/director_output_1779816351.mp4,2026-05-26 17:10:31,False
3451,中长款高层次假发（7号链接） 黑棕,2,director,2,2,,/Users/claw/work/douyin-recorder/backend/../recordings/director_outputs/director_output_1779817844.mp4,-1,,2026-05-26 17:45:30,False
3452,安娜长直发/娃娃卷发 蜜茶亚麻棕色,2,director,2,2,,/Users/claw/work/douyin-recorder/backend/../recordings/director_outputs/director_output_1779825013.mp4,-1,,2026-05-26 17:47:33,False
3453,轻薄层次卷发（2号） 灰粉渐变色,2,director,2,2,,/Users/claw/work/douyin-recorder/backend/../recordings/director_outputs/director_output_1779824983.mp4,-1,,2026-05-26 17:50:18,False
3454,复合卷发 冷棕色,2,director,2,2,,/Users/claw/work/douyin-recorder/backend/../recordings/director_outputs/director_output_1779825033.mp4,-1,,2026-05-26 17:51:16,False
3456,小拉卷长款假发 灰金色,2,director,2,2,,/Users/claw/work/douyin-recorder/backend/../recordings/director_outputs/director_output_1779835296.mp4,2,/Users/claw/work/douyin-recorder/backend/../recordings/director_outputs/director_output_1779835419.mp4,2026-05-26 18:10:35,False
3457,韩系微卷长卷发 自然黑茶色,2,director,2,2,,/Users/claw/work/douyin-recorder/backend/../recordings/director_outputs/director_output_1779835237.mp4,2,/Users/claw/work/douyin-recorder/backend/../recordings/director_outputs/director_output_1779835407.mp4,2026-05-26 18:13:04,False
3458,斜刘海直发新款 密茶棕色,2,director,2,2,,/Users/claw/work/douyin-recorder/backend/../recordings/director_outputs/director_output_1779835210.mp4,2,/Users/claw/work/douyin-recorder/backend/../recordings/director_outputs/director_output_1779835323.mp4,2026-05-26 18:16:06,False
3459,中分长直发（1号款） 蜂蜜色/棕色,2,director,2,2,,/Users/claw/work/douyin-recorder/backend/../recordings/director_outputs/director_output_1779835225.mp4,2,/Users/claw/work/douyin-recorder/backend/../recordings/director_outputs/director_output_1779835398.mp4,2026-05-26 19:01:43,False
3460,中分直发全头套 自然黑、灰粉渐变,2,director,2,2,,/Users/claw/work/douyin-recorder/backend/../recordings/director_outputs/director_output_1779841620.mp4,2,/Users/claw/work/douyin-recorder/backend/../recordings/director_outputs/director_output_1779841659.mp4,2026-05-26 19:03:37,False
3461,长直发全头套免发网款 蜜棕色,2,director,2,2,,/Users/claw/work/douyin-recorder/backend/../recordings/director_outputs/director_output_1779838054.mp4,-1,,2026-05-26 19:06:37,False
3462,中长直发 冷棕色,2,director,2,2,,/Users/claw/work/douyin-recorder/backend/../recordings/director_outputs/director_output_1779838041.mp4,2,/Users/claw/work/douyin-recorder/backend/../recordings/director_outputs/director_output_1779838159.mp4,2026-05-26 19:08:40,False
3463,大波浪微卷发 冷棕,2,director,2,2,,/Users/claw/work/douyin-recorder/backend/../recordings/director_outputs/director_output_1779838073.mp4,2,/Users/claw/work/douyin-recorder/backend/../recordings/director_outputs/director_output_1779838167.mp4,2026-05-26 19:50:23,False
3464,一号中分微卷发 蜂蜜茶色,2,director,2,2,,/Users/claw/work/douyin-recorder/backend/../recordings/director_outputs/director_output_1781776310.mp4,-1,,2026-05-27 16:12:45,False
3465,微卷长发（中分/齐刘海） 蜂蜜茶色,2,director,2,2,,/Users/claw/work/douyin-recorder/backend/../recordings/director_outputs/director_output_1781773074.mp4,-1,,2026-05-27 16:14:49,False
3466,海藻小卷卷全头套 灰粉渐变色（蜜桃乌龙）,2,director,2,2,,/Users/claw/work/douyin-recorder/backend/../recordings/director_outputs/director_output_1781773366.mp4,-1,/Users/claw/work/douyin-recorder/backend/../recordings/director_outputs/director_output_1779899355.mp4,2026-05-27 16:16:50,False
3467,海藻小卷卷 灰粉色,2,director,2,2,,/Users/claw/work/douyin-recorder/backend/../recordings/director_outputs/director_output_1781773646.mp4,-1,/Users/claw/work/douyin-recorder/backend/../recordings/director_outputs/director_output_1779899347.mp4,2026-05-27 16:17:34,False
3468,起刘海海藻卷中短发 灰粉渐变/自然色/黑棕,2,director,2,2,,/Users/claw/work/douyin-recorder/backend/../recordings/director_outputs/director_output_1781773966.mp4,-1,,2026-05-27 16:34:11,False
3469,免发网棉型高颅顶假发 冷棕色,2,director,2,2,,/Users/claw/work/douyin-recorder/backend/../recordings/director_outputs/director_output_1781774237.mp4,-1,,2026-05-27 16:36:03,False
3470,微卷大波浪长发 冷棕色/浅奶茶灰棕,2,director,2,2,,/Users/claw/work/douyin-recorder/backend/../recordings/director_outputs/director_output_1781774554.mp4,-1,,2026-05-27 16:38:01,False
3471,高层次大卷中分假发 浅奶茶灰棕,2,director,2,2,,/Users/claw/work/douyin-recorder/backend/../recordings/director_outputs/director_output_1781774902.mp4,-1,,2026-05-27 16:40:04,False
3472,长直发/卷发多款展示 黑巧克力色/灰金色,2,director,2,2,,/Users/claw/work/douyin-recorder/backend/../recordings/director_outputs/director_output_1779902416.mp4,2,/Users/claw/work/douyin-recorder/backend/../recordings/director_outputs/director_output_1779902588.mp4,2026-05-27 17:13:03,False
3473,小波浪卷发长发 灰金色,2,director,2,2,,/Users/claw/work/douyin-recorder/backend/../recordings/director_outputs/director_output_1779902589.mp4,2,/Users/claw/work/douyin-recorder/backend/../recordings/director_outputs/director_output_1779902825.mp4,2026-05-27 17:13:59,False
3474,斜刘海高层次直发 蜂蜜色/亚麻棕色,2,director,2,2,,/Users/claw/work/douyin-recorder/backend/../recordings/director_outputs/director_output_1779902791.mp4,-1,,2026-05-27 17:15:57,False
3475,斜刘海长直发/卷发多款 蜂蜜亚麻色/米灰金色,2,director,2,2,,/Users/claw/work/douyin-recorder/backend/../recordings/director_outputs/director_output_1779902884.mp4,-1,,2026-05-27 17:17:58,False
3476,微卷长直发/中短发免发网 蜜茶棕色/混色,2,director,2,2,,/Users/claw/work/douyin-recorder/backend/../recordings/director_outputs/director_output_1781776627.mp4,-1,,2026-05-27 17:37:01,False
3477,海藻卷长发 灰粉沙冰色,2,director,2,2,,/Users/claw/work/douyin-recorder/backend/../recordings/director_outputs/director_output_1781776978.mp4,-1,,2026-05-27 17:38:01,False
3478,海藻小卷中分卷发 粉棕渐变粉沙色,2,director,2,2,,/Users/claw/work/douyin-recorder/backend/../recordings/director_outputs/director_output_1781777343.mp4,-1,,2026-05-27 17:39:48,False
3479,中分大波浪卷发 棕色系,2,director,2,2,,/Users/claw/work/douyin-recorder/backend/../recordings/director_outputs/director_output_1781777667.mp4,-1,,2026-05-27 17:41:46,False
3480,娃娃卷（安娜8号） 亚麻色,2,director,2,2,,/Users/claw/work/douyin-recorder/backend/../recordings/director_outputs/director_output_1781778020.mp4,-1,,2026-05-27 18:03:22,False
3481,水母头中长微卷发 黑棕色,2,director,2,2,,/Users/claw/work/douyin-recorder/backend/../recordings/director_outputs/director_output_1779905647.mp4,-1,,2026-05-27 18:05:26,False
3482,微卷长发 千奶茶灰棕,2,director,2,2,,/Users/claw/work/douyin-recorder/backend/../recordings/director_outputs/director_output_1781778330.mp4,-1,,2026-05-27 18:07:23,False
3483,刘海款微卷大波浪全头套 冷棕色,2,director,2,2,,/Users/claw/work/douyin-recorder/backend/../recordings/director_outputs/director_output_1781778598.mp4,-1,,2026-05-27 18:09:25,False
3484,直发半扎款（七六号/中风蕾丝） 黑巧克力色,2,director,2,2,,/Users/claw/work/douyin-recorder/backend/../recordings/director_outputs/director_output_1779906805.mp4,-1,,2026-05-27 18:27:35,False
3485,全头套假发（直发/卷发多款） 黑巧克力/巧克力色/冷棕色,2,director,2,2,,/Users/claw/work/douyin-recorder/backend/../recordings/director_outputs/director_output_1781778978.mp4,-1,,2026-05-27 18:28:16,False
3486,斜刘海长卷发 冷棕色,2,director,2,2,,/Users/claw/work/douyin-recorder/backend/../recordings/director_outputs/director_output_1779906880.mp4,-1,,2026-05-27 18:29:10,False
3487,一刀切短发 焦糖暖棕/蜜茶棕,2,director,2,2,,/Users/claw/work/douyin-recorder/backend/../recordings/director_outputs/director_output_1781792078.mp4,-1,,2026-05-27 18:30:04,False
3490,鱼鳍发型 粉红色（骑了号直红/B鳍粉）,1,director,2,2,,/Users/claw/work/douyin-recorder/backend/../recordings/director_outputs/director_output_1782021761.mp4,2,/Users/claw/work/douyin-recorder/backend/../recordings/director_outputs/director_output_1782136891.mp4,2026-06-03 09:14:00,False
3497,短发粒子、英俊女高、碎晶晶,1,director,2,2,,/Users/claw/work/douyin-recorder/backend/../recordings/director_outputs/director_output_1782023631.mp4,2,/Users/claw/work/douyin-recorder/backend/../recordings/director_outputs/director_output_1782084584.mp4,2026-06-03 14:50:06,False
3499,人生卷发/夺回属于我的一切 黑茶色/棕色,1,director,2,2,,/Users/claw/work/douyin-recorder/backend/../recordings/director_outputs/director_output_1782023855.mp4,2,/Users/claw/work/douyin-recorder/backend/../recordings/director_outputs/director_output_1782136911.mp4,2026-06-04 12:40:45,False
3500,小白梨6号领结微卷全头套 奶茶灰棕色,2,director,2,2,,/Users/claw/work/douyin-recorder/backend/../recordings/director_outputs/director_output_1782023838.mp4,2,/Users/claw/work/douyin-recorder/backend/../recordings/director_outputs/director_output_1782091153.mp4,2026-06-04 14:43:24,False
3501,夺回（丸子头/公主感短发） 黑茶色,1,director,2,2,,/Users/claw/work/douyin-recorder/backend/../recordings/director_outputs/director_output_1782024073.mp4,2,/Users/claw/work/douyin-recorder/backend/../recordings/director_outputs/director_output_1782137372.mp4,2026-06-04 15:05:53,False
3502,中分长直发/骑刘海卷发 灰粉色渐变,2,director,2,2,,/Users/claw/work/douyin-recorder/backend/../recordings/director_outputs/director_output_1782024058.mp4,2,/Users/claw/work/douyin-recorder/backend/../recordings/director_outputs/director_output_1782137344.mp4,2026-06-04 17:50:02,False
3503,长卷发中分款 橙金色,2,director,2,2,,/Users/claw/work/douyin-recorder/backend/../recordings/director_outputs/director_output_1782024249.mp4,2,/Users/claw/work/douyin-recorder/backend/../recordings/director_outputs/director_output_1782137403.mp4,2026-06-04 18:40:26,False
3504,公主头U型夹/中分款 粉色/浅色,2,director,2,2,,/Users/claw/work/douyin-recorder/backend/../recordings/director_outputs/director_output_1782024233.mp4,2,/Users/claw/work/douyin-recorder/backend/../recordings/director_outputs/director_output_1782137512.mp4,2026-06-04 19:48:01,False
3505,小卷娃娃卷长发（7号） 蜜茶色,2,director,2,2,,/Users/claw/work/douyin-recorder/backend/../recordings/director_outputs/director_output_1782024427.mp4,2,/Users/claw/work/douyin-recorder/backend/../recordings/director_outputs/director_output_1782100200.mp4,2026-06-04 20:34:11,False
3508,偏自然色,2,director,2,2,,/Users/claw/work/douyin-recorder/backend/../recordings/director_outputs/director_output_1782205897.mp4,2,/Users/claw/work/douyin-recorder/backend/../recordings/director_outputs/director_output_1782407117.mp4,2026-06-04 23:28:30,False
3509,护理白齐刘海假发 护理白（亚麻色挑染渐变）,1,director,2,2,,/Users/claw/work/douyin-recorder/backend/../recordings/director_outputs/director_output_1782024639.mp4,2,/Users/claw/work/douyin-recorder/backend/../recordings/director_outputs/director_output_1782137523.mp4,2026-06-04 23:55:34,False
3510,中分长直发（一号款） 蜂蜜茶色,2,director,2,2,,/Users/claw/work/douyin-recorder/backend/../recordings/director_outputs/director_output_1782024742.mp4,2,/Users/claw/work/douyin-recorder/backend/../recordings/director_outputs/director_output_1782137573.mp4,2026-06-05 00:49:39,False
3511,中分直发（顶美出没） 黑巧克力色,2,director,2,2,,/Users/claw/work/douyin-recorder/backend/../recordings/director_outputs/director_output_1782024809.mp4,2,/Users/claw/work/douyin-recorder/backend/../recordings/director_outputs/director_output_1782137593.mp4,2026-06-05 01:55:43,False
3512,半扎发（脸肩款） 五号浅棕/麦卡棕色系,2,director,2,2,,/Users/claw/work/douyin-recorder/backend/../recordings/director_outputs/director_output_1783151818.mp4,2,/Users/claw/work/douyin-recorder/backend/../recordings/director_outputs/director_output_1783156183.mp4,2026-06-05 02:27:02,False
3513,长发假发（含发网压发帽教程） 黑茶色,2,director,2,2,,/Users/claw/work/douyin-recorder/backend/../recordings/director_outputs/director_output_1782025013.mp4,2,/Users/claw/work/douyin-recorder/backend/../recordings/director_outputs/director_output_1782137702.mp4,2026-06-05 03:28:11,False
3514,斜刘海中长卷发（高层次） 自然色/棕色/灰粉色,2,director,2,2,,/Users/claw/work/douyin-recorder/backend/../recordings/director_outputs/director_output_1782025046.mp4,2,/Users/claw/work/douyin-recorder/backend/../recordings/director_outputs/director_output_1782137719.mp4,2026-06-05 03:50:59,False
3516,碧熊小卷卷发 橙色,2,director,2,2,,/Users/claw/work/douyin-recorder/backend/../recordings/director_outputs/director_output_1782025262.mp4,2,/Users/claw/work/douyin-recorder/backend/../recordings/director_outputs/director_output_1782137772.mp4,2026-06-05 05:20:39,False
3518,安娜娃娃卷中长发（7号） 蜜茶亚麻暗棕色,2,director,2,2,,/Users/claw/work/douyin-recorder/backend/../recordings/director_outputs/director_output_1782025472.mp4,2,/Users/claw/work/douyin-recorder/backend/../recordings/director_outputs/director_output_1782092977.mp4,2026-06-05 05:43:44,False
3519,齐刘海直发/中分长发 灰金色,2,director,2,2,,/Users/claw/work/douyin-recorder/backend/../recordings/director_outputs/director_output_1782025465.mp4,2,/Users/claw/work/douyin-recorder/backend/../recordings/director_outputs/director_output_1782138331.mp4,2026-06-05 06:09:17,False
3520,小白梨短发 灰色棕调,2,director,2,2,,/Users/claw/work/douyin-recorder/backend/../recordings/director_outputs/director_output_1782025662.mp4,2,/Users/claw/work/douyin-recorder/backend/../recordings/director_outputs/director_output_1782137927.mp4,2026-06-05 06:39:15,False
3521,直发款 深巧克力色,2,director,2,2,,/Users/claw/work/douyin-recorder/backend/../recordings/director_outputs/director_output_1782025677.mp4,2,/Users/claw/work/douyin-recorder/backend/../recordings/director_outputs/director_output_1782137907.mp4,2026-06-05 06:40:10,False
3522,枫叶焦糖卷发 枫叶焦糖暖棕色,1,director,2,2,,/Users/claw/work/douyin-recorder/backend/../recordings/director_outputs/director_output_1782043958.mp4,2,/Users/claw/work/douyin-recorder/backend/../recordings/director_outputs/director_output_1782137961.mp4,2026-06-05 07:12:05,False
3523,娃娃卷发/微卷发 深棕/浅棕,2,director,2,2,,/Users/claw/work/douyin-recorder/backend/../recordings/director_outputs/director_output_1782044021.mp4,2,/Users/claw/work/douyin-recorder/backend/../recordings/director_outputs/director_output_1782137940.mp4,2026-06-05 07:20:16,False
3525,齐刘海与中分短发 灰粉沙金色,2,director,2,2,,/Users/claw/work/douyin-recorder/backend/../recordings/director_outputs/director_output_1782044127.mp4,2,/Users/claw/work/douyin-recorder/backend/../recordings/director_outputs/director_output_1782138107.mp4,2026-06-05 07:38:47,False
3526,海藻卷中分款 灰粉色,2,director,2,2,,/Users/claw/work/douyin-recorder/backend/../recordings/director_outputs/director_output_1782044186.mp4,2,/Users/claw/work/douyin-recorder/backend/../recordings/director_outputs/director_output_1782138350.mp4,2026-06-05 07:50:05,False
3528,蕾丝前额高颅顶假发 蜂蜜色,2,director,2,2,,/Users/claw/work/douyin-recorder/backend/../recordings/director_outputs/director_output_1782044272.mp4,2,/Users/claw/work/douyin-recorder/backend/../recordings/director_outputs/director_output_1782138375.mp4,2026-06-05 08:12:01,False
3529,堆堆熊梨花烫中长卷发 黑棕,2,director,2,2,,/Users/claw/work/douyin-recorder/backend/../recordings/director_outputs/director_output_1782044400.mp4,2,/Users/claw/work/douyin-recorder/backend/../recordings/director_outputs/director_output_1782187479.mp4,2026-06-05 08:20:10,False
3530,全头套免发网骑车刘海中分长发 黑巧克力色,2,director,2,2,,/Users/claw/work/douyin-recorder/backend/../recordings/director_outputs/director_output_1782044463.mp4,2,/Users/claw/work/douyin-recorder/backend/../recordings/director_outputs/director_output_1782187483.mp4,2026-06-05 08:31:52,False
3531,仿头皮直发长发两用款 自然黑带微红茶色,2,director,2,2,,/Users/claw/work/douyin-recorder/backend/../recordings/director_outputs/director_output_1782044580.mp4,2,/Users/claw/work/douyin-recorder/backend/../recordings/director_outputs/director_output_1782187491.mp4,2026-06-05 08:43:20,False
3532,蜂蜜茶色许愿款长卷发 蜂蜜茶色（冷棕）,2,director,2,2,,/Users/claw/work/douyin-recorder/backend/../recordings/director_outputs/director_output_1782044624.mp4,2,/Users/claw/work/douyin-recorder/backend/../recordings/director_outputs/director_output_1782187907.mp4,2026-06-05 09:05:06,False
3533,无黑点生物头皮假发 冷棕色,1,director,2,2,,/Users/claw/work/douyin-recorder/backend/../recordings/director_outputs/director_output_1782287562.mp4,2,/Users/claw/work/douyin-recorder/backend/../recordings/director_outputs/director_output_1782545140.mp4,2026-06-05 10:17:08,False
3534,生物头皮假发 冷棕色,1,director,2,2,,/Users/claw/work/douyin-recorder/backend/../recordings/director_outputs/director_output_1782060349.mp4,2,/Users/claw/work/douyin-recorder/backend/../recordings/director_outputs/director_output_1782187908.mp4,2026-06-05 10:17:53,False
3535,蛋卷短发（栗子蛋糕同款卷） 橘粉色（菊粉）,1,director,2,2,,/Users/claw/work/douyin-recorder/backend/../recordings/director_outputs/director_output_1782060612.mp4,2,/Users/claw/work/douyin-recorder/backend/../recordings/director_outputs/director_output_1782187931.mp4,2026-06-05 10:52:36,False
3536,生物头皮仿地针半台内网款,1,director,2,2,,/Users/claw/work/douyin-recorder/backend/../recordings/director_outputs/director_output_1782205287.mp4,2,/Users/claw/work/douyin-recorder/backend/../recordings/director_outputs/director_output_1782544981.mp4,2026-06-05 11:05:16,False
3538,生物头皮假发,1,director,2,2,,/Users/claw/work/douyin-recorder/backend/../recordings/director_outputs/director_output_1782060787.mp4,2,/Users/claw/work/douyin-recorder/backend/../recordings/director_outputs/director_output_1782189061.mp4,2026-06-05 11:40:26,False
3539,仿头皮中分直发 黑茶色,1,director,2,2,,/Users/claw/work/douyin-recorder/backend/../recordings/director_outputs/director_output_1782060818.mp4,2,/Users/claw/work/douyin-recorder/backend/../recordings/director_outputs/director_output_1782189061.mp4,2026-06-05 12:02:16,False
3540,芝士款仿地震工艺大头皮假发 日系茶棕色,1,director,2,2,,/Users/claw/work/douyin-recorder/backend/../recordings/director_outputs/director_output_1782060943.mp4,2,/Users/claw/work/douyin-recorder/backend/../recordings/director_outputs/director_output_1782189085.mp4,2026-06-05 12:13:40,False
3541,多回合全头套假发 黑茶色,1,director,2,2,,/Users/claw/work/douyin-recorder/backend/../recordings/director_outputs/director_output_1782060989.mp4,2,/Users/claw/work/douyin-recorder/backend/../recordings/director_outputs/director_output_1782189364.mp4,2026-06-05 12:56:23,False
3542,斜丸子头卷发 栗子壳棕色,1,director,2,2,,/Users/claw/work/douyin-recorder/backend/../recordings/director_outputs/director_output_1782205230.mp4,2,/Users/claw/work/douyin-recorder/backend/../recordings/director_outputs/director_output_1782544919.mp4,2026-06-05 13:08:10,False
3543,补发片、全身套,2,director,2,2,,/Users/claw/work/douyin-recorder/backend/../recordings/director_outputs/director_output_1782234034.mp4,2,/Users/claw/work/douyin-recorder/backend/../recordings/director_outputs/director_output_1782359247.mp4,2026-06-05 13:55:13,False
3544,人生款卷发（氧气粒子卷） 焦糖棕色,1,director,2,2,,/Users/claw/work/douyin-recorder/backend/../recordings/director_outputs/director_output_1782062161.mp4,2,/Users/claw/work/douyin-recorder/backend/../recordings/director_outputs/director_output_1782189379.mp4,2026-06-05 14:18:45,False
3545,赏金猎人中分长卷发 金棕色,1,director,2,2,,/Users/claw/work/douyin-recorder/backend/../recordings/director_outputs/director_output_1782062421.mp4,2,/Users/claw/work/douyin-recorder/backend/../recordings/director_outputs/director_output_1782189359.mp4,2026-06-05 14:32:39,False
3546,微卷长发（许愿款） 蜂蜜茶色,2,director,2,2,,/Users/claw/work/douyin-recorder/backend/../recordings/director_outputs/director_output_1782062460.mp4,2,/Users/claw/work/douyin-recorder/backend/../recordings/director_outputs/director_output_1782189706.mp4,2026-06-05 14:55:06,False
3547,长直发（过胸/过腰款）,2,director,2,2,,/Users/claw/work/douyin-recorder/backend/../recordings/director_outputs/director_output_1782062698.mp4,2,/Users/claw/work/douyin-recorder/backend/../recordings/director_outputs/director_output_1782189704.mp4,2026-06-05 15:07:20,False
3548,赏金恋人（齐刘海长直发） 黑茶色/脏橘色,1,director,2,2,,/Users/claw/work/douyin-recorder/backend/../recordings/director_outputs/director_output_1782204871.mp4,2,/Users/claw/work/douyin-recorder/backend/../recordings/director_outputs/director_output_1782544765.mp4,2026-06-05 15:18:35,False
3549,氧气粒子卷发（含生物头皮款） 自然深棕（介于黑与棕之间的温柔色）,1,director,2,2,,/Users/claw/work/douyin-recorder/backend/../recordings/director_outputs/director_output_1782063304.mp4,2,/Users/claw/work/douyin-recorder/backend/../recordings/director_outputs/director_output_1782189722.mp4,2026-06-05 16:08:14,False
3551,酱果妹妹中分双马尾 深粉/树莓粉,1,director,2,2,,/Users/claw/work/douyin-recorder/backend/../recordings/director_outputs/director_output_1782063322.mp4,2,/Users/claw/work/douyin-recorder/backend/../recordings/director_outputs/director_output_1782190052.mp4,2026-06-05 16:47:54,False
3552,微卷发（红辣椒六号） 红色,2,director,2,2,,/Users/claw/work/douyin-recorder/backend/../recordings/director_outputs/director_output_1782063870.mp4,2,/Users/claw/work/douyin-recorder/backend/../recordings/director_outputs/director_output_1782190067.mp4,2026-06-05 17:36:32,False
3553,有村家纯发型长直发 高温色,1,director,2,2,,/Users/claw/work/douyin-recorder/backend/../recordings/director_outputs/director_output_1782063885.mp4,2,/Users/claw/work/douyin-recorder/backend/../recordings/director_outputs/director_output_1782190067.mp4,2026-06-05 18:08:54,False
3555,起落号卷发 黑棕色,2,director,2,2,,/Users/claw/work/douyin-recorder/backend/../recordings/director_outputs/director_output_1782064313.mp4,2,/Users/claw/work/douyin-recorder/backend/../recordings/director_outputs/director_output_1782190306.mp4,2026-06-05 19:40:28,False
3556,漫画刘海、头顶补发片 摩卡色、黑色,1,director,2,2,,/Users/claw/work/douyin-recorder/backend/../recordings/director_outputs/director_output_1782064321.mp4,2,/Users/claw/work/douyin-recorder/backend/../recordings/director_outputs/director_output_1782190295.mp4,2026-06-05 19:45:49,False
3557,全头套免发网中短发款 黑棕色/灰粉纱金渐变,2,director,2,2,,/Users/claw/work/douyin-recorder/backend/../recordings/director_outputs/director_output_1782064574.mp4,2,/Users/claw/work/douyin-recorder/backend/../recordings/director_outputs/director_output_1782190327.mp4,2026-06-05 19:57:33,False
3559,碎晶晶卷发、赏金猎人 黑色、白金、橘色,1,director,2,2,,/Users/claw/work/douyin-recorder/backend/../recordings/director_outputs/director_output_1782204766.mp4,2,/Users/claw/work/douyin-recorder/backend/../recordings/director_outputs/director_output_1782544837.mp4,2026-06-10 15:01:05,False
3560,公主头/双麻花辫 中粉,1,director,2,2,,/Users/claw/work/douyin-recorder/backend/../recordings/director_outputs/director_output_1782064874.mp4,2,/Users/claw/work/douyin-recorder/backend/../recordings/director_outputs/director_output_1782190328.mp4,2026-06-10 15:01:20,False
3561,羊毛蛋卷头,1,director,2,2,,/Users/claw/work/douyin-recorder/backend/../recordings/director_outputs/director_output_1782064893.mp4,2,/Users/claw/work/douyin-recorder/backend/../recordings/director_outputs/director_output_1782190516.mp4,2026-06-10 15:23:25,False
3562,英区女高 粉调灰色,1,director,2,2,,/Users/claw/work/douyin-recorder/backend/../recordings/director_outputs/director_output_1782065138.mp4,2,/Users/claw/work/douyin-recorder/backend/../recordings/director_outputs/director_output_1782190563.mp4,2026-06-10 15:24:17,False
3563,四卷飞卷,1,director,2,2,,/Users/claw/work/douyin-recorder/backend/../recordings/director_outputs/director_output_1782065148.mp4,2,/Users/claw/work/douyin-recorder/backend/../recordings/director_outputs/director_output_1782190609.mp4,2026-06-10 15:24:37,False
3564,四卷非卷 黑茶,1,director,2,2,,/Users/claw/work/douyin-recorder/backend/../recordings/director_outputs/director_output_1782065450.mp4,2,/Users/claw/work/douyin-recorder/backend/../recordings/director_outputs/director_output_1782190584.mp4,2026-06-10 15:48:20,False
3565,超高层次中长发 烟红棕,1,director,2,2,,/Users/claw/work/douyin-recorder/backend/../recordings/director_outputs/director_output_1782065701.mp4,2,/Users/claw/work/douyin-recorder/backend/../recordings/director_outputs/director_output_1782191457.mp4,2026-06-10 15:49:13,False
3566,公主签,1,director,2,2,,/Users/claw/work/douyin-recorder/backend/../recordings/director_outputs/director_output_1782065745.mp4,2,/Users/claw/work/douyin-recorder/backend/../recordings/director_outputs/director_output_1782190804.mp4,2026-06-10 15:49:29,False
3568,齐六号 浅奶茶色,2,director,2,2,,/Users/claw/work/douyin-recorder/backend/../recordings/director_outputs/director_output_1782066329.mp4,2,/Users/claw/work/douyin-recorder/backend/../recordings/director_outputs/director_output_1782191474.mp4,2026-06-10 16:06:51,False
3569,中分假发,2,director,2,2,,/Users/claw/work/douyin-recorder/backend/../recordings/director_outputs/director_output_1783153375.mp4,2,/Users/claw/work/douyin-recorder/backend/../recordings/director_outputs/director_output_1783155624.mp4,2026-06-10 16:07:58,False
3571,肉桂奶咖 肉桂奶咖,1,director,2,2,,/Users/claw/work/douyin-recorder/backend/../recordings/director_outputs/director_output_1782066315.mp4,2,/Users/claw/work/douyin-recorder/backend/../recordings/director_outputs/director_output_1782544832.mp4,2026-06-10 16:14:25,False
3585,红色氧蛋蛋卷 红色,1,director,2,2,,/Users/claw/work/douyin-recorder/backend/../recordings/director_outputs/director_output_1782066617.mp4,2,/Users/claw/work/douyin-recorder/backend/../recordings/director_outputs/director_output_1782544689.mp4,2026-06-10 16:41:25,False
3589,碎晶晶卷 奶茶色,1,director,2,2,,/Users/claw/work/douyin-recorder/backend/../recordings/director_outputs/director_output_1782066640.mp4,2,/Users/claw/work/douyin-recorder/backend/../recordings/director_outputs/director_output_1782544334.mp4,2026-06-10 16:44:01,False
3590,茶棕知识 茶棕,1,director,2,2,,/Users/claw/work/douyin-recorder/backend/../recordings/director_outputs/director_output_1782066922.mp4,2,/Users/claw/work/douyin-recorder/backend/../recordings/director_outputs/director_output_1782544306.mp4,2026-06-10 16:44:50,False
3591,姜果妹妹 树莓粉,1,director,2,2,,/Users/claw/work/douyin-recorder/backend/../recordings/director_outputs/director_output_1782066932.mp4,2,/Users/claw/work/douyin-recorder/backend/../recordings/director_outputs/director_output_1782544280.mp4,2026-06-10 16:45:46,False
3592,外翻卷 黑茶,1,director,2,2,,/Users/claw/work/douyin-recorder/backend/../recordings/director_outputs/director_output_1782067116.mp4,2,/Users/claw/work/douyin-recorder/backend/../recordings/director_outputs/director_output_1782544332.mp4,2026-06-10 16:45:53,False
3594,餐前红酒 红色,1,director,2,2,,/Users/claw/work/douyin-recorder/backend/../recordings/director_outputs/director_output_1782067125.mp4,2,/Users/claw/work/douyin-recorder/backend/../recordings/director_outputs/director_output_1782543953.mp4,2026-06-10 16:48:12,False
3595,乌梅底酱 黑茶色,1,director,2,2,,/Users/claw/work/douyin-recorder/backend/../recordings/director_outputs/director_output_1782067261.mp4,2,/Users/claw/work/douyin-recorder/backend/../recordings/director_outputs/director_output_1782405168.mp4,2026-06-10 18:04:27,False
3596,蛋卷头/双低马尾 脏橘色,1,director,2,2,,/Users/claw/work/douyin-recorder/backend/../recordings/director_outputs/director_output_1782067273.mp4,2,/Users/claw/work/douyin-recorder/backend/../recordings/director_outputs/director_output_1782543825.mp4,2026-06-10 18:04:56,False
3598,乌梅子酱 乌梅子酱色,1,director,2,2,,/Users/claw/work/douyin-recorder/backend/../recordings/director_outputs/director_output_1782067577.mp4,2,/Users/claw/work/douyin-recorder/backend/../recordings/director_outputs/director_output_1782543833.mp4,2026-06-10 18:07:06,False
3599,漫画刘海短发/波波头 白金色/摩卡色/黑茶色,1,director,2,2,,/Users/claw/work/douyin-recorder/backend/../recordings/director_outputs/director_output_1782067585.mp4,2,/Users/claw/work/douyin-recorder/backend/../recordings/director_outputs/director_output_1782543766.mp4,2026-06-10 18:39:41,False
3600,半熟微卷,2,director,2,2,,/Users/claw/work/douyin-recorder/backend/../recordings/director_outputs/director_output_1782067800.mp4,2,/Users/claw/work/douyin-recorder/backend/../recordings/director_outputs/director_output_1782404381.mp4,2026-06-10 19:23:44,False
3602,养气粒子 栗子壳,1,director,2,2,,/Users/claw/work/douyin-recorder/backend/../recordings/director_outputs/director_output_1782067842.mp4,2,/Users/claw/work/douyin-recorder/backend/../recordings/director_outputs/director_output_1782543722.mp4,2026-06-10 19:25:10,False
3603,中分大卷/氧气粒子卷 焦糖色/黑茶色/巧克力棕,1,director,2,2,,/Users/claw/work/douyin-recorder/backend/../recordings/director_outputs/director_output_1782068133.mp4,2,/Users/claw/work/douyin-recorder/backend/../recordings/director_outputs/director_output_1782543526.mp4,2026-06-10 19:25:40,False
3604,中分款 蜜桃乌龙,2,director,2,2,,/Users/claw/work/douyin-recorder/backend/../recordings/director_outputs/director_output_1782068127.mp4,2,/Users/claw/work/douyin-recorder/backend/../recordings/director_outputs/director_output_1782404231.mp4,2026-06-10 19:26:23,False
3605,伴手恋人 冷棕色,2,director,2,2,,/Users/claw/work/douyin-recorder/backend/../recordings/director_outputs/director_output_1782068304.mp4,2,/Users/claw/work/douyin-recorder/backend/../recordings/director_outputs/director_output_1782543487.mp4,2026-06-10 19:27:15,False
3607,丝滑直发 奶茶色,1,director,2,2,,/Users/claw/work/douyin-recorder/backend/../recordings/director_outputs/director_output_1782068290.mp4,2,/Users/claw/work/douyin-recorder/backend/../recordings/director_outputs/director_output_1782543402.mp4,2026-06-10 19:28:55,False
3608,富江/天蝎/夺回人生 树莓红,1,director,2,2,,/Users/claw/work/douyin-recorder/backend/../recordings/director_outputs/director_output_1782068547.mp4,2,/Users/claw/work/douyin-recorder/backend/../recordings/director_outputs/director_output_1782543388.mp4,2026-06-10 19:29:33,False
3610,微卷假发 蜂蜜茶色,2,director,2,2,,/Users/claw/work/douyin-recorder/backend/../recordings/director_outputs/director_output_1782068541.mp4,2,/Users/claw/work/douyin-recorder/backend/../recordings/director_outputs/director_output_1782403683.mp4,2026-06-10 19:30:29,False
3611,中分/周分/领间 蜂蜜棕色,2,director,2,2,,/Users/claw/work/douyin-recorder/backend/../recordings/director_outputs/director_output_1782068714.mp4,2,/Users/claw/work/douyin-recorder/backend/../recordings/director_outputs/director_output_1782543279.mp4,2026-06-10 19:32:16,False
3612,微卷中分假发 棕色,2,director,2,2,,/Users/claw/work/douyin-recorder/backend/../recordings/director_outputs/director_output_1782068735.mp4,2,/Users/claw/work/douyin-recorder/backend/../recordings/director_outputs/director_output_1782438879.mp4,2026-06-10 19:32:54,False
3614,加州亚裔感假发 头顶棕色发尾渐变白金色,1,director,2,2,,/Users/claw/work/douyin-recorder/backend/../recordings/director_outputs/director_output_1782068857.mp4,2,/Users/claw/work/douyin-recorder/backend/../recordings/director_outputs/director_output_1782543181.mp4,2026-06-10 19:34:13,False
3618,芝士黑茶色/茶棕色 黑茶色/茶棕色,1,director,2,2,,/Users/claw/work/douyin-recorder/backend/../recordings/director_outputs/director_output_1782068899.mp4,2,/Users/claw/work/douyin-recorder/backend/../recordings/director_outputs/director_output_1782543066.mp4,2026-06-10 19:58:08,False
3619,全股高颅顶卷发 蜜桃乌龙色,2,director,2,2,,/Users/claw/work/douyin-recorder/backend/../recordings/director_outputs/director_output_1782069034.mp4,2,/Users/claw/work/douyin-recorder/backend/../recordings/director_outputs/director_output_1782356395.mp4,2026-06-10 20:02:44,False
3620,高层次梨花烫 琥珀黑棕,2,director,2,2,,/Users/claw/work/douyin-recorder/backend/../recordings/director_outputs/director_output_1782069076.mp4,2,/Users/claw/work/douyin-recorder/backend/../recordings/director_outputs/director_output_1782356414.mp4,2026-06-10 20:03:40,False
3621,娃娃卷/公主头 黑巧克力色/蜜茶亚麻色,2,director,2,2,,/Users/claw/work/douyin-recorder/backend/../recordings/director_outputs/director_output_1782069238.mp4,2,/Users/claw/work/douyin-recorder/backend/../recordings/director_outputs/director_output_1782356104.mp4,2026-06-10 20:06:32,False
3622,高扎丸子头/盘发编发通用款 粉纱金,2,director,2,2,,/Users/claw/work/douyin-recorder/backend/../recordings/director_outputs/director_output_1782069278.mp4,2,/Users/claw/work/douyin-recorder/backend/../recordings/director_outputs/director_output_1782356083.mp4,2026-06-10 20:07:02,False
3623,小拉美卷/打击壶中分 豆沙粉棕/米灰金,2,director,2,2,,/Users/claw/work/douyin-recorder/backend/../recordings/director_outputs/director_output_1782069630.mp4,2,/Users/claw/work/douyin-recorder/backend/../recordings/director_outputs/director_output_1782402707.mp4,2026-06-10 20:09:08,False
3624,古早梨花烫 树莓红,2,director,2,2,,/Users/claw/work/douyin-recorder/backend/../recordings/director_outputs/director_output_1782069671.mp4,2,/Users/claw/work/douyin-recorder/backend/../recordings/director_outputs/director_output_1782355923.mp4,2026-06-10 20:10:26,False
3626,许言同款/公主头 灰金色,2,director,2,2,,/Users/claw/work/douyin-recorder/backend/../recordings/director_outputs/director_output_1782069930.mp4,2,/Users/claw/work/douyin-recorder/backend/../recordings/director_outputs/director_output_1782543014.mp4,2026-06-10 20:11:50,False
3629,中长发 黑棕色,2,director,2,2,,/Users/claw/work/douyin-recorder/backend/../recordings/director_outputs/director_output_1782069949.mp4,2,/Users/claw/work/douyin-recorder/backend/../recordings/director_outputs/director_output_1782542943.mp4,2026-06-10 20:16:22,False
3630,公主头/一刀切长发 蜜茶亚麻色/焦糖亚麻色,2,director,2,2,,/Users/claw/work/douyin-recorder/backend/../recordings/director_outputs/director_output_1782070265.mp4,2,/Users/claw/work/douyin-recorder/backend/../recordings/director_outputs/director_output_1782438271.mp4,2026-06-10 20:17:01,False
3631,周分假发 蜜棕色,2,director,2,2,,/Users/claw/work/douyin-recorder/backend/../recordings/director_outputs/director_output_1782070227.mp4,2,/Users/claw/work/douyin-recorder/backend/../recordings/director_outputs/director_output_1782355551.mp4,2026-06-10 20:17:43,False
3632,水母头/梨花套 黑棕色,2,director,2,2,,/Users/claw/work/douyin-recorder/backend/../recordings/director_outputs/director_output_1782070398.mp4,2,/Users/claw/work/douyin-recorder/backend/../recordings/director_outputs/director_output_1782438178.mp4,2026-06-10 20:18:17,False
3634,中分款 灰金色,2,director,2,2,,/Users/claw/work/douyin-recorder/backend/../recordings/director_outputs/director_output_1782070458.mp4,2,/Users/claw/work/douyin-recorder/backend/../recordings/director_outputs/director_output_1782402294.mp4,2026-06-10 20:19:34,False
3635,中分醒发假发 黑茶色,1,director,2,2,,/Users/claw/work/douyin-recorder/backend/../recordings/director_outputs/director_output_1782070583.mp4,2,/Users/claw/work/douyin-recorder/backend/../recordings/director_outputs/director_output_1782543006.mp4,2026-06-10 20:20:19,False
3636,冷棕长卷发 冷棕色,2,director,2,2,,/Users/claw/work/douyin-recorder/backend/../recordings/director_outputs/director_output_1782070861.mp4,2,/Users/claw/work/douyin-recorder/backend/../recordings/director_outputs/director_output_1782355046.mp4,2026-06-10 20:21:03,False
3637,灰金珍珠高层次直发 灰金珍珠色,1,director,2,2,,/Users/claw/work/douyin-recorder/backend/../recordings/director_outputs/director_output_1782070841.mp4,2,/Users/claw/work/douyin-recorder/backend/../recordings/director_outputs/director_output_1782542788.mp4,2026-06-10 20:22:35,False
3640,氧气粒子直 棕色/黑茶色,1,director,2,2,,/Users/claw/work/douyin-recorder/backend/../recordings/director_outputs/director_output_1782071131.mp4,2,/Users/claw/work/douyin-recorder/backend/../recordings/director_outputs/director_output_1782542632.mp4,2026-06-10 20:25:15,False
3641,氧气粒子直 奶茶米辉,1,director,2,2,,/Users/claw/work/douyin-recorder/backend/../recordings/director_outputs/director_output_1782071123.mp4,2,/Users/claw/work/douyin-recorder/backend/../recordings/director_outputs/director_output_1782542556.mp4,2026-06-10 20:26:14,False
3642,混血BB纸旋卷 混血BB色,1,director,2,2,,/Users/claw/work/douyin-recorder/backend/../recordings/director_outputs/director_output_1782202866.mp4,2,/Users/claw/work/douyin-recorder/backend/../recordings/director_outputs/director_output_1782542501.mp4,2026-06-10 20:27:48,False
3643,日系茶棕知世 茶棕色,1,director,2,2,,/Users/claw/work/douyin-recorder/backend/../recordings/director_outputs/director_output_1782071731.mp4,2,/Users/claw/work/douyin-recorder/backend/../recordings/director_outputs/director_output_1782542553.mp4,2026-06-10 20:29:39,False
3644,养气力直发 自然黑,1,director,2,2,,/Users/claw/work/douyin-recorder/backend/../recordings/director_outputs/director_output_1782072036.mp4,2,/Users/claw/work/douyin-recorder/backend/../recordings/director_outputs/director_output_1782542460.mp4,2026-06-10 20:31:25,False
3645,江果妹妹中分 金棕,1,director,2,2,,/Users/claw/work/douyin-recorder/backend/../recordings/director_outputs/director_output_1782232027.mp4,2,/Users/claw/work/douyin-recorder/backend/../recordings/director_outputs/director_output_1782542020.mp4,2026-06-10 20:32:07,False
3646,夺回属于你的一切 黑茶色,1,director,2,2,,/Users/claw/work/douyin-recorder/backend/../recordings/director_outputs/director_output_1782072401.mp4,2,/Users/claw/work/douyin-recorder/backend/../recordings/director_outputs/director_output_1782542082.mp4,2026-06-10 20:34:14,False
3647,辣妹掌门人 黑茶色,1,director,2,2,,/Users/claw/work/douyin-recorder/backend/../recordings/director_outputs/director_output_1782202693.mp4,2,/Users/claw/work/douyin-recorder/backend/../recordings/director_outputs/director_output_1782542042.mp4,2026-06-10 20:35:08,False
3648,人生用发 亚麻棕,1,director,2,2,,/Users/claw/work/douyin-recorder/backend/../recordings/director_outputs/director_output_1782072680.mp4,2,/Users/claw/work/douyin-recorder/backend/../recordings/director_outputs/director_output_1782542073.mp4,2026-06-10 20:36:43,False
3649,中分直发/公主头造型 灰茶色/黑茶色,1,director,2,2,,/Users/claw/work/douyin-recorder/backend/../recordings/director_outputs/director_output_1782072959.mp4,2,/Users/claw/work/douyin-recorder/backend/../recordings/director_outputs/director_output_1782541718.mp4,2026-06-10 20:39:21,False
3650,免发网假发 金色,2,director,2,2,,/Users/claw/work/douyin-recorder/backend/../recordings/director_outputs/director_output_1782072951.mp4,2,/Users/claw/work/douyin-recorder/backend/../recordings/director_outputs/director_output_1782353697.mp4,2026-06-10 20:40:45,False
3651,日系气质风中长发 深茶色,1,director,2,2,,/Users/claw/work/douyin-recorder/backend/../recordings/director_outputs/director_output_1782073561.mp4,2,/Users/claw/work/douyin-recorder/backend/../recordings/director_outputs/director_output_1782541640.mp4,2026-06-10 20:42:34,False
3652,公主头/直发 黑巧克力,2,director,2,2,,/Users/claw/work/douyin-recorder/backend/../recordings/director_outputs/director_output_1782073526.mp4,2,/Users/claw/work/douyin-recorder/backend/../recordings/director_outputs/director_output_1782541594.mp4,2026-06-10 20:43:57,False
3653,双马尾/内扣短发 深茶棕,1,director,2,2,,/Users/claw/work/douyin-recorder/backend/../recordings/director_outputs/director_output_1782073864.mp4,2,/Users/claw/work/douyin-recorder/backend/../recordings/director_outputs/director_output_1782541567.mp4,2026-06-10 20:45:24,False
3654,头顶补发片、色骨杀灰子 摩卡色,1,director,2,2,,/Users/claw/work/douyin-recorder/backend/../recordings/director_outputs/director_output_1782073850.mp4,2,/Users/claw/work/douyin-recorder/backend/../recordings/director_outputs/director_output_1782541537.mp4,2026-06-10 20:47:36,False
3655,中长发内扣卷发 茶棕色,1,director,2,2,,/Users/claw/work/douyin-recorder/backend/../recordings/director_outputs/director_output_1782074145.mp4,2,/Users/claw/work/douyin-recorder/backend/../recordings/director_outputs/director_output_1782541476.mp4,2026-06-10 20:48:26,False
3656,赏金中分 茶棕,1,director,2,2,,/Users/claw/work/douyin-recorder/backend/../recordings/director_outputs/director_output_1782074200.mp4,2,/Users/claw/work/douyin-recorder/backend/../recordings/director_outputs/director_output_1782541321.mp4,2026-06-10 20:49:16,False
3658,微卷/直发款 奶茶灰棕/黑巧克力,2,director,2,2,,/Users/claw/work/douyin-recorder/backend/../recordings/director_outputs/director_output_1782074435.mp4,2,/Users/claw/work/douyin-recorder/backend/../recordings/director_outputs/director_output_1782399862.mp4,2026-06-10 20:52:04,False
3662,中分海藻卷/公主头 灰粉色/米金色,2,director,2,2,,/Users/claw/work/douyin-recorder/backend/../recordings/director_outputs/director_output_1782074459.mp4,2,/Users/claw/work/douyin-recorder/backend/../recordings/director_outputs/director_output_1782399763.mp4,2026-06-10 20:54:42,False
3665,才发千金 棕色,1,director,2,2,,/Users/claw/work/douyin-recorder/backend/../recordings/director_outputs/director_output_1782074758.mp4,2,/Users/claw/work/douyin-recorder/backend/../recordings/director_outputs/director_output_1782541115.mp4,2026-06-10 20:57:03,False
3666,高层次精修微卷中分假发 蜜棕色,2,director,2,2,,/Users/claw/work/douyin-recorder/backend/../recordings/director_outputs/director_output_1782074788.mp4,2,/Users/claw/work/douyin-recorder/backend/../recordings/director_outputs/director_output_1782352425.mp4,2026-06-10 20:57:35,False
3669,蛋蛋卷 蜜茶亚麻色,2,director,2,2,,/Users/claw/work/douyin-recorder/backend/../recordings/director_outputs/director_output_1782074934.mp4,2,/Users/claw/work/douyin-recorder/backend/../recordings/director_outputs/director_output_1782399525.mp4,2026-06-10 21:00:13,False
3671,双马尾/丸子头/中长发 铜色/自然色,2,director,2,2,,/Users/claw/work/douyin-recorder/backend/../recordings/director_outputs/director_output_1782074994.mp4,2,/Users/claw/work/douyin-recorder/backend/../recordings/director_outputs/director_output_1782399225.mp4,2026-06-10 21:01:44,False
3672,中分款/梨花发尾烫/堆堆熊 焦糖亚麻棕/琥珀黑棕色,2,director,2,2,,/Users/claw/work/douyin-recorder/backend/../recordings/director_outputs/director_output_1782075101.mp4,2,/Users/claw/work/douyin-recorder/backend/../recordings/director_outputs/director_output_1782352261.mp4,2026-06-10 21:02:20,False
3674,微卷层次短发 灰棕渐变/冷灰棕,2,director,2,2,,/Users/claw/work/douyin-recorder/backend/../recordings/director_outputs/director_output_1782075207.mp4,2,/Users/claw/work/douyin-recorder/backend/../recordings/director_outputs/director_output_1782351969.mp4,2026-06-10 21:05:12,False
3676,公主头领巾 黑巧克力色,2,director,2,2,,/Users/claw/work/douyin-recorder/backend/../recordings/director_outputs/director_output_1782075284.mp4,2,/Users/claw/work/douyin-recorder/backend/../recordings/director_outputs/director_output_1782436158.mp4,2026-06-10 21:07:09,False
3677,复合微卷发 冷棕色,2,director,2,2,,/Users/claw/work/douyin-recorder/backend/../recordings/director_outputs/director_output_1782075408.mp4,2,/Users/claw/work/douyin-recorder/backend/../recordings/director_outputs/director_output_1782436111.mp4,2026-06-10 21:07:44,False
3678,许言款微卷发 蜂蜜茶棕色,2,director,2,2,,/Users/claw/work/douyin-recorder/backend/../recordings/director_outputs/director_output_1782075462.mp4,2,/Users/claw/work/douyin-recorder/backend/../recordings/director_outputs/director_output_1782351818.mp4,2026-06-10 21:08:23,False
3679,领接顶美 黑巧克力,2,director,2,2,,/Users/claw/work/douyin-recorder/backend/../recordings/director_outputs/director_output_1782075996.mp4,2,/Users/claw/work/douyin-recorder/backend/../recordings/director_outputs/director_output_1782351514.mp4,2026-06-10 21:09:05,False
3680,微卷发 蜂蜜茶色,2,director,2,2,,/Users/claw/work/douyin-recorder/backend/../recordings/director_outputs/director_output_1783223321.mp4,2,/Users/claw/work/douyin-recorder/backend/../recordings/director_outputs/director_output_1783450280.mp4,2026-06-10 21:10:28,False
3682,海藻卷/海淡卷 灰粉色/蜜桃乌龙,2,director,2,2,,/Users/claw/work/douyin-recorder/backend/../recordings/director_outputs/director_output_1782075979.mp4,2,/Users/claw/work/douyin-recorder/backend/../recordings/director_outputs/director_output_1782186959.mp4,2026-06-10 21:11:38,False
3683,红辣椒 红色,2,director,2,2,,/Users/claw/work/douyin-recorder/backend/../recordings/director_outputs/director_output_1782076228.mp4,2,/Users/claw/work/douyin-recorder/backend/../recordings/director_outputs/director_output_1782186918.mp4,2026-06-10 21:12:27,False
3684,中短发 黑棕色,2,director,2,2,,/Users/claw/work/douyin-recorder/backend/../recordings/director_outputs/director_output_1782076262.mp4,2,/Users/claw/work/douyin-recorder/backend/../recordings/director_outputs/director_output_1782436029.mp4,2026-06-10 21:13:50,False
3685,中分/齐刘海卷发 蜜茶棕色,2,director,2,2,,/Users/claw/work/douyin-recorder/backend/../recordings/director_outputs/director_output_1782076399.mp4,2,/Users/claw/work/douyin-recorder/backend/../recordings/director_outputs/director_output_1782186959.mp4,2026-06-10 21:14:24,False
3686,微卷 豆沙粉棕,2,director,2,2,,/Users/claw/work/douyin-recorder/backend/../recordings/director_outputs/director_output_1782076466.mp4,2,/Users/claw/work/douyin-recorder/backend/../recordings/director_outputs/director_output_1782541058.mp4,2026-06-10 21:15:07,False
3687,半扎发/免发网全头套 浅奶茶灰,2,director,2,2,,/Users/claw/work/douyin-recorder/backend/../recordings/director_outputs/director_output_1782076552.mp4,2,/Users/claw/work/douyin-recorder/backend/../recordings/director_outputs/director_output_1782398622.mp4,2026-06-10 21:16:27,False
3688,双马尾/公主发/中分款 灰金色,2,director,2,2,,/Users/claw/work/douyin-recorder/backend/../recordings/director_outputs/director_output_1782076816.mp4,2,/Users/claw/work/douyin-recorder/backend/../recordings/director_outputs/director_output_1782282141.mp4,2026-06-10 21:17:03,False
3689,灰金色微卷假发 灰金色,2,director,2,2,,/Users/claw/work/douyin-recorder/backend/../recordings/director_outputs/director_output_1782076834.mp4,2,/Users/claw/work/douyin-recorder/backend/../recordings/director_outputs/director_output_1782282078.mp4,2026-06-10 21:17:45,False
3690,直发/卷发全头套 巧克力色/蜜茶亚麻色,2,director,2,2,,/Users/claw/work/douyin-recorder/backend/../recordings/director_outputs/director_output_1782077105.mp4,2,/Users/claw/work/douyin-recorder/backend/../recordings/director_outputs/director_output_1782435720.mp4,2026-06-10 21:18:24,False
3691,冷棕色卷发 冷棕色,2,director,2,2,,/Users/claw/work/douyin-recorder/backend/../recordings/director_outputs/director_output_1782077127.mp4,2,/Users/claw/work/douyin-recorder/backend/../recordings/director_outputs/director_output_1782398495.mp4,2026-06-10 21:19:07,False
3692,中短发/长发免发网款 蜂蜜茶色,2,director,2,2,,/Users/claw/work/douyin-recorder/backend/../recordings/director_outputs/director_output_1782077498.mp4,2,/Users/claw/work/douyin-recorder/backend/../recordings/director_outputs/director_output_1782435667.mp4,2026-06-10 21:20:39,False
3693,高层次水母头 琥珀黑棕,2,director,2,2,,/Users/claw/work/douyin-recorder/backend/../recordings/director_outputs/director_output_1782077530.mp4,2,/Users/claw/work/douyin-recorder/backend/../recordings/director_outputs/director_output_1782541055.mp4,2026-06-10 21:21:18,False
3696,低丸子头 黑茶色,1,director,2,2,,/Users/claw/work/douyin-recorder/backend/../recordings/director_outputs/director_output_1782077990.mp4,2,/Users/claw/work/douyin-recorder/backend/../recordings/director_outputs/director_output_1782540981.mp4,2026-06-10 21:23:18,False
3699,韩女风微卷层次发 豆沙粉棕,2,director,2,2,,/Users/claw/work/douyin-recorder/backend/../recordings/director_outputs/director_output_1782077968.mp4,2,/Users/claw/work/douyin-recorder/backend/../recordings/director_outputs/director_output_1782398077.mp4,2026-06-10 21:27:33,False
3700,高层次水母头梨花烫 冷黑棕色,2,director,2,2,,/Users/claw/work/douyin-recorder/backend/../recordings/director_outputs/director_output_1782078154.mp4,2,/Users/claw/work/douyin-recorder/backend/../recordings/director_outputs/director_output_1782281292.mp4,2026-06-10 21:27:58,False
3702,库尔胡微卷发 浅奶茶灰棕色,2,director,2,2,,/Users/claw/work/douyin-recorder/backend/../recordings/director_outputs/director_output_1782078200.mp4,2,/Users/claw/work/douyin-recorder/backend/../recordings/director_outputs/director_output_1782350555.mp4,2026-06-10 21:30:06,False
3704,免发网短发 焦糖暖棕色,2,director,2,2,,/Users/claw/work/douyin-recorder/backend/../recordings/director_outputs/director_output_1782078341.mp4,2,/Users/claw/work/douyin-recorder/backend/../recordings/director_outputs/director_output_1782350479.mp4,2026-06-10 21:32:21,False
3705,免洗发新款/中长款偏长 冷棕色/嫩棕色,2,director,2,2,,/Users/claw/work/douyin-recorder/backend/../recordings/director_outputs/director_output_1782078380.mp4,2,/Users/claw/work/douyin-recorder/backend/../recordings/director_outputs/director_output_1782397765.mp4,2026-06-10 21:32:44,False
3707,未分类,7,director,2,2,,/Users/claw/work/douyin-recorder/backend/../recordings/director_outputs/director_output_1782078542.mp4,2,/Users/claw/work/douyin-recorder/backend/../recordings/director_outputs/director_output_1782280825.mp4,2026-06-10 21:33:59,False
3708,氧气粒子直发、有存价存（美式刘海高层次短发) 黑茶色、棕色,1,director,2,2,,/Users/claw/work/douyin-recorder/backend/../recordings/director_outputs/director_output_1782078571.mp4,2,/Users/claw/work/douyin-recorder/backend/../recordings/director_outputs/director_output_1782540795.mp4,2026-06-11 14:27:42,False
3709,中分刘海/齐刘海卷发 黑茶色/蜜桃乌龙色,2,director,2,2,,/Users/claw/work/douyin-recorder/backend/../recordings/director_outputs/director_output_1782079210.mp4,2,/Users/claw/work/douyin-recorder/backend/../recordings/director_outputs/director_output_1782350050.mp4,2026-06-11 14:28:28,False
3712,微卷中分/齐刘海假发 自然黑,2,director,2,2,,/Users/claw/work/douyin-recorder/backend/../recordings/director_outputs/director_output_1782078986.mp4,2,/Users/claw/work/douyin-recorder/backend/../recordings/director_outputs/director_output_1782280593.mp4,2026-06-11 15:45:34,False
3713,小卷假发 灰紫色,2,director,2,2,,/Users/claw/work/douyin-recorder/backend/../recordings/director_outputs/director_output_1782079243.mp4,2,/Users/claw/work/douyin-recorder/backend/../recordings/director_outputs/director_output_1782540655.mp4,2026-06-11 15:46:24,False
3714,双马尾/公主头造型 粉棕色/肉桂奶咖,1,director,2,2,,/Users/claw/work/douyin-recorder/backend/../recordings/director_outputs/director_output_1782079815.mp4,2,/Users/claw/work/douyin-recorder/backend/../recordings/director_outputs/director_output_1782540727.mp4,2026-06-11 15:47:06,False
3718,微卷短发 冷棕色,2,director,2,2,,/Users/claw/work/douyin-recorder/backend/../recordings/director_outputs/director_output_1782079803.mp4,2,/Users/claw/work/douyin-recorder/backend/../recordings/director_outputs/director_output_1782280100.mp4,2026-06-11 22:09:41,False
3719,精修大头皮直发 黑巧克力色,2,director,2,2,,/Users/claw/work/douyin-recorder/backend/../recordings/director_outputs/director_output_1782080154.mp4,2,/Users/claw/work/douyin-recorder/backend/../recordings/director_outputs/director_output_1782397281.mp4,2026-06-11 22:10:02,False
3720,免打理面发网款 冷棕色,2,director,2,2,,/Users/claw/work/douyin-recorder/backend/../recordings/director_outputs/director_output_1782080196.mp4,2,/Users/claw/work/douyin-recorder/backend/../recordings/director_outputs/director_output_1782279535.mp4,2026-06-11 22:10:46,False
3721,西柚粉金直发 西柚粉金,2,director,2,2,,/Users/claw/work/douyin-recorder/backend/../recordings/director_outputs/director_output_1782202580.mp4,2,/Users/claw/work/douyin-recorder/backend/../recordings/director_outputs/director_output_1782204929.mp4,2026-06-11 22:11:16,False
3723,中短发外卷假发 冷棕色,2,director,2,2,,/Users/claw/work/douyin-recorder/backend/../recordings/director_outputs/director_output_1782080533.mp4,2,/Users/claw/work/douyin-recorder/backend/../recordings/director_outputs/director_output_1782279493.mp4,2026-06-11 22:12:22,False
3724,公主头/大波浪卷发 自然黑/黑茶色,2,director,2,2,,/Users/claw/work/douyin-recorder/backend/../recordings/director_outputs/director_output_1782080723.mp4,2,/Users/claw/work/douyin-recorder/backend/../recordings/director_outputs/director_output_1782540488.mp4,2026-06-11 22:13:01,False
3725,黑茶色,2,director,2,2,,/Users/claw/work/douyin-recorder/backend/../recordings/director_outputs/director_output_1782080754.mp4,2,/Users/claw/work/douyin-recorder/backend/../recordings/director_outputs/director_output_1782397049.mp4,2026-06-11 22:13:25,False
3726,法式空气刘海长发 null,1,director,2,2,,/Users/claw/work/douyin-recorder/backend/../recordings/director_outputs/director_output_1782080915.mp4,2,/Users/claw/work/douyin-recorder/backend/../recordings/director_outputs/director_output_1782540363.mp4,2026-06-11 22:14:38,False
3727,查宗知识 粉色,1,director,2,2,,/Users/claw/work/douyin-recorder/backend/../recordings/director_outputs/director_output_1782080934.mp4,2,/Users/claw/work/douyin-recorder/backend/../recordings/director_outputs/director_output_1782540394.mp4,2026-06-11 22:15:11,False
3728,黑茶色中短发 黑茶,1,director,2,2,,/Users/claw/work/douyin-recorder/backend/../recordings/director_outputs/director_output_1782081132.mp4,2,/Users/claw/work/douyin-recorder/backend/../recordings/director_outputs/director_output_1782278431.mp4,2026-06-11 22:15:44,False
3731,亚梦 粉色,1,director,2,2,,/Users/claw/work/douyin-recorder/backend/../recordings/director_outputs/director_output_1782081143.mp4,2,/Users/claw/work/douyin-recorder/backend/../recordings/director_outputs/director_output_1782540668.mp4,2026-06-11 22:17:30,False
3732,夺回人生 人生色,1,director,2,2,,/Users/claw/work/douyin-recorder/backend/../recordings/director_outputs/director_output_1782081319.mp4,2,/Users/claw/work/douyin-recorder/backend/../recordings/director_outputs/director_output_1782540252.mp4,2026-06-11 22:18:07,False
3733,高丸子头/半头套 黑茶色,1,director,2,2,,/Users/claw/work/douyin-recorder/backend/../recordings/director_outputs/director_output_1782232016.mp4,2,/Users/claw/work/douyin-recorder/backend/../recordings/director_outputs/director_output_1782540084.mp4,2026-06-11 22:18:37,False
3734,赏金恋人 赏金,1,director,2,2,,/Users/claw/work/douyin-recorder/backend/../recordings/director_outputs/director_output_1782081504.mp4,2,/Users/claw/work/douyin-recorder/backend/../recordings/director_outputs/director_output_1782434421.mp4,2026-06-11 22:19:21,False
3735,赏金猎人中分款、天蝎座黑长直 芝士棕色、黑色,1,director,2,2,,/Users/claw/work/douyin-recorder/backend/../recordings/director_outputs/director_output_1782081483.mp4,2,/Users/claw/work/douyin-recorder/backend/../recordings/director_outputs/director_output_1782540050.mp4,2026-06-11 22:20:03,False
3736,天蝎座刘海假发 黑色,1,director,2,2,,/Users/claw/work/douyin-recorder/backend/../recordings/director_outputs/director_output_1782081688.mp4,2,/Users/claw/work/douyin-recorder/backend/../recordings/director_outputs/director_output_1782539884.mp4,2026-06-11 22:20:26,False
3737,新中式直发/水晶卷 奶茶色灰调,1,director,2,2,,/Users/claw/work/douyin-recorder/backend/../recordings/director_outputs/director_output_1782081684.mp4,2,/Users/claw/work/douyin-recorder/backend/../recordings/director_outputs/director_output_1782539982.mp4,2026-06-11 22:21:10,False
3738,碎钉金卷发/直发 奶茶色,1,director,2,2,,/Users/claw/work/douyin-recorder/backend/../recordings/director_outputs/director_output_1782081884.mp4,2,/Users/claw/work/douyin-recorder/backend/../recordings/director_outputs/director_output_1782539938.mp4,2026-06-11 22:21:54,False
3739,雨骑美渡山 烟红棕,1,director,2,2,,/Users/claw/work/douyin-recorder/backend/../recordings/director_outputs/director_output_1782081870.mp4,2,/Users/claw/work/douyin-recorder/backend/../recordings/director_outputs/director_output_1782539660.mp4,2026-06-11 22:22:18,False
3740,直发/卷发两用款 黑巧克力色/自然黑,2,director,2,2,,/Users/claw/work/douyin-recorder/backend/../recordings/director_outputs/director_output_1782082052.mp4,2,/Users/claw/work/douyin-recorder/backend/../recordings/director_outputs/director_output_1782277463.mp4,2026-06-11 22:22:57,False
3741,中分款 灰粉沙金渐变色,2,director,2,2,,/Users/claw/work/douyin-recorder/backend/../recordings/director_outputs/director_output_1782082094.mp4,2,/Users/claw/work/douyin-recorder/backend/../recordings/director_outputs/director_output_1782277341.mp4,2026-06-11 22:24:04,False
3742,中分/偏分直发 蜜茶棕色,2,director,2,2,,/Users/claw/work/douyin-recorder/backend/../recordings/director_outputs/director_output_1782082236.mp4,2,/Users/claw/work/douyin-recorder/backend/../recordings/director_outputs/director_output_1782395575.mp4,2026-06-11 22:24:38,False
3743,阴区女高 白色,1,director,2,2,,/Users/claw/work/douyin-recorder/backend/../recordings/director_outputs/director_output_1782082321.mp4,2,/Users/claw/work/douyin-recorder/backend/../recordings/director_outputs/director_output_1782539605.mp4,2026-06-11 22:25:25,False
3744,半扎鸡毛头/鱿鱼须丸子头 紫粉色,1,director,2,2,,/Users/claw/work/douyin-recorder/backend/../recordings/director_outputs/director_output_1782082463.mp4,2,/Users/claw/work/douyin-recorder/backend/../recordings/director_outputs/director_output_1782539541.mp4,2026-06-11 22:26:03,False
3746,公主头发型/中分/洗头号 黑巧克力色/蜂蜜茶色/蜜棕色,2,director,2,2,,/Users/claw/work/douyin-recorder/backend/../recordings/director_outputs/director_output_1782082520.mp4,2,/Users/claw/work/douyin-recorder/backend/../recordings/director_outputs/director_output_1782348008.mp4,2026-06-11 22:27:53,False
3747,高层次碎发直发 自然黑,2,director,2,2,,/Users/claw/work/douyin-recorder/backend/../recordings/director_outputs/director_output_1782082667.mp4,2,/Users/claw/work/douyin-recorder/backend/../recordings/director_outputs/director_output_1782395324.mp4,2026-06-11 22:28:35,False
3748,海藻卷/直发公主头 黑巧克力色,2,director,2,2,,/Users/claw/work/douyin-recorder/backend/../recordings/director_outputs/director_output_1782082708.mp4,2,/Users/claw/work/douyin-recorder/backend/../recordings/director_outputs/director_output_1782395191.mp4,2026-06-11 22:29:02,False
3749,有存家属 栗子棕,1,director,2,2,,/Users/claw/work/douyin-recorder/backend/../recordings/director_outputs/director_output_1782082863.mp4,2,/Users/claw/work/douyin-recorder/backend/../recordings/director_outputs/director_output_1782539506.mp4,2026-06-11 22:29:41,False
3750,肉桂奶咖微卷假发 肉桂奶咖,1,director,2,2,,/Users/claw/work/douyin-recorder/backend/../recordings/director_outputs/director_output_1782082910.mp4,2,/Users/claw/work/douyin-recorder/backend/../recordings/director_outputs/director_output_1782538260.mp4,2026-06-11 22:30:13,False
3753,中分肉桂奶咖/白金茉莉 肉桂奶咖、白金茉莉,1,director,2,2,,/Users/claw/work/douyin-recorder/backend/../recordings/director_outputs/director_output_1782083069.mp4,2,/Users/claw/work/douyin-recorder/backend/../recordings/director_outputs/director_output_1782539501.mp4,2026-06-11 22:33:17,False
3755,羊毛卷/齐头号 黑茶色/灰紫色,2,director,2,2,,/Users/claw/work/douyin-recorder/backend/../recordings/director_outputs/director_output_1782083119.mp4,2,/Users/claw/work/douyin-recorder/backend/../recordings/director_outputs/director_output_1782538265.mp4,2026-06-11 22:35:25,False
3756,微卷/88卷长卷发 灰紫色,2,director,2,2,,/Users/claw/work/douyin-recorder/backend/../recordings/director_outputs/director_output_1782086634.mp4,2,/Users/claw/work/douyin-recorder/backend/../recordings/director_outputs/director_output_1782347145.mp4,2026-06-11 22:35:54,False
3758,波浪卷/羊毛卷/波波头 冷棕色/灰金色,2,director,2,2,,/Users/claw/work/douyin-recorder/backend/../recordings/director_outputs/director_output_1782086735.mp4,2,/Users/claw/work/douyin-recorder/backend/../recordings/director_outputs/director_output_1782347079.mp4,2026-06-11 22:37:05,False
3759,灰金色,2,director,2,2,,/Users/claw/work/douyin-recorder/backend/../recordings/director_outputs/director_output_1782086872.mp4,2,/Users/claw/work/douyin-recorder/backend/../recordings/director_outputs/director_output_1782533715.mp4,2026-06-11 22:37:29,False
3760,四卷飞卷 黑茶色,1,director,2,2,,/Users/claw/work/douyin-recorder/backend/../recordings/director_outputs/director_output_1782086955.mp4,2,/Users/claw/work/douyin-recorder/backend/../recordings/director_outputs/director_output_1782533742.mp4,2026-06-11 22:38:10,False
3762,半熟恋人微卷发 蜂蜜棕,2,director,2,2,,/Users/claw/work/douyin-recorder/backend/../recordings/director_outputs/director_output_1782087093.mp4,2,/Users/claw/work/douyin-recorder/backend/../recordings/director_outputs/director_output_1782274421.mp4,2026-06-11 22:41:27,False
3763,精修微卷发,2,director,2,2,,/Users/claw/work/douyin-recorder/backend/../recordings/director_outputs/director_output_1782085045.mp4,2,/Users/claw/work/douyin-recorder/backend/../recordings/director_outputs/director_output_1782433023.mp4,2026-06-11 22:41:54,False
3764,齐罗海 蜜茶棕色,2,director,2,2,,/Users/claw/work/douyin-recorder/backend/../recordings/director_outputs/director_output_1782083902.mp4,2,/Users/claw/work/douyin-recorder/backend/../recordings/director_outputs/director_output_1782394332.mp4,2026-06-11 22:42:26,False
3766,韩系短发/高层次卷发 茶棕色,2,director,2,2,,/Users/claw/work/douyin-recorder/backend/../recordings/director_outputs/director_output_1782083921.mp4,2,/Users/claw/work/douyin-recorder/backend/../recordings/director_outputs/director_output_1782273608.mp4,2026-06-11 22:43:19,False
3767,高层次长卷发 粉色,2,director,2,2,,/Users/claw/work/douyin-recorder/backend/../recordings/director_outputs/director_output_1782084184.mp4,2,/Users/claw/work/douyin-recorder/backend/../recordings/director_outputs/director_output_1782394280.mp4,2026-06-11 22:43:50,False
3768,冷棕色中分卷发 冷棕色,2,director,2,2,,/Users/claw/work/douyin-recorder/backend/../recordings/director_outputs/director_output_1782084159.mp4,2,/Users/claw/work/douyin-recorder/backend/../recordings/director_outputs/director_output_1782273484.mp4,2026-06-11 22:44:23,False
3769,公主头大卷 冷棕色,2,director,2,2,,/Users/claw/work/douyin-recorder/backend/../recordings/director_outputs/director_output_1782084368.mp4,2,/Users/claw/work/douyin-recorder/backend/../recordings/director_outputs/director_output_1782469556.mp4,2026-06-11 22:44:58,False
3773,三号暴躁 巧克力色,2,director,2,2,,/Users/claw/work/douyin-recorder/backend/../recordings/director_outputs/director_output_1782084435.mp4,2,/Users/claw/work/douyin-recorder/backend/../recordings/director_outputs/director_output_1782272677.mp4,2026-06-11 22:47:07,False
3774,微卷/飞卷 蜜茶棕色,2,director,2,2,,/Users/claw/work/douyin-recorder/backend/../recordings/director_outputs/director_output_1782084596.mp4,2,/Users/claw/work/douyin-recorder/backend/../recordings/director_outputs/director_output_1782272638.mp4,2026-06-11 22:48:10,False
3775,起刘海款 黑巧克力色,2,director,2,2,,/Users/claw/work/douyin-recorder/backend/../recordings/director_outputs/director_output_1782084670.mp4,2,/Users/claw/work/douyin-recorder/backend/../recordings/director_outputs/director_output_1782346276.mp4,2026-06-11 22:48:21,False
3776,中分 蜂蜜棕,2,director,2,2,,/Users/claw/work/douyin-recorder/backend/../recordings/director_outputs/director_output_1782087152.mp4,2,/Users/claw/work/douyin-recorder/backend/../recordings/director_outputs/director_output_1782272543.mp4,2026-06-11 22:48:32,False
3778,梨花烫/羊毛卷/中分 黑棕色/蜂蜜棕,2,director,2,2,,/Users/claw/work/douyin-recorder/backend/../recordings/director_outputs/director_output_1782085336.mp4,2,/Users/claw/work/douyin-recorder/backend/../recordings/director_outputs/director_output_1782346174.mp4,2026-06-11 22:49:39,False
3779,小拉眉卷 灰金色,2,director,2,2,,/Users/claw/work/douyin-recorder/backend/../recordings/director_outputs/director_output_1782087313.mp4,2,/Users/claw/work/douyin-recorder/backend/../recordings/director_outputs/director_output_1782346141.mp4,2026-06-11 22:50:16,False
3780,中分款 金色,2,director,2,2,,/Users/claw/work/douyin-recorder/backend/../recordings/director_outputs/director_output_1782087378.mp4,2,/Users/claw/work/douyin-recorder/backend/../recordings/director_outputs/director_output_1782533487.mp4,2026-06-11 22:50:49,False
3781,水光微卷长发 黑色/黑茶色,2,director,2,2,,/Users/claw/work/douyin-recorder/backend/../recordings/director_outputs/director_output_1782087507.mp4,2,/Users/claw/work/douyin-recorder/backend/../recordings/director_outputs/director_output_1782271812.mp4,2026-06-11 22:51:15,False
3783,小白铃微卷发 前奶茶灰棕色,2,director,2,2,,/Users/claw/work/douyin-recorder/backend/../recordings/director_outputs/director_output_1781835085.mp4,-1,,2026-06-11 22:52:58,False
3784,微卷发 自然黑,2,director,2,2,,/Users/claw/work/douyin-recorder/backend/../recordings/director_outputs/director_output_1783222962.mp4,2,/Users/claw/work/douyin-recorder/backend/../recordings/director_outputs/director_output_1783281055.mp4,2026-06-11 22:53:15,False
3785,万象玉短发 茶棕色,2,director,2,2,,/Users/claw/work/douyin-recorder/backend/../recordings/director_outputs/director_output_1782087606.mp4,2,/Users/claw/work/douyin-recorder/backend/../recordings/director_outputs/director_output_1782345772.mp4,2026-06-11 22:54:07,False
3786,羊毛卷/起落海 灰紫色,2,director,2,2,,/Users/claw/work/douyin-recorder/backend/../recordings/director_outputs/director_output_1782087717.mp4,2,/Users/claw/work/douyin-recorder/backend/../recordings/director_outputs/director_output_1782469401.mp4,2026-06-11 22:54:40,False
3788,中分款/暴躁卷发 黑巧克力色,2,director,2,2,,/Users/claw/work/douyin-recorder/backend/../recordings/director_outputs/director_output_1782087817.mp4,2,/Users/claw/work/douyin-recorder/backend/../recordings/director_outputs/director_output_1782271073.mp4,2026-06-11 22:55:47,False
3790,卷发版,2,director,2,2,,/Users/claw/work/douyin-recorder/backend/../recordings/director_outputs/director_output_1782087911.mp4,2,/Users/claw/work/douyin-recorder/backend/../recordings/director_outputs/director_output_1782393873.mp4,2026-06-11 22:56:24,False
3791,复古胎毛刘海假发,1,director,2,2,,/Users/claw/work/douyin-recorder/backend/../recordings/director_outputs/director_output_1782088025.mp4,2,/Users/claw/work/douyin-recorder/backend/../recordings/director_outputs/director_output_1782533353.mp4,2026-06-12 14:00:07,False
3793,茶棕之事/黑茶之事 茶棕/黑茶,1,director,2,2,,/Users/claw/work/douyin-recorder/backend/../recordings/director_outputs/director_output_1782088108.mp4,2,/Users/claw/work/douyin-recorder/backend/../recordings/director_outputs/director_output_1782529443.mp4,2026-06-12 14:01:12,False
3794,澳洲紫玫瑰 紫玫瑰色,1,director,2,2,,/Users/claw/work/douyin-recorder/backend/../recordings/director_outputs/director_output_1782088210.mp4,2,/Users/claw/work/douyin-recorder/backend/../recordings/director_outputs/director_output_1782533756.mp4,2026-06-12 14:28:56,False
3795,澳洲紫美玻 紫色,1,director,2,2,,/Users/claw/work/douyin-recorder/backend/../recordings/director_outputs/director_output_1782088333.mp4,2,/Users/claw/work/douyin-recorder/backend/../recordings/director_outputs/director_output_1782529186.mp4,2026-06-12 14:30:02,False
3798,人生艺人反张五号链接 焦糖棕,1,director,2,2,,/Users/claw/work/douyin-recorder/backend/../recordings/director_outputs/director_output_1782088408.mp4,2,/Users/claw/work/douyin-recorder/backend/../recordings/director_outputs/director_output_1782529024.mp4,2026-06-12 15:01:06,False
3801,棕色,1,director,2,2,,/Users/claw/work/douyin-recorder/backend/../recordings/director_outputs/director_output_1782088522.mp4,2,/Users/claw/work/douyin-recorder/backend/../recordings/director_outputs/director_output_1782533910.mp4,2026-06-12 15:25:37,False
3802,自然黑,1,director,2,2,,/Users/claw/work/douyin-recorder/backend/../recordings/director_outputs/director_output_1782088620.mp4,2,/Users/claw/work/douyin-recorder/backend/../recordings/director_outputs/director_output_1782529105.mp4,2026-06-12 15:43:02,False
3804,双地针真发假发 茶棕色,1,director,2,2,,/Users/claw/work/douyin-recorder/backend/../recordings/director_outputs/director_output_1782088713.mp4,2,/Users/claw/work/douyin-recorder/backend/../recordings/director_outputs/director_output_1782528741.mp4,2026-06-12 16:09:26,False
3805,赏金恋人 脏橘色,1,director,2,2,,/Users/claw/work/douyin-recorder/backend/../recordings/director_outputs/director_output_1782088838.mp4,2,/Users/claw/work/douyin-recorder/backend/../recordings/director_outputs/director_output_1782528499.mp4,2026-06-12 16:10:53,False
3807,齐了号、赏金猎人、亚梦 浅发、白金色,1,director,2,2,,/Users/claw/work/douyin-recorder/backend/../recordings/director_outputs/director_output_1782088899.mp4,2,/Users/claw/work/douyin-recorder/backend/../recordings/director_outputs/director_output_1782528438.mp4,2026-06-12 16:45:21,False
3808,阴躯女高 雅光浅色（粉调/灰调/白调）,1,director,2,2,,/Users/claw/work/douyin-recorder/backend/../recordings/director_outputs/director_output_1782089017.mp4,2,/Users/claw/work/douyin-recorder/backend/../recordings/director_outputs/director_output_1782528308.mp4,2026-06-12 17:02:35,False
3809,有存假唇 粉棕,1,director,2,2,,/Users/claw/work/douyin-recorder/backend/../recordings/director_outputs/director_output_1782089100.mp4,2,/Users/claw/work/douyin-recorder/backend/../recordings/director_outputs/director_output_1782528241.mp4,2026-06-12 17:03:27,False
3810,粉棕泡芙 粉棕色,1,director,2,2,,/Users/claw/work/douyin-recorder/backend/../recordings/director_outputs/director_output_1782202172.mp4,2,/Users/claw/work/douyin-recorder/backend/../recordings/director_outputs/director_output_1782528389.mp4,2026-06-12 17:04:03,False
3811,头领补发片 摩卡色,1,director,2,2,,/Users/claw/work/douyin-recorder/backend/../recordings/director_outputs/director_output_1782089314.mp4,2,/Users/claw/work/douyin-recorder/backend/../recordings/director_outputs/director_output_1782528374.mp4,2026-06-12 17:28:34,False
3812,摩卡色中分 摩卡色,1,director,2,2,,/Users/claw/work/douyin-recorder/backend/../recordings/director_outputs/director_output_1782089409.mp4,2,/Users/claw/work/douyin-recorder/backend/../recordings/director_outputs/director_output_1782527797.mp4,2026-06-12 17:29:43,False
3813,小卷/海岛卷,2,director,2,2,,/Users/claw/work/douyin-recorder/backend/../recordings/director_outputs/director_output_1782089488.mp4,2,/Users/claw/work/douyin-recorder/backend/../recordings/director_outputs/director_output_1782268085.mp4,2026-06-13 15:36:40,False
3814,高层次V卷长发 奶茶灰棕,2,director,2,2,,/Users/claw/work/douyin-recorder/backend/../recordings/director_outputs/director_output_1782089624.mp4,2,/Users/claw/work/douyin-recorder/backend/../recordings/director_outputs/director_output_1782343950.mp4,2026-06-13 15:37:18,False
3815,微卷发/直发 巧克力色/浅奶咖色,2,director,2,2,,/Users/claw/work/douyin-recorder/backend/../recordings/director_outputs/director_output_1782089690.mp4,2,/Users/claw/work/douyin-recorder/backend/../recordings/director_outputs/director_output_1782343616.mp4,2026-06-13 15:37:57,False
3816,高层次直发款/中分款 深色,2,director,2,2,,/Users/claw/work/douyin-recorder/backend/../recordings/director_outputs/director_output_1782089850.mp4,2,/Users/claw/work/douyin-recorder/backend/../recordings/director_outputs/director_output_1782527693.mp4,2026-06-13 15:38:29,False
3817,中分直发/卷发 黑巧克力色,2,director,2,2,,/Users/claw/work/douyin-recorder/backend/../recordings/director_outputs/director_output_1782089918.mp4,2,/Users/claw/work/douyin-recorder/backend/../recordings/director_outputs/director_output_1782267224.mp4,2026-06-13 16:05:04,False
3818,海藻卷/中分直发 黑巧克力,2,director,2,2,,/Users/claw/work/douyin-recorder/backend/../recordings/director_outputs/director_output_1782090072.mp4,2,/Users/claw/work/douyin-recorder/backend/../recordings/director_outputs/director_output_1782343504.mp4,2026-06-13 16:05:47,False
3819,微卷中分假发 蜂蜜茶色,2,director,2,2,,/Users/claw/work/douyin-recorder/backend/../recordings/director_outputs/director_output_1782090159.mp4,2,/Users/claw/work/douyin-recorder/backend/../recordings/director_outputs/director_output_1782430976.mp4,2026-06-13 16:06:34,False
3820,齐刘海/中分假发 黑色/蜂蜜茶色,2,director,2,2,,/Users/claw/work/douyin-recorder/backend/../recordings/director_outputs/director_output_1782090292.mp4,2,/Users/claw/work/douyin-recorder/backend/../recordings/director_outputs/director_output_1782343186.mp4,2026-06-13 16:22:24,False
3822,海藻卷中分 灰粉色,2,director,2,2,,/Users/claw/work/douyin-recorder/backend/../recordings/director_outputs/director_output_1782090364.mp4,2,/Users/claw/work/douyin-recorder/backend/../recordings/director_outputs/director_output_1782266456.mp4,2026-06-13 16:23:43,False
3823,起流行,2,director,2,2,,/Users/claw/work/douyin-recorder/backend/../recordings/director_outputs/director_output_1782090540.mp4,2,/Users/claw/work/douyin-recorder/backend/../recordings/director_outputs/director_output_1782392127.mp4,2026-06-13 16:24:01,False
3824,中分短发 蜜茶茶棕色,2,director,2,2,,/Users/claw/work/douyin-recorder/backend/../recordings/director_outputs/director_output_1782090618.mp4,2,/Users/claw/work/douyin-recorder/backend/../recordings/director_outputs/director_output_1782430947.mp4,2026-06-13 16:51:26,False
3825,微卷短发 灰紫色,2,director,2,2,,/Users/claw/work/douyin-recorder/backend/../recordings/director_outputs/director_output_1782090750.mp4,2,/Users/claw/work/douyin-recorder/backend/../recordings/director_outputs/director_output_1782391797.mp4,2026-06-13 16:52:02,False
3826,免打理卷发/冷棕色长卷发 冷棕色,2,director,2,2,,/Users/claw/work/douyin-recorder/backend/../recordings/director_outputs/director_output_1782090850.mp4,2,/Users/claw/work/douyin-recorder/backend/../recordings/director_outputs/director_output_1782342714.mp4,2026-06-13 16:52:44,False
3827,微卷高层次假发 奶茶灰棕,2,director,2,2,,/Users/claw/work/douyin-recorder/backend/../recordings/director_outputs/director_output_1782090955.mp4,2,/Users/claw/work/douyin-recorder/backend/../recordings/director_outputs/director_output_1782391749.mp4,2026-06-13 16:53:28,False
3829,中分款 蜂蜜棕,2,director,2,2,,/Users/claw/work/douyin-recorder/backend/../recordings/director_outputs/director_output_1782091079.mp4,2,/Users/claw/work/douyin-recorder/backend/../recordings/director_outputs/director_output_1782391664.mp4,2026-06-13 17:17:43,False
3830,羊毛卷 黑茶色,2,director,2,2,,/Users/claw/work/douyin-recorder/backend/../recordings/director_outputs/director_output_1783223117.mp4,2,/Users/claw/work/douyin-recorder/backend/../recordings/director_outputs/director_output_1783450177.mp4,2026-06-13 17:18:14,False
3831,起流行 黑茶色,2,director,2,2,,/Users/claw/work/douyin-recorder/backend/../recordings/director_outputs/director_output_1782091180.mp4,2,/Users/claw/work/douyin-recorder/backend/../recordings/director_outputs/director_output_1782342580.mp4,2026-06-13 17:43:19,False
3832,茶棕色层次短发 茶棕色,2,director,2,2,,/Users/claw/work/douyin-recorder/backend/../recordings/director_outputs/director_output_1782091284.mp4,2,/Users/claw/work/douyin-recorder/backend/../recordings/director_outputs/director_output_1782342268.mp4,2026-06-13 17:44:54,False
3835,三号暴躁/直发 树莓红,2,director,2,2,,/Users/claw/work/douyin-recorder/backend/../recordings/director_outputs/director_output_1782091378.mp4,2,/Users/claw/work/douyin-recorder/backend/../recordings/director_outputs/director_output_1782342146.mp4,2026-06-13 18:04:30,False
3836,中分直发/中分卷发 蜂蜜茶棕/黑巧克力,2,director,2,2,,/Users/claw/work/douyin-recorder/backend/../recordings/director_outputs/director_output_1782091565.mp4,2,/Users/claw/work/douyin-recorder/backend/../recordings/director_outputs/director_output_1782342164.mp4,2026-06-13 18:05:02,False
3838,女团甜酷分 灰粉色,2,director,2,2,,/Users/claw/work/douyin-recorder/backend/../recordings/director_outputs/director_output_1782091613.mp4,2,/Users/claw/work/douyin-recorder/backend/../recordings/director_outputs/director_output_1782391510.mp4,2026-06-13 18:30:35,False
3839,蜜桃乌龙起流号/大波浪卷发 灰粉沙金/蜜桃粉,2,director,2,2,,/Users/claw/work/douyin-recorder/backend/../recordings/director_outputs/director_output_1782093395.mp4,2,/Users/claw/work/douyin-recorder/backend/../recordings/director_outputs/director_output_1782341804.mp4,2026-06-13 18:31:29,False
3840,复合卷大波浪 冷棕色,2,director,2,2,,/Users/claw/work/douyin-recorder/backend/../recordings/director_outputs/director_output_1782093520.mp4,2,/Users/claw/work/douyin-recorder/backend/../recordings/director_outputs/director_output_1782527692.mp4,2026-06-13 18:31:55,False
3841,打几壶洗罗/小卷卷/海藻卷 灰金色/冷棕色,2,director,2,2,,/Users/claw/work/douyin-recorder/backend/../recordings/director_outputs/director_output_1782093512.mp4,2,/Users/claw/work/douyin-recorder/backend/../recordings/director_outputs/director_output_1782467469.mp4,2026-06-13 18:55:06,False
3842,中分款/卷发 金色/黑色,2,director,2,2,,/Users/claw/work/douyin-recorder/backend/../recordings/director_outputs/director_output_1782093769.mp4,2,/Users/claw/work/douyin-recorder/backend/../recordings/director_outputs/director_output_1782391209.mp4,2026-06-13 18:55:47,False
3844,梨花烫/比熊卷 黑棕色/橙金棕,2,director,2,2,,/Users/claw/work/douyin-recorder/backend/../recordings/director_outputs/director_output_1782093814.mp4,2,/Users/claw/work/douyin-recorder/backend/../recordings/director_outputs/director_output_1782263233.mp4,2026-06-13 18:56:52,False
3845,鼻熊卷 橙金色,2,director,2,2,,/Users/claw/work/douyin-recorder/backend/../recordings/director_outputs/director_output_1782093914.mp4,2,/Users/claw/work/douyin-recorder/backend/../recordings/director_outputs/director_output_1782341351.mp4,2026-06-13 19:17:25,False
3846,蓬松短发 茶棕色,2,director,2,2,,/Users/claw/work/douyin-recorder/backend/../recordings/director_outputs/director_output_1782092914.mp4,2,/Users/claw/work/douyin-recorder/backend/../recordings/director_outputs/director_output_1782262920.mp4,2026-06-13 19:18:04,False
3847,羊毛小卷卷 黑茶色,2,director,2,2,,/Users/claw/work/douyin-recorder/backend/../recordings/director_outputs/director_output_1782092845.mp4,2,/Users/claw/work/douyin-recorder/backend/../recordings/director_outputs/director_output_1782341293.mp4,2026-06-13 19:37:11,False
3849,黑茶色/蜂蜜茶色卷发 黑茶色、蜂蜜茶色,2,director,2,2,,/Users/claw/work/douyin-recorder/backend/../recordings/director_outputs/director_output_1782093942.mp4,2,/Users/claw/work/douyin-recorder/backend/../recordings/director_outputs/director_output_1782262452.mp4,2026-06-13 19:38:53,False
3850,棉型发挑染中长发 肉桂奶咖啡,1,director,2,2,,/Users/claw/work/douyin-recorder/backend/../recordings/director_outputs/director_output_1782094179.mp4,2,/Users/claw/work/douyin-recorder/backend/../recordings/director_outputs/director_output_1782527560.mp4,2026-06-14 13:41:45,False
3852,茶棕直发 茶棕,1,director,2,2,,/Users/claw/work/douyin-recorder/backend/../recordings/director_outputs/director_output_1782094216.mp4,2,/Users/claw/work/douyin-recorder/backend/../recordings/director_outputs/director_output_1782527493.mp4,2026-06-14 13:44:58,False
3853,双马尾假发 茶棕色,1,director,2,2,,/Users/claw/work/douyin-recorder/backend/../recordings/director_outputs/director_output_1782094333.mp4,2,/Users/claw/work/douyin-recorder/backend/../recordings/director_outputs/director_output_1782527443.mp4,2026-06-14 13:47:03,False
3854,黑茶之士/免醒发 黑茶色,1,director,2,2,,/Users/claw/work/douyin-recorder/backend/../recordings/director_outputs/director_output_1782094308.mp4,2,/Users/claw/work/douyin-recorder/backend/../recordings/director_outputs/director_output_1782527367.mp4,2026-06-14 14:02:31,False
3855,中长版免醒发假发 卡普奇诺,1,director,2,2,,/Users/claw/work/douyin-recorder/backend/../recordings/director_outputs/director_output_1782094549.mp4,2,/Users/claw/work/douyin-recorder/backend/../recordings/director_outputs/director_output_1782527181.mp4,2026-06-14 14:04:13,False
3856,双子座/小头戴表/免省发中分 白金/古早挑染,1,director,2,2,,/Users/claw/work/douyin-recorder/backend/../recordings/director_outputs/director_output_1782094587.mp4,2,/Users/claw/work/douyin-recorder/backend/../recordings/director_outputs/director_output_1782527171.mp4,2026-06-14 14:05:12,False
3857,棉性发/免醒发,1,director,2,2,,/Users/claw/work/douyin-recorder/backend/../recordings/director_outputs/director_output_1782202047.mp4,2,/Users/claw/work/douyin-recorder/backend/../recordings/director_outputs/director_output_1782527110.mp4,2026-06-14 14:05:57,False
3860,澳洲紫玫瑰 紫色,1,director,2,2,,/Users/claw/work/douyin-recorder/backend/../recordings/director_outputs/director_output_1782094682.mp4,2,/Users/claw/work/douyin-recorder/backend/../recordings/director_outputs/director_output_1782527771.mp4,2026-06-14 15:38:14,False
3861,泡泡卷/复合卷 香槟色/偏黄棕色,2,director,2,2,,/Users/claw/work/douyin-recorder/backend/../recordings/director_outputs/director_output_1782094943.mp4,2,/Users/claw/work/douyin-recorder/backend/../recordings/director_outputs/director_output_1782526894.mp4,2026-06-14 15:40:17,False
3862,小白梨 奶茶灰棕,2,director,2,2,,/Users/claw/work/douyin-recorder/backend/../recordings/director_outputs/director_output_1782095030.mp4,2,/Users/claw/work/douyin-recorder/backend/../recordings/director_outputs/director_output_1782526869.mp4,2026-06-14 15:42:09,False
3863,黑麻款 黑麻,2,director,2,2,,/Users/claw/work/douyin-recorder/backend/../recordings/director_outputs/director_output_1782095070.mp4,2,/Users/claw/work/douyin-recorder/backend/../recordings/director_outputs/director_output_1782340117.mp4,2026-06-14 15:43:11,False
3864,邻家短发 null,1,director,2,2,,/Users/claw/work/douyin-recorder/backend/../recordings/director_outputs/director_output_1782095120.mp4,2,/Users/claw/work/douyin-recorder/backend/../recordings/director_outputs/director_output_1782526760.mp4,2026-06-14 15:48:49,False
3866,低马尾/公主头造型假发 null,1,director,2,2,,/Users/claw/work/douyin-recorder/backend/../recordings/director_outputs/director_output_1782095305.mp4,2,/Users/claw/work/douyin-recorder/backend/../recordings/director_outputs/director_output_1782526637.mp4,2026-06-14 15:51:23,False
3867,po po卷 咖啡棕,2,director,2,2,,/Users/claw/work/douyin-recorder/backend/../recordings/director_outputs/director_output_1782202074.mp4,2,/Users/claw/work/douyin-recorder/backend/../recordings/director_outputs/director_output_1782259757.mp4,2026-06-14 15:52:22,False
3868,泡泡卷 棕色系,2,director,2,2,,/Users/claw/work/douyin-recorder/backend/../recordings/director_outputs/director_output_1782095455.mp4,2,/Users/claw/work/douyin-recorder/backend/../recordings/director_outputs/director_output_1782259626.mp4,2026-06-14 15:53:07,False
3869,两用假发,2,director,2,2,,/Users/claw/work/douyin-recorder/backend/../recordings/director_outputs/director_output_1782095549.mp4,2,/Users/claw/work/douyin-recorder/backend/../recordings/director_outputs/director_output_1782259237.mp4,2026-06-14 15:54:29,False
3870,齐刘海/中分/公主头 蜂蜜棕/蜜茶棕,2,director,2,2,,/Users/claw/work/douyin-recorder/backend/../recordings/director_outputs/director_output_1782095700.mp4,2,/Users/claw/work/douyin-recorder/backend/../recordings/director_outputs/director_output_1782339953.mp4,2026-06-14 17:11:08,False
3871,翘小头/公主头 粉棕色,1,director,2,2,,/Users/claw/work/douyin-recorder/backend/../recordings/director_outputs/director_output_1782095831.mp4,2,/Users/claw/work/douyin-recorder/backend/../recordings/director_outputs/director_output_1782526616.mp4,2026-06-14 17:12:10,False
3872,韩系短发 茶棕色,2,director,2,2,,/Users/claw/work/douyin-recorder/backend/../recordings/director_outputs/director_output_1782095856.mp4,2,/Users/claw/work/douyin-recorder/backend/../recordings/director_outputs/director_output_1782389835.mp4,2026-06-14 17:12:52,False
3873,补发片 白金色,1,director,2,2,,/Users/claw/work/douyin-recorder/backend/../recordings/director_outputs/director_output_1783161616.mp4,2,/Users/claw/work/douyin-recorder/backend/../recordings/director_outputs/director_output_1783526965.mp4,2026-06-14 17:16:19,False
3874,微卷发/中分款 风蜜棕色,2,director,2,2,,/Users/claw/work/douyin-recorder/backend/../recordings/director_outputs/director_output_1782095955.mp4,2,/Users/claw/work/douyin-recorder/backend/../recordings/director_outputs/director_output_1782526546.mp4,2026-06-15 04:48:29,False
3875,四号中分/齐罗号/公主头/全披发 灰金/灰棕,2,director,2,2,,/Users/claw/work/douyin-recorder/backend/../recordings/director_outputs/director_output_1782096176.mp4,2,/Users/claw/work/douyin-recorder/backend/../recordings/director_outputs/director_output_1782339529.mp4,2026-06-15 04:50:15,False
3876,小卷/周份款/齐伦哈/中分款 灰金色,2,director,2,2,,/Users/claw/work/douyin-recorder/backend/../recordings/director_outputs/director_output_1782096335.mp4,2,/Users/claw/work/douyin-recorder/backend/../recordings/director_outputs/director_output_1782339334.mp4,2026-06-15 04:52:27,False
3877,黑茶色微卷长发 黑茶色,2,director,2,2,,/Users/claw/work/douyin-recorder/backend/../recordings/director_outputs/director_output_1782096286.mp4,2,/Users/claw/work/douyin-recorder/backend/../recordings/director_outputs/director_output_1782258333.mp4,2026-06-15 04:55:41,False
3878,V卷/中分/丸子头 蜂蜜茶色/棕色,2,director,2,2,,/Users/claw/work/douyin-recorder/backend/../recordings/director_outputs/director_output_1782096391.mp4,2,/Users/claw/work/douyin-recorder/backend/../recordings/director_outputs/director_output_1782339202.mp4,2026-06-15 05:05:01,False
3879,中分/齐刘海/公主头/垂耳兔 蜂蜜棕/蜜茶棕,2,director,2,2,,/Users/claw/work/douyin-recorder/backend/../recordings/director_outputs/director_output_1782096554.mp4,2,/Users/claw/work/douyin-recorder/backend/../recordings/director_outputs/director_output_1782257858.mp4,2026-06-15 05:06:14,False
3880,公主头/V卷 奶茶灰棕色,2,director,2,2,,/Users/claw/work/douyin-recorder/backend/../recordings/director_outputs/director_output_1782099894.mp4,2,/Users/claw/work/douyin-recorder/backend/../recordings/director_outputs/director_output_1782257795.mp4,2026-06-15 05:07:41,False
3882,羊毛蛋卷,1,director,2,2,,/Users/claw/work/douyin-recorder/backend/../recordings/director_outputs/director_output_1782201933.mp4,2,/Users/claw/work/douyin-recorder/backend/../recordings/director_outputs/director_output_1782526457.mp4,2026-06-15 05:10:42,False
3883,淡卷公主风假发,1,director,2,2,,/Users/claw/work/douyin-recorder/backend/../recordings/director_outputs/director_output_1782201628.mp4,2,/Users/claw/work/douyin-recorder/backend/../recordings/director_outputs/director_output_1782526382.mp4,2026-06-15 05:11:45,False
3884,羊毛蛋卷 null,1,director,2,2,,/Users/claw/work/douyin-recorder/backend/../recordings/director_outputs/director_output_1782201465.mp4,2,/Users/claw/work/douyin-recorder/backend/../recordings/director_outputs/director_output_1782993025.mp4,2026-06-15 05:12:29,False
3885,4号取楼号 奶茶灰棕,2,director,2,2,,/Users/claw/work/douyin-recorder/backend/../recordings/director_outputs/director_output_1782100702.mp4,2,/Users/claw/work/douyin-recorder/backend/../recordings/director_outputs/director_output_1782338750.mp4,2026-06-15 05:13:33,False
3886,微卷发 蜂蜜茶棕,2,director,2,2,,/Users/claw/work/douyin-recorder/backend/../recordings/director_outputs/director_output_1783222985.mp4,2,/Users/claw/work/douyin-recorder/backend/../recordings/director_outputs/director_output_1783361580.mp4,2026-06-15 08:18:54,False
3887,蜂蜜棕,2,director,2,2,,/Users/claw/work/douyin-recorder/backend/../recordings/director_outputs/director_output_1782201381.mp4,2,/Users/claw/work/douyin-recorder/backend/../recordings/director_outputs/director_output_1782526072.mp4,2026-06-15 09:10:09,False
3888,Po Po卷 咖啡棕,2,director,2,2,,/Users/claw/work/douyin-recorder/backend/../recordings/director_outputs/director_output_1782100660.mp4,2,/Users/claw/work/douyin-recorder/backend/../recordings/director_outputs/director_output_1782526183.mp4,2026-06-15 09:35:44,False
3889,起落号/中分 浅色/蜜桃乌龙,2,director,2,2,,/Users/claw/work/douyin-recorder/backend/../recordings/director_outputs/director_output_1782100898.mp4,2,/Users/claw/work/douyin-recorder/backend/../recordings/director_outputs/director_output_1782389049.mp4,2026-06-15 11:18:27,False
3890,粉棕泡泡短发 粉棕,1,director,2,2,,/Users/claw/work/douyin-recorder/backend/../recordings/director_outputs/director_output_1782201408.mp4,2,/Users/claw/work/douyin-recorder/backend/../recordings/director_outputs/director_output_1782388932.mp4,2026-06-15 14:01:47,False
3891,泡泡卷/大波浪卷发 咖啡棕,2,director,2,2,,/Users/claw/work/douyin-recorder/backend/../recordings/director_outputs/director_output_1782100993.mp4,2,/Users/claw/work/douyin-recorder/backend/../recordings/director_outputs/director_output_1782428540.mp4,2026-06-15 14:27:38,False
3892,韩系短发 蜜茶亚麻棕,2,director,2,2,,/Users/claw/work/douyin-recorder/backend/../recordings/director_outputs/director_output_1782103624.mp4,2,/Users/claw/work/douyin-recorder/backend/../recordings/director_outputs/director_output_1782255853.mp4,2026-06-15 19:59:33,False
3893,裁发前期 雪人发色,1,director,2,2,,/Users/claw/work/douyin-recorder/backend/../recordings/director_outputs/director_output_1782201066.mp4,2,/Users/claw/work/douyin-recorder/backend/../recordings/director_outputs/director_output_1782526119.mp4,2026-06-15 20:17:13,False
3894,阴趣女高 潮色,1,director,2,2,,/Users/claw/work/douyin-recorder/backend/../recordings/director_outputs/director_output_1782103835.mp4,2,/Users/claw/work/douyin-recorder/backend/../recordings/director_outputs/director_output_1782525809.mp4,2026-06-15 20:20:32,False
3896,许言同款精修发 蜂蜜茶色,2,director,2,2,,/Users/claw/work/douyin-recorder/backend/../recordings/director_outputs/director_output_1782097273.mp4,2,/Users/claw/work/douyin-recorder/backend/../recordings/director_outputs/director_output_1782255361.mp4,2026-06-15 20:22:03,False
3897,三号起刘海直发 黑巧克力色,2,director,2,2,,/Users/claw/work/douyin-recorder/backend/../recordings/director_outputs/director_output_1782200993.mp4,2,/Users/claw/work/douyin-recorder/backend/../recordings/director_outputs/director_output_1782388482.mp4,2026-06-15 22:24:24,False
3899,许言花同款微卷发 蜂蜜茶色,2,director,2,2,,/Users/claw/work/douyin-recorder/backend/../recordings/director_outputs/director_output_1782200907.mp4,2,/Users/claw/work/douyin-recorder/backend/../recordings/director_outputs/director_output_1782337768.mp4,2026-06-15 22:45:39,False
3900,摩卡色,1,director,2,2,,/Users/claw/work/douyin-recorder/backend/../recordings/director_outputs/director_output_1782200834.mp4,2,/Users/claw/work/douyin-recorder/backend/../recordings/director_outputs/director_output_1782526768.mp4,2026-06-16 00:46:17,False
3901,小卷卷/羊毛卷 灰紫色,2,director,2,2,,/Users/claw/work/douyin-recorder/backend/../recordings/director_outputs/director_output_1782097624.mp4,2,/Users/claw/work/douyin-recorder/backend/../recordings/director_outputs/director_output_1782337609.mp4,2026-06-16 01:12:11,False
3902,财发千金黑茶 黑茶色,1,director,2,2,,/Users/claw/work/douyin-recorder/backend/../recordings/director_outputs/director_output_1782097781.mp4,2,/Users/claw/work/douyin-recorder/backend/../recordings/director_outputs/director_output_1782525790.mp4,2026-06-16 01:48:08,False
3903,灰紫色长卷发 灰紫色,2,director,2,2,,/Users/claw/work/douyin-recorder/backend/../recordings/director_outputs/director_output_1782097801.mp4,2,/Users/claw/work/douyin-recorder/backend/../recordings/director_outputs/director_output_1782254074.mp4,2026-06-16 02:51:26,False
3904,黑长直/黑长卷 黑色/摩卡色,1,director,2,2,,/Users/claw/work/douyin-recorder/backend/../recordings/director_outputs/director_output_1782097825.mp4,2,/Users/claw/work/douyin-recorder/backend/../recordings/director_outputs/director_output_1782525735.mp4,2026-06-16 04:57:40,False
3905,四号领巾 浅奶茶,2,director,2,2,,/Users/claw/work/douyin-recorder/backend/../recordings/director_outputs/director_output_1782097967.mp4,2,/Users/claw/work/douyin-recorder/backend/../recordings/director_outputs/director_output_1782253964.mp4,2026-06-16 05:23:15,False
3906,半熟恋人 冷棕色,2,director,2,2,,/Users/claw/work/douyin-recorder/backend/../recordings/director_outputs/director_output_1782098204.mp4,2,/Users/claw/work/douyin-recorder/backend/../recordings/director_outputs/director_output_1782337273.mp4,2026-06-16 05:58:42,False
3907,起龙号 灰金,2,director,2,2,,/Users/claw/work/douyin-recorder/backend/../recordings/director_outputs/director_output_1782098227.mp4,2,/Users/claw/work/douyin-recorder/backend/../recordings/director_outputs/director_output_1782337159.mp4,2026-06-16 18:35:28,False
3908,羊毛卷/小卷/大波浪 黑茶色/灰粉色/黑麻色,2,director,2,2,,/Users/claw/work/douyin-recorder/backend/../recordings/director_outputs/director_output_1782098309.mp4,2,/Users/claw/work/douyin-recorder/backend/../recordings/director_outputs/director_output_1782253190.mp4,2026-06-16 18:36:24,False
3909,羊毛卷/小卷 自然黑/黑茶色,2,director,2,2,,/Users/claw/work/douyin-recorder/backend/../recordings/director_outputs/director_output_1782098347.mp4,2,/Users/claw/work/douyin-recorder/backend/../recordings/director_outputs/director_output_1782525557.mp4,2026-06-16 18:37:29,False
3910,韩系淡卷短发 香槟色,2,director,2,2,,/Users/claw/work/douyin-recorder/backend/../recordings/director_outputs/director_output_1782098577.mp4,2,/Users/claw/work/douyin-recorder/backend/../recordings/director_outputs/director_output_1782336930.mp4,2026-06-16 18:41:54,False
3911,韩系淡卷短发 芝麻乌龙/灰棕/浅奶茶色,2,director,2,2,,/Users/claw/work/douyin-recorder/backend/../recordings/director_outputs/director_output_1782098611.mp4,2,/Users/claw/work/douyin-recorder/backend/../recordings/director_outputs/director_output_1782336799.mp4,2026-06-16 19:41:07,False
3912,香槟金,2,director,2,2,,/Users/claw/work/douyin-recorder/backend/../recordings/director_outputs/director_output_1782099514.mp4,2,/Users/claw/work/douyin-recorder/backend/../recordings/director_outputs/director_output_1782336705.mp4,2026-06-16 19:41:52,False
3914,高层次卷发/中分款 风衣棕色/蜂蜜茶色/黑色,2,director,2,2,,/Users/claw/work/douyin-recorder/backend/../recordings/director_outputs/director_output_1782099803.mp4,2,/Users/claw/work/douyin-recorder/backend/../recordings/director_outputs/director_output_1782252326.mp4,2026-06-16 19:45:04,False
3916,微卷大波浪 树莓红,2,director,2,2,,/Users/claw/work/douyin-recorder/backend/../recordings/director_outputs/director_output_1783161597.mp4,2,/Users/claw/work/douyin-recorder/backend/../recordings/director_outputs/director_output_1783223149.mp4,2026-06-17 07:01:14,False
3917,凯瑟琳大波浪卷发 咖啡棕,2,director,2,2,,/Users/claw/work/douyin-recorder/backend/../recordings/director_outputs/director_output_1782099583.mp4,2,/Users/claw/work/douyin-recorder/backend/../recordings/director_outputs/director_output_1782427886.mp4,2026-06-17 08:05:41,False
3918,海藻卷大波浪 灰粉色,2,director,2,2,,/Users/claw/work/douyin-recorder/backend/../recordings/director_outputs/director_output_1782200496.mp4,2,/Users/claw/work/douyin-recorder/backend/../recordings/director_outputs/director_output_1782336501.mp4,2026-06-17 08:31:38,False
3919,15号 金色,2,director,2,2,,/Users/claw/work/douyin-recorder/backend/../recordings/director_outputs/director_output_1782231719.mp4,2,/Users/claw/work/douyin-recorder/backend/../recordings/director_outputs/director_output_1782427649.mp4,2026-06-17 09:05:58,False
3920,泼泼卷/大波浪 巧克力棕/咖啡棕,2,director,2,2,,/Users/claw/work/douyin-recorder/backend/../recordings/director_outputs/director_output_1782099548.mp4,2,/Users/claw/work/douyin-recorder/backend/../recordings/director_outputs/director_output_1782336200.mp4,2026-06-17 10:10:00,False
3921,比熊卷/微卷/羊毛卷 黑色/黑茶色,2,director,2,2,,/Users/claw/work/douyin-recorder/backend/../recordings/director_outputs/director_output_1782103794.mp4,2,/Users/claw/work/douyin-recorder/backend/../recordings/director_outputs/director_output_1782251476.mp4,2026-06-17 10:45:31,False
3922,高层次比熊卷 成金色,2,director,2,2,,/Users/claw/work/douyin-recorder/backend/../recordings/director_outputs/director_output_1782103929.mp4,2,/Users/claw/work/douyin-recorder/backend/../recordings/director_outputs/director_output_1782251210.mp4,2026-06-17 10:56:07,False
3923,比熊卷卷,2,director,2,2,,/Users/claw/work/douyin-recorder/backend/../recordings/director_outputs/director_output_1782200370.mp4,2,/Users/claw/work/douyin-recorder/backend/../recordings/director_outputs/director_output_1782202084.mp4,2026-06-17 11:44:12,False
3924,高层次微卷 灰粉色,2,director,2,2,,/Users/claw/work/douyin-recorder/backend/../recordings/director_outputs/director_output_1782106817.mp4,2,/Users/claw/work/douyin-recorder/backend/../recordings/director_outputs/director_output_1782525475.mp4,2026-06-17 11:51:47,False
3925,比熊卷/高层次卷发 成金色/浅棕色,2,director,2,2,,/Users/claw/work/douyin-recorder/backend/../recordings/director_outputs/director_output_1782106874.mp4,2,/Users/claw/work/douyin-recorder/backend/../recordings/director_outputs/director_output_1782336056.mp4,2026-06-17 22:21:33,False
3926,微卷/羊毛卷 奶茶色/黑巧克力色,2,director,2,2,,/Users/claw/work/douyin-recorder/backend/../recordings/director_outputs/director_output_1782106888.mp4,2,/Users/claw/work/douyin-recorder/backend/../recordings/director_outputs/director_output_1782335933.mp4,2026-06-18 02:52:07,False
3927,13号零件（日系古早梨花烫/水母头） 黑棕色,2,director,2,2,,/Users/claw/work/douyin-recorder/backend/../recordings/director_outputs/director_output_1782106955.mp4,2,/Users/claw/work/douyin-recorder/backend/../recordings/director_outputs/director_output_1782335707.mp4,2026-06-18 03:20:56,False
3929,四号中分,2,director,2,2,,/Users/claw/work/douyin-recorder/backend/../recordings/director_outputs/director_output_1782111511.mp4,2,/Users/claw/work/douyin-recorder/backend/../recordings/director_outputs/director_output_1782250038.mp4,2026-06-18 07:12:26,False
3930,梦中情卷,2,director,2,2,,/Users/claw/work/douyin-recorder/backend/../recordings/director_outputs/director_output_1782320989.mp4,2,/Users/claw/work/douyin-recorder/backend/../recordings/director_outputs/director_output_1782202059.mp4,2026-06-18 07:17:20,False
3931,星形卷头/V卷 浅奶茶灰棕色,2,director,2,2,,/Users/claw/work/douyin-recorder/backend/../recordings/director_outputs/director_output_1781768406.mp4,2,/Users/claw/work/douyin-recorder/backend/../recordings/director_outputs/director_output_1781772248.mp4,2026-06-18 07:33:12,False
3932,起流号/中分卷发 灰金,2,director,2,2,,/Users/claw/work/douyin-recorder/backend/../recordings/director_outputs/director_output_1782101675.mp4,2,/Users/claw/work/douyin-recorder/backend/../recordings/director_outputs/director_output_1782387731.mp4,2026-06-18 07:35:55,False
3933,梨花烫中长发 琥珀色,2,director,2,2,,/Users/claw/work/douyin-recorder/backend/../recordings/director_outputs/director_output_1782199988.mp4,2,/Users/claw/work/douyin-recorder/backend/../recordings/director_outputs/director_output_1782427553.mp4,2026-06-18 07:36:26,False
3934,"黑色, 摩卡色, 白金",1,director,2,2,,/Users/claw/work/douyin-recorder/backend/../recordings/director_outputs/director_output_1782199851.mp4,2,/Users/claw/work/douyin-recorder/backend/../recordings/director_outputs/director_output_1782525159.mp4,2026-06-18 07:39:06,False
3936,中分、齐罗号（齐刘海）、卷发 灰棕、浅奶茶色,2,director,2,2,,/Users/claw/work/douyin-recorder/backend/../recordings/director_outputs/director_output_1782199751.mp4,2,/Users/claw/work/douyin-recorder/backend/../recordings/director_outputs/director_output_1782249778.mp4,2026-06-18 07:41:43,False
3938,13号零件 黑棕色,2,director,2,2,,/Users/claw/work/douyin-recorder/backend/../recordings/director_outputs/director_output_1782111530.mp4,2,/Users/claw/work/douyin-recorder/backend/../recordings/director_outputs/director_output_1782387315.mp4,2026-06-18 07:42:55,False
3939,羊毛卷/海藻卷 灰金色/粉色,2,director,2,2,,/Users/claw/work/douyin-recorder/backend/../recordings/director_outputs/director_output_1782102064.mp4,2,/Users/claw/work/douyin-recorder/backend/../recordings/director_outputs/director_output_1782335221.mp4,2026-06-18 07:45:07,False
3940,小拉美卷 灰金色,2,director,2,2,,/Users/claw/work/douyin-recorder/backend/../recordings/director_outputs/director_output_1782102153.mp4,2,/Users/claw/work/douyin-recorder/backend/../recordings/director_outputs/director_output_1782387365.mp4,2026-06-18 07:46:40,False
3941,羊毛卷/小卷/中分/齐柔好 灰金色/蜜桃粉/白色/棕色,2,director,2,2,,/Users/claw/work/douyin-recorder/backend/../recordings/director_outputs/director_output_1782102127.mp4,2,/Users/claw/work/douyin-recorder/backend/../recordings/director_outputs/director_output_1782249032.mp4,2026-06-18 07:48:23,False
3942,大头皮中分/三七分卷发 树莓红,2,director,2,2,,/Users/claw/work/douyin-recorder/backend/../recordings/director_outputs/director_output_1782102183.mp4,2,/Users/claw/work/douyin-recorder/backend/../recordings/director_outputs/director_output_1782248381.mp4,2026-06-18 07:49:17,False
3943,中分大波浪/短发 蜜茶亚麻棕,2,director,2,2,,/Users/claw/work/douyin-recorder/backend/../recordings/director_outputs/director_output_1782102402.mp4,2,/Users/claw/work/douyin-recorder/backend/../recordings/director_outputs/director_output_1782335045.mp4,2026-06-18 07:50:32,False
3944,中分公主头/大波浪 自然黑/蜜茶棕,2,director,2,2,,/Users/claw/work/douyin-recorder/backend/../recordings/director_outputs/director_output_1782102532.mp4,2,/Users/claw/work/douyin-recorder/backend/../recordings/director_outputs/director_output_1782334854.mp4,2026-06-18 07:52:02,False
3945,起流汗、羊毛卷 黑马、黑茶色,2,director,2,2,,/Users/claw/work/douyin-recorder/backend/../recordings/director_outputs/director_output_1782102519.mp4,2,/Users/claw/work/douyin-recorder/backend/../recordings/director_outputs/director_output_1782248245.mp4,2026-06-18 07:52:58,False
3946,中分款 浅色,2,director,2,2,,/Users/claw/work/douyin-recorder/backend/../recordings/director_outputs/director_output_1782102556.mp4,2,/Users/claw/work/douyin-recorder/backend/../recordings/director_outputs/director_output_1782387271.mp4,2026-06-18 07:53:26,False
3947,黑茶芝士/澳洲紫玫瑰 黑茶色/澳洲紫玫瑰,1,director,2,2,,/Users/claw/work/douyin-recorder/backend/../recordings/director_outputs/director_output_1782102739.mp4,2,/Users/claw/work/douyin-recorder/backend/../recordings/director_outputs/director_output_1782525380.mp4,2026-06-18 07:55:09,False
3948,大波浪卷发、短发 蜜茶亚麻棕,2,director,2,2,,/Users/claw/work/douyin-recorder/backend/../recordings/director_outputs/director_output_1782102911.mp4,2,/Users/claw/work/douyin-recorder/backend/../recordings/director_outputs/director_output_1782247466.mp4,2026-06-18 07:55:53,False
3949,"蜂蜜棕, 奶茶灰棕色",2,director,2,2,,/Users/claw/work/douyin-recorder/backend/../recordings/director_outputs/director_output_1782102920.mp4,2,/Users/claw/work/douyin-recorder/backend/../recordings/director_outputs/director_output_1782247361.mp4,2026-06-18 07:57:32,False
3951,超高层次卷发 橘金发,1,director,2,2,,/Users/claw/work/douyin-recorder/backend/../recordings/director_outputs/director_output_1782111494.mp4,2,/Users/claw/work/douyin-recorder/backend/../recordings/director_outputs/director_output_1782525473.mp4,2026-06-18 08:00:00,False
3952,高颅顶公主头,1,director,2,2,,/Users/claw/work/douyin-recorder/backend/../recordings/director_outputs/director_output_1782103000.mp4,2,/Users/claw/work/douyin-recorder/backend/../recordings/director_outputs/director_output_1782524879.mp4,2026-06-18 08:00:52,False
3953,免醒发,1,director,2,2,,/Users/claw/work/douyin-recorder/backend/../recordings/director_outputs/director_output_1782103054.mp4,2,/Users/claw/work/douyin-recorder/backend/../recordings/director_outputs/director_output_1782525472.mp4,2026-06-18 08:02:53,False
3955,天蝎,1,director,2,2,,/Users/claw/work/douyin-recorder/backend/../recordings/director_outputs/director_output_1782199728.mp4,2,/Users/claw/work/douyin-recorder/backend/../recordings/director_outputs/director_output_1782523504.mp4,2026-06-18 08:07:38,False
3956,齐老直发 氧气粒子,1,director,2,2,,/Users/claw/work/douyin-recorder/backend/../recordings/director_outputs/director_output_1782103265.mp4,2,/Users/claw/work/douyin-recorder/backend/../recordings/director_outputs/director_output_1782523525.mp4,2026-06-18 08:09:12,False
3958,POPO卷/海藻卷 深棕/奶茶灰棕,2,director,2,2,,/Users/claw/work/douyin-recorder/backend/../recordings/director_outputs/director_output_1782117919.mp4,2,/Users/claw/work/douyin-recorder/backend/../recordings/director_outputs/director_output_1782246174.mp4,2026-06-18 08:14:45,False
3959,微卷发/起流号/取颅号 黑茶色/黄米色/浅奶茶/灰棕色,2,director,2,2,,/Users/claw/work/douyin-recorder/backend/../recordings/director_outputs/director_output_1782117968.mp4,2,/Users/claw/work/douyin-recorder/backend/../recordings/director_outputs/director_output_1782334012.mp4,2026-06-18 08:16:24,False
3960,微卷高层次长发 奶茶灰棕色,2,director,2,2,,/Users/claw/work/douyin-recorder/backend/../recordings/director_outputs/director_output_1782104594.mp4,2,/Users/claw/work/douyin-recorder/backend/../recordings/director_outputs/director_output_1782426715.mp4,2026-06-18 08:17:25,False
3961,美式刘海染假发,1,director,2,2,,/Users/claw/work/douyin-recorder/backend/../recordings/director_outputs/director_output_1782104596.mp4,2,/Users/claw/work/douyin-recorder/backend/../recordings/director_outputs/director_output_1782523525.mp4,2026-06-18 08:18:58,False
3962,起露耳 粉色,2,director,2,2,,/Users/claw/work/douyin-recorder/backend/../recordings/director_outputs/director_output_1782104691.mp4,2,/Users/claw/work/douyin-recorder/backend/../recordings/director_outputs/director_output_1782245823.mp4,2026-06-18 08:20:33,False
3963,万相遇短发,2,director,2,2,,/Users/claw/work/douyin-recorder/backend/../recordings/director_outputs/director_output_1782199486.mp4,2,/Users/claw/work/douyin-recorder/backend/../recordings/director_outputs/director_output_1782426407.mp4,2026-06-18 08:21:48,False
3964,美式刘海假发 深棕,1,director,2,2,,/Users/claw/work/douyin-recorder/backend/../recordings/director_outputs/director_output_1782199248.mp4,2,/Users/claw/work/douyin-recorder/backend/../recordings/director_outputs/director_output_1782523250.mp4,2026-06-18 08:23:39,False
3966,英诺短发,2,director,2,2,,/Users/claw/work/douyin-recorder/backend/../recordings/director_outputs/director_output_1782111804.mp4,2,/Users/claw/work/douyin-recorder/backend/../recordings/director_outputs/director_output_1782523225.mp4,2026-06-18 08:26:03,False
3967,高马尾,1,director,2,2,,/Users/claw/work/douyin-recorder/backend/../recordings/director_outputs/director_output_1782105044.mp4,2,/Users/claw/work/douyin-recorder/backend/../recordings/director_outputs/director_output_1782523178.mp4,2026-06-18 08:27:29,False
3968,羊毛卷/洗脑号 黑色,2,director,2,2,,/Users/claw/work/douyin-recorder/backend/../recordings/director_outputs/director_output_1782105073.mp4,2,/Users/claw/work/douyin-recorder/backend/../recordings/director_outputs/director_output_1782463792.mp4,2026-06-18 08:29:12,False
3969,免打理系列/齐刘海/拉眉卷 嫩棕色/灰金色,2,director,2,2,,/Users/claw/work/douyin-recorder/backend/../recordings/director_outputs/director_output_1782105130.mp4,2,/Users/claw/work/douyin-recorder/backend/../recordings/director_outputs/director_output_1782244508.mp4,2026-06-18 08:35:21,False
3970,齐罗哈 前奈茶灰棕色,2,director,2,2,,/Users/claw/work/douyin-recorder/backend/../recordings/director_outputs/director_output_1781772096.mp4,2,/Users/claw/work/douyin-recorder/backend/../recordings/director_outputs/director_output_1781775707.mp4,2026-06-18 08:36:47,False
3971,Miu和小白链卷 蜂蜜棕,2,director,2,2,,/Users/claw/work/douyin-recorder/backend/../recordings/director_outputs/director_output_1781772392.mp4,-1,,2026-06-18 08:37:26,False
3973,起楼哈 红辣椒,2,director,2,2,,/Users/claw/work/douyin-recorder/backend/../recordings/director_outputs/director_output_1782105421.mp4,2,/Users/claw/work/douyin-recorder/backend/../recordings/director_outputs/director_output_1782333034.mp4,2026-06-18 08:41:20,False
3974,古早梨花内扣高层次卷发 自然黑/发棕,2,director,2,2,,/Users/claw/work/douyin-recorder/backend/../recordings/director_outputs/director_output_1782105444.mp4,2,/Users/claw/work/douyin-recorder/backend/../recordings/director_outputs/director_output_1782244130.mp4,2026-06-18 08:42:59,False
3976,中风款 浅奶茶灰色,2,director,2,2,,/Users/claw/work/douyin-recorder/backend/../recordings/director_outputs/director_output_1782105493.mp4,2,/Users/claw/work/douyin-recorder/backend/../recordings/director_outputs/director_output_1782385551.mp4,2026-06-18 08:44:45,False
3977,中分高层次卷发 黑茶色,2,director,2,2,,/Users/claw/work/douyin-recorder/backend/../recordings/director_outputs/director_output_1782105527.mp4,2,/Users/claw/work/douyin-recorder/backend/../recordings/director_outputs/director_output_1782385490.mp4,2026-06-18 08:46:17,False
3978,中分/起流号/羊毛卷 黑茶色/树莓红,2,director,2,2,,/Users/claw/work/douyin-recorder/backend/../recordings/director_outputs/director_output_1782105743.mp4,2,/Users/claw/work/douyin-recorder/backend/../recordings/director_outputs/director_output_1782385531.mp4,2026-06-18 08:47:42,False
3979,半熟恋人/水光绸缎/紫鸢 冷棕色/黑茶色/灰紫色,2,director,2,2,,/Users/claw/work/douyin-recorder/backend/../recordings/director_outputs/director_output_1782105851.mp4,2,/Users/claw/work/douyin-recorder/backend/../recordings/director_outputs/director_output_1782463691.mp4,2026-06-18 08:50:29,False
3980,中分大波浪 黑茶色,2,director,2,2,,/Users/claw/work/douyin-recorder/backend/../recordings/director_outputs/director_output_1782105892.mp4,2,/Users/claw/work/douyin-recorder/backend/../recordings/director_outputs/director_output_1782243007.mp4,2026-06-18 08:51:25,False
3982,极品小麦 粉橘气泡,1,director,2,2,,/Users/claw/work/douyin-recorder/backend/../recordings/director_outputs/director_output_1782105911.mp4,2,/Users/claw/work/douyin-recorder/backend/../recordings/director_outputs/director_output_1782523546.mp4,2026-06-18 08:57:00,False
3983,氧气粒子直 棕色,1,director,2,2,,/Users/claw/work/douyin-recorder/backend/../recordings/director_outputs/director_output_1782106506.mp4,2,/Users/claw/work/douyin-recorder/backend/../recordings/director_outputs/director_output_1782523050.mp4,2026-06-18 08:57:47,False
3985,免醒发直发,1,director,2,2,,/Users/claw/work/douyin-recorder/backend/../recordings/director_outputs/director_output_1782199162.mp4,2,/Users/claw/work/douyin-recorder/backend/../recordings/director_outputs/director_output_1782523020.mp4,2026-06-18 08:59:46,False
3986,极品小链接 橘色,1,director,2,2,,/Users/claw/work/douyin-recorder/backend/../recordings/director_outputs/director_output_1782106510.mp4,2,/Users/claw/work/douyin-recorder/backend/../recordings/director_outputs/director_output_1782523019.mp4,2026-06-18 09:01:09,False
3988,中分狼尾/天蝎座 黑茶色/白金色,1,director,2,2,,/Users/claw/work/douyin-recorder/backend/../recordings/director_outputs/director_output_1782106589.mp4,2,/Users/claw/work/douyin-recorder/backend/../recordings/director_outputs/director_output_1782523078.mp4,2026-06-18 09:05:55,False
3989,免发网中短发/起楼号 浅奶茶灰棕色,2,director,2,2,,/Users/claw/work/douyin-recorder/backend/../recordings/director_outputs/director_output_1782110644.mp4,2,/Users/claw/work/douyin-recorder/backend/../recordings/director_outputs/director_output_1782332006.mp4,2026-06-18 09:08:17,False
3990,飞卷发/微卷发 蜂蜜茶棕,2,director,2,2,,/Users/claw/work/douyin-recorder/backend/../recordings/director_outputs/director_output_1782110537.mp4,2,/Users/claw/work/douyin-recorder/backend/../recordings/director_outputs/director_output_1782241976.mp4,2026-06-18 09:09:04,False
3991,七周哈 巧克力色,2,director,2,2,,/Users/claw/work/douyin-recorder/backend/../recordings/director_outputs/director_output_1782110513.mp4,2,/Users/claw/work/douyin-recorder/backend/../recordings/director_outputs/director_output_1782463054.mp4,2026-06-18 09:12:03,False
3994,冷棕色蓬松短发 冷棕色,2,director,2,2,,/Users/claw/work/douyin-recorder/backend/../recordings/director_outputs/director_output_1782110459.mp4,2,/Users/claw/work/douyin-recorder/backend/../recordings/director_outputs/director_output_1782241445.mp4,2026-06-18 09:17:34,False
3995,粉红泡芙 冷棕,1,director,2,2,,/Users/claw/work/douyin-recorder/backend/../recordings/director_outputs/director_output_1782110221.mp4,2,/Users/claw/work/douyin-recorder/backend/../recordings/director_outputs/director_output_1782384689.mp4,2026-06-18 09:20:14,False
3996,围卷/大卷 蜜棕色,2,director,2,2,,/Users/claw/work/douyin-recorder/backend/../recordings/director_outputs/director_output_1782110150.mp4,2,/Users/claw/work/douyin-recorder/backend/../recordings/director_outputs/director_output_1782425176.mp4,2026-06-18 09:23:27,False
3997,齐罗海漫画刘海 黑茶色,1,director,2,2,,/Users/claw/work/douyin-recorder/backend/../recordings/director_outputs/director_output_1782286287.mp4,2,/Users/claw/work/douyin-recorder/backend/../recordings/director_outputs/director_output_1782520154.mp4,2026-06-18 09:25:07,False
3998,中分补发片 白金色,1,director,2,2,,/Users/claw/work/douyin-recorder/backend/../recordings/director_outputs/director_output_1782108634.mp4,2,/Users/claw/work/douyin-recorder/backend/../recordings/director_outputs/director_output_1782520118.mp4,2026-06-18 09:27:01,False
3999,白金色,2,director,2,2,,/Users/claw/work/douyin-recorder/backend/../recordings/director_outputs/director_output_1782108708.mp4,2,/Users/claw/work/douyin-recorder/backend/../recordings/director_outputs/director_output_1782331347.mp4,2026-06-18 09:29:58,False
4000,公主头/小卷 自然黑/蜂蜜棕色/白金色,2,director,2,2,,/Users/claw/work/douyin-recorder/backend/../recordings/director_outputs/director_output_1782108932.mp4,2,/Users/claw/work/douyin-recorder/backend/../recordings/director_outputs/director_output_1782240320.mp4,2026-06-18 09:30:59,False
4001,中分微卷发/堆堆熊 自然黑/黑棕色,2,director,2,2,,/Users/claw/work/douyin-recorder/backend/../recordings/director_outputs/director_output_1782108956.mp4,2,/Users/claw/work/douyin-recorder/backend/../recordings/director_outputs/director_output_1782520169.mp4,2026-06-18 09:31:44,False
4002,三号直发,2,director,2,2,,/Users/claw/work/douyin-recorder/backend/../recordings/director_outputs/director_output_1782109011.mp4,2,/Users/claw/work/douyin-recorder/backend/../recordings/director_outputs/director_output_1782239740.mp4,2026-06-18 09:36:30,False
4003,梨花烫/水母头高层次 黑棕色,2,director,2,2,,/Users/claw/work/douyin-recorder/backend/../recordings/director_outputs/director_output_1781775793.mp4,-1,,2026-06-18 09:38:57,False
4004,起流号/周芬/羊毛卷 蜜茶色/黑色,2,director,2,2,,/Users/claw/work/douyin-recorder/backend/../recordings/director_outputs/director_output_1782109081.mp4,2,/Users/claw/work/douyin-recorder/backend/../recordings/director_outputs/director_output_1782239695.mp4,2026-06-18 09:42:06,False
4006,中短发/免发网款 金色/灰金色,2,director,2,2,,/Users/claw/work/douyin-recorder/backend/../recordings/director_outputs/director_output_1782109193.mp4,2,/Users/claw/work/douyin-recorder/backend/../recordings/director_outputs/director_output_1782331108.mp4,2026-06-18 09:46:45,False
4007,海藻卷/暴躁款 黑巧克力色,2,director,2,2,,/Users/claw/work/douyin-recorder/backend/../recordings/director_outputs/director_output_1782110052.mp4,2,/Users/claw/work/douyin-recorder/backend/../recordings/director_outputs/director_output_1782520083.mp4,2026-06-18 09:49:14,False
4008,高层次小卷发 灰金色,2,director,2,2,,/Users/claw/work/douyin-recorder/backend/../recordings/director_outputs/director_output_1782109313.mp4,2,/Users/claw/work/douyin-recorder/backend/../recordings/director_outputs/director_output_1782383994.mp4,2026-06-18 09:50:32,False
4009,大卷/小卷 棕色/粉色,2,director,2,2,,/Users/claw/work/douyin-recorder/backend/../recordings/director_outputs/director_output_1782109735.mp4,2,/Users/claw/work/douyin-recorder/backend/../recordings/director_outputs/director_output_1782238959.mp4,2026-06-18 09:51:25,False
4010,蜂蜜茶棕色微卷发 蜂蜜茶棕色,2,director,2,2,,/Users/claw/work/douyin-recorder/backend/../recordings/director_outputs/director_output_1782109823.mp4,2,/Users/claw/work/douyin-recorder/backend/../recordings/director_outputs/director_output_1782330748.mp4,2026-06-18 09:52:50,False
4011,五号短发 香槟色,2,director,2,2,,/Users/claw/work/douyin-recorder/backend/../recordings/director_outputs/director_output_1782109802.mp4,2,/Users/claw/work/douyin-recorder/backend/../recordings/director_outputs/director_output_1782330668.mp4,2026-06-18 09:53:38,False
4012,浅奶茶灰棕,2,director,2,2,,/Users/claw/work/douyin-recorder/backend/../recordings/director_outputs/director_output_1782109839.mp4,2,/Users/claw/work/douyin-recorder/backend/../recordings/director_outputs/director_output_1782424662.mp4,2026-06-18 09:56:03,False
4013,冷棕色复合卷长发 冷棕色,2,director,2,2,,/Users/claw/work/douyin-recorder/backend/../recordings/director_outputs/director_output_1782118432.mp4,2,/Users/claw/work/douyin-recorder/backend/../recordings/director_outputs/director_output_1782330528.mp4,2026-06-18 09:57:07,False
4015,中分长发 灰粉色,2,director,2,2,,/Users/claw/work/douyin-recorder/backend/../recordings/director_outputs/director_output_1782198927.mp4,2,/Users/claw/work/douyin-recorder/backend/../recordings/director_outputs/director_output_1782237855.mp4,2026-06-18 10:00:37,False
4016,优优酱/半身 冷棕/稀有粉金,2,director,2,2,,/Users/claw/work/douyin-recorder/backend/../recordings/director_outputs/director_output_1782112149.mp4,2,/Users/claw/work/douyin-recorder/backend/../recordings/director_outputs/director_output_1782237603.mp4,2026-06-18 10:05:59,False
4017,V卷长发 蜂蜜茶棕色,2,director,2,2,,/Users/claw/work/douyin-recorder/backend/../recordings/director_outputs/director_output_1782112102.mp4,2,/Users/claw/work/douyin-recorder/backend/../recordings/director_outputs/director_output_1782237338.mp4,2026-06-18 10:08:50,False
4018,灰紫紫园 灰紫色,2,director,2,2,,/Users/claw/work/douyin-recorder/backend/../recordings/director_outputs/director_output_1782112198.mp4,2,/Users/claw/work/douyin-recorder/backend/../recordings/director_outputs/director_output_1782237131.mp4,2026-06-18 10:09:49,False
4019,高阶/悠悠将/伴手 冷宗稀有粉金,2,director,2,2,,/Users/claw/work/douyin-recorder/backend/../recordings/director_outputs/director_output_1782112292.mp4,2,/Users/claw/work/douyin-recorder/backend/../recordings/director_outputs/director_output_1782236981.mp4,2026-06-18 10:12:45,False
4020,四号脸肩/四号中分 黑麻色,2,director,2,2,,/Users/claw/work/douyin-recorder/backend/../recordings/director_outputs/director_output_1782112471.mp4,2,/Users/claw/work/douyin-recorder/backend/../recordings/director_outputs/director_output_1782462579.mp4,2026-06-18 10:16:22,False
4021,中短发免发网两用假发 4号小白梨,2,director,2,2,,/Users/claw/work/douyin-recorder/backend/../recordings/director_outputs/director_output_1782112497.mp4,2,/Users/claw/work/douyin-recorder/backend/../recordings/director_outputs/director_output_1782236550.mp4,2026-06-18 10:17:16,False
4022,灰紫色水波纹小卷 灰紫色,2,director,2,2,,/Users/claw/work/douyin-recorder/backend/../recordings/director_outputs/director_output_1782112616.mp4,2,/Users/claw/work/douyin-recorder/backend/../recordings/director_outputs/director_output_1782383729.mp4,2026-06-18 10:18:26,False
4023,中分V卷长发 蜂蜜茶棕色,2,director,2,2,,/Users/claw/work/douyin-recorder/backend/../recordings/director_outputs/director_output_1782112724.mp4,2,/Users/claw/work/douyin-recorder/backend/../recordings/director_outputs/director_output_1782383574.mp4,2026-06-18 10:21:07,False
4024,75厘米大卷 卡其色,2,director,2,2,,/Users/claw/work/douyin-recorder/backend/../recordings/director_outputs/director_output_1782112842.mp4,2,/Users/claw/work/douyin-recorder/backend/../recordings/director_outputs/director_output_1782330076.mp4,2026-06-18 10:22:25,False
4026,韩式短发 茶棕色,2,director,2,2,,/Users/claw/work/douyin-recorder/backend/../recordings/director_outputs/director_output_1782112914.mp4,2,/Users/claw/work/douyin-recorder/backend/../recordings/director_outputs/director_output_1782235770.mp4,2026-06-18 10:24:30,False
4027,中短发免发网全头套 浅奶茶灰色,2,director,2,2,,/Users/claw/work/douyin-recorder/backend/../recordings/director_outputs/director_output_1782112945.mp4,2,/Users/claw/work/douyin-recorder/backend/../recordings/director_outputs/director_output_1782329859.mp4,2026-06-18 10:28:47,False
4028,黑色卷发 黑色,2,director,2,2,,/Users/claw/work/douyin-recorder/backend/../recordings/director_outputs/director_output_1782113054.mp4,2,/Users/claw/work/douyin-recorder/backend/../recordings/director_outputs/director_output_1782329746.mp4,2026-06-18 10:29:26,False
4029,中分/齐刘海直发 黑巧克力色,2,director,2,2,,/Users/claw/work/douyin-recorder/backend/../recordings/director_outputs/director_output_1782113169.mp4,2,/Users/claw/work/douyin-recorder/backend/../recordings/director_outputs/director_output_1782424518.mp4,2026-06-18 10:31:13,False
4032,打几壶/紫园/九号中分 灰金色/黑色/紫色,2,director,2,2,,/Users/claw/work/douyin-recorder/backend/../recordings/director_outputs/director_output_1782113324.mp4,2,/Users/claw/work/douyin-recorder/backend/../recordings/director_outputs/director_output_1782329600.mp4,2026-06-18 10:37:57,False
4034,小拉眉卷/海藻卷 灰金,2,director,2,2,,/Users/claw/work/douyin-recorder/backend/../recordings/director_outputs/director_output_1782113298.mp4,2,/Users/claw/work/douyin-recorder/backend/../recordings/director_outputs/director_output_1782329413.mp4,2026-06-18 10:40:52,False
4035,三号暴躁卷发 黑巧克力色,2,director,2,2,,/Users/claw/work/douyin-recorder/backend/../recordings/director_outputs/director_output_1782113396.mp4,2,/Users/claw/work/douyin-recorder/backend/../recordings/director_outputs/director_output_1782519931.mp4,2026-06-18 10:41:39,False
4036,小羊毛卷 黑茶色,2,director,2,2,,/Users/claw/work/douyin-recorder/backend/../recordings/director_outputs/director_output_1782198692.mp4,2,/Users/claw/work/douyin-recorder/backend/../recordings/director_outputs/director_output_1782424249.mp4,2026-06-18 10:46:19,False
4037,小拉美卷/水波纹/中分 灰金色/自然黑/紫园,2,director,2,2,,/Users/claw/work/douyin-recorder/backend/../recordings/director_outputs/director_output_1782113690.mp4,2,/Users/claw/work/douyin-recorder/backend/../recordings/director_outputs/director_output_1782424175.mp4,2026-06-18 10:50:50,False
4038,小拉眉卷/海藻卷 灰金/黑巧克力色,2,director,2,2,,/Users/claw/work/douyin-recorder/backend/../recordings/director_outputs/director_output_1782113669.mp4,2,/Users/claw/work/douyin-recorder/backend/../recordings/director_outputs/director_output_1782328826.mp4,2026-06-18 10:51:52,False
4039,海藻卷/还早卷 灰粉纱金渐变色,2,director,2,2,,/Users/claw/work/douyin-recorder/backend/../recordings/director_outputs/director_output_1782113743.mp4,2,/Users/claw/work/douyin-recorder/backend/../recordings/director_outputs/director_output_1782424067.mp4,2026-06-18 10:53:50,False
4040,3号暴躁卷发/中分直发 深棕黑巧色,2,director,2,2,,/Users/claw/work/douyin-recorder/backend/../recordings/director_outputs/director_output_1782118453.mp4,2,/Users/claw/work/douyin-recorder/backend/../recordings/director_outputs/director_output_1782462449.mp4,2026-06-18 10:55:14,False
4041,一号脸肩（露丝款微卷） 蜂蜜棕,2,director,2,2,,/Users/claw/work/douyin-recorder/backend/../recordings/director_outputs/director_output_1782113817.mp4,2,/Users/claw/work/douyin-recorder/backend/../recordings/director_outputs/director_output_1782423851.mp4,2026-06-18 10:56:28,False
4042,海藻卷中分假发 灰粉沙丁渐变色,2,director,2,2,,/Users/claw/work/douyin-recorder/backend/../recordings/director_outputs/director_output_1781780629.mp4,2,/Users/claw/work/douyin-recorder/backend/../recordings/director_outputs/director_output_1781780687.mp4,2026-06-18 11:01:03,False
4043,免洗发网短发/中长发 冷棕色,2,director,2,2,,/Users/claw/work/douyin-recorder/backend/../recordings/director_outputs/director_output_1782114041.mp4,2,/Users/claw/work/douyin-recorder/backend/../recordings/director_outputs/director_output_1782382741.mp4,2026-06-18 11:03:29,False
4044,蜂蜜棕微卷长发 蜂蜜棕,2,director,2,2,,/Users/claw/work/douyin-recorder/backend/../recordings/director_outputs/director_output_1782114089.mp4,2,/Users/claw/work/douyin-recorder/backend/../recordings/director_outputs/director_output_1782186438.mp4,2026-06-18 11:05:26,False
4045,免打理直发/经典款 自然色/冷棕色,2,director,2,2,,/Users/claw/work/douyin-recorder/backend/../recordings/director_outputs/director_output_1782114141.mp4,2,/Users/claw/work/douyin-recorder/backend/../recordings/director_outputs/director_output_1782186334.mp4,2026-06-18 11:10:43,False
4046,中短发/长发卷发 灰紫色/浅奶茶灰棕,2,director,2,2,,/Users/claw/work/douyin-recorder/backend/../recordings/director_outputs/director_output_1782114171.mp4,2,/Users/claw/work/douyin-recorder/backend/../recordings/director_outputs/director_output_1782186240.mp4,2026-06-18 11:11:42,False
4047,免发网假发 冷棕色,2,director,2,2,,/Users/claw/work/douyin-recorder/backend/../recordings/director_outputs/director_output_1782114315.mp4,2,/Users/claw/work/douyin-recorder/backend/../recordings/director_outputs/director_output_1782186204.mp4,2026-06-18 11:12:26,False
4048,小短发 黑茶,1,director,2,2,,/Users/claw/work/douyin-recorder/backend/../recordings/director_outputs/director_output_1782114423.mp4,2,/Users/claw/work/douyin-recorder/backend/../recordings/director_outputs/director_output_1782186214.mp4,2026-06-18 11:15:28,False
4049,双马尾 茶棕,1,director,2,2,,/Users/claw/work/douyin-recorder/backend/../recordings/director_outputs/director_output_1782114495.mp4,2,/Users/claw/work/douyin-recorder/backend/../recordings/director_outputs/director_output_1782186102.mp4,2026-06-18 11:16:16,False
4050,免醒发假发 茶棕色,1,director,2,2,,/Users/claw/work/douyin-recorder/backend/../recordings/director_outputs/director_output_1782118486.mp4,2,/Users/claw/work/douyin-recorder/backend/../recordings/director_outputs/director_output_1782185975.mp4,2026-06-18 11:18:58,False
4051,茶凤芝士 茶棕色,1,director,2,2,,/Users/claw/work/douyin-recorder/backend/../recordings/director_outputs/director_output_1782114551.mp4,2,/Users/claw/work/douyin-recorder/backend/../recordings/director_outputs/director_output_1782185958.mp4,2026-06-18 11:20:47,False
4052,孟茴校园短发,1,director,2,2,,/Users/claw/work/douyin-recorder/backend/../recordings/director_outputs/director_output_1782198533.mp4,2,/Users/claw/work/douyin-recorder/backend/../recordings/director_outputs/director_output_1782328038.mp4,2026-06-18 11:28:45,False
4053,澳洲紫玫瑰企乐号版本 灰紫色,1,director,2,2,,/Users/claw/work/douyin-recorder/backend/../recordings/director_outputs/director_output_1782118472.mp4,2,/Users/claw/work/douyin-recorder/backend/../recordings/director_outputs/director_output_1782185928.mp4,2026-06-18 11:31:17,False
4054,氧气粒子卷 巧克力色,1,director,2,2,,/Users/claw/work/douyin-recorder/backend/../recordings/director_outputs/director_output_1782002698.mp4,-1,,2026-06-18 11:36:40,False
4055,黑巧纯玉棉型发 黑茶色,1,director,2,2,,/Users/claw/work/douyin-recorder/backend/../recordings/director_outputs/director_output_1782118821.mp4,2,/Users/claw/work/douyin-recorder/backend/../recordings/director_outputs/director_output_1782185821.mp4,2026-06-18 11:39:54,False
4056,纯玉短发,1,director,2,2,,/Users/claw/work/douyin-recorder/backend/../recordings/director_outputs/director_output_1782421180.mp4,2,/Users/claw/work/douyin-recorder/backend/../recordings/director_outputs/director_output_1782994790.mp4,2026-06-18 11:42:22,False
4057,养气粒子卷 栗子棕,1,director,2,2,,/Users/claw/work/douyin-recorder/backend/../recordings/director_outputs/director_output_1782118850.mp4,2,/Users/claw/work/douyin-recorder/backend/../recordings/director_outputs/director_output_1782185726.mp4,2026-06-18 11:47:28,False
4058,短发精灵头 黑茶色,1,director,2,2,,/Users/claw/work/douyin-recorder/backend/../recordings/director_outputs/director_output_1782432598.mp4,2,/Users/claw/work/douyin-recorder/backend/../recordings/director_outputs/director_output_1782519985.mp4,2026-06-18 11:50:52,False
4059,中分/齐刘海 紫色/冷棕,1,director,2,2,,/Users/claw/work/douyin-recorder/backend/../recordings/director_outputs/director_output_1782120225.mp4,2,/Users/claw/work/douyin-recorder/backend/../recordings/director_outputs/director_output_1782519937.mp4,2026-06-18 11:51:50,False
4060,齐刘海/斜刘海/半侧扎 澳洲紫玫瑰/中粉/齐刷海,1,director,2,2,,/Users/claw/work/douyin-recorder/backend/../recordings/director_outputs/director_output_1782120227.mp4,2,/Users/claw/work/douyin-recorder/backend/../recordings/director_outputs/director_output_1782519862.mp4,2026-06-18 11:52:55,False
4061,焦糖暖棕,1,director,2,2,,/Users/claw/work/douyin-recorder/backend/../recordings/director_outputs/director_output_1782198250.mp4,2,/Users/claw/work/douyin-recorder/backend/../recordings/director_outputs/director_output_1782519758.mp4,2026-06-18 11:55:57,False
4062,七号零件 黑茶色,1,director,2,2,,/Users/claw/work/douyin-recorder/backend/../recordings/director_outputs/director_output_1782120298.mp4,2,/Users/claw/work/douyin-recorder/backend/../recordings/director_outputs/director_output_1782519742.mp4,2026-06-18 11:59:21,False
4063,多汇/人生/波波头,1,director,2,2,,/Users/claw/work/douyin-recorder/backend/../recordings/director_outputs/director_output_1782123299.mp4,2,/Users/claw/work/douyin-recorder/backend/../recordings/director_outputs/director_output_1782185489.mp4,2026-06-18 12:00:30,False
4064,凌乱感卷发,1,director,2,2,,/Users/claw/work/douyin-recorder/backend/../recordings/director_outputs/director_output_1782123145.mp4,2,/Users/claw/work/douyin-recorder/backend/../recordings/director_outputs/director_output_1782184789.mp4,2026-06-18 12:01:34,False
4065,碎晶晶直发、天蝎座 浅金、黑茶色,1,director,2,2,,/Users/claw/work/douyin-recorder/backend/../recordings/director_outputs/director_output_1782123089.mp4,2,/Users/claw/work/douyin-recorder/backend/../recordings/director_outputs/director_output_1782184726.mp4,2026-06-18 12:06:22,False
4067,有存价存,1,director,2,2,,/Users/claw/work/douyin-recorder/backend/../recordings/director_outputs/director_output_1782123269.mp4,2,/Users/claw/work/douyin-recorder/backend/../recordings/director_outputs/director_output_1782184549.mp4,2026-06-18 12:11:59,False
4068,赏金链 脏橘色,1,director,2,2,,/Users/claw/work/douyin-recorder/backend/../recordings/director_outputs/director_output_1782124035.mp4,2,/Users/claw/work/douyin-recorder/backend/../recordings/director_outputs/director_output_1782184549.mp4,2026-06-18 12:15:29,False
4070,中分微卷/羊毛卷 蜜棕色,2,director,2,2,,/Users/claw/work/douyin-recorder/backend/../recordings/director_outputs/director_output_1782124062.mp4,2,/Users/claw/work/douyin-recorder/backend/../recordings/director_outputs/director_output_1782232300.mp4,2026-06-18 12:30:04,False
4071,澳洲紫玫瑰,1,director,2,2,,/Users/claw/work/douyin-recorder/backend/../recordings/director_outputs/director_output_1782285993.mp4,2,/Users/claw/work/douyin-recorder/backend/../recordings/director_outputs/director_output_1782461728.mp4,2026-06-18 12:31:02,False
4072,水光绸缎/凯瑟琳,2,director,2,2,,/Users/claw/work/douyin-recorder/backend/../recordings/director_outputs/director_output_1782230906.mp4,2,/Users/claw/work/douyin-recorder/backend/../recordings/director_outputs/director_output_1782461663.mp4,2026-06-18 12:35:34,False
4073,韩系微卷发 蜂蜜棕色,2,director,2,2,,/Users/claw/work/douyin-recorder/backend/../recordings/director_outputs/director_output_1782124110.mp4,2,/Users/claw/work/douyin-recorder/backend/../recordings/director_outputs/director_output_1782381690.mp4,2026-06-18 12:39:17,False
4074,亚麻灰调卷发 亚麻灰,1,director,2,2,,/Users/claw/work/douyin-recorder/backend/../recordings/director_outputs/director_output_1782127629.mp4,2,/Users/claw/work/douyin-recorder/backend/../recordings/director_outputs/director_output_1782184296.mp4,2026-06-18 12:41:49,False
4076,亚麻棕蜜桃短发 亚麻棕,2,director,2,2,,/Users/claw/work/douyin-recorder/backend/../recordings/director_outputs/director_output_1782127040.mp4,2,/Users/claw/work/douyin-recorder/backend/../recordings/director_outputs/director_output_1782184288.mp4,2026-06-18 12:46:13,False
4077,起落号/高层次微卷发 奶茶灰棕色,2,director,2,2,,/Users/claw/work/douyin-recorder/backend/../recordings/director_outputs/director_output_1782127589.mp4,2,/Users/claw/work/douyin-recorder/backend/../recordings/director_outputs/director_output_1782183994.mp4,2026-06-18 12:57:52,False
4078,富瑞白齐刘海 挑染挂染,1,director,2,2,,/Users/claw/work/douyin-recorder/backend/../recordings/director_outputs/director_output_1782197767.mp4,2,/Users/claw/work/douyin-recorder/backend/../recordings/director_outputs/director_output_1782519663.mp4,2026-06-18 12:59:03,False
4079,水波纹卷发,1,director,2,2,,/Users/claw/work/douyin-recorder/backend/../recordings/director_outputs/director_output_1782127643.mp4,2,/Users/claw/work/douyin-recorder/backend/../recordings/director_outputs/director_output_1782184004.mp4,2026-06-18 12:59:46,False
4080,半扎发/公主头 香槟色,2,director,2,2,,/Users/claw/work/douyin-recorder/backend/../recordings/director_outputs/director_output_1782127698.mp4,2,/Users/claw/work/douyin-recorder/backend/../recordings/director_outputs/director_output_1782183998.mp4,2026-06-18 13:05:07,False
4081,小白梨 浅奶茶灰棕,2,director,2,2,,/Users/claw/work/douyin-recorder/backend/../recordings/director_outputs/director_output_1782127923.mp4,2,/Users/claw/work/douyin-recorder/backend/../recordings/director_outputs/director_output_1782231693.mp4,2026-06-18 13:07:34,False
4084,纯情大张狼 澳洲紫玫瑰,1,director,2,2,,/Users/claw/work/douyin-recorder/backend/../recordings/director_outputs/director_output_1782128052.mp4,2,/Users/claw/work/douyin-recorder/backend/../recordings/director_outputs/director_output_1782183626.mp4,2026-06-18 13:17:35,False
4085,黑茶,1,director,2,2,,/Users/claw/work/douyin-recorder/backend/../recordings/director_outputs/director_output_1782128069.mp4,2,/Users/claw/work/douyin-recorder/backend/../recordings/director_outputs/director_output_1782519560.mp4,2026-06-18 13:19:37,False
4086,蜜桃乌龙卷/中分/齐刘海 灰粉色/蜜桃乌龙色,2,director,2,2,,/Users/claw/work/douyin-recorder/backend/../recordings/director_outputs/director_output_1782128114.mp4,2,/Users/claw/work/douyin-recorder/backend/../recordings/director_outputs/director_output_1782183609.mp4,2026-06-18 13:22:27,False
4087,伊甸园 冷棕色,2,director,2,2,,/Users/claw/work/douyin-recorder/backend/../recordings/director_outputs/director_output_1782130207.mp4,2,/Users/claw/work/douyin-recorder/backend/../recordings/director_outputs/director_output_1782231414.mp4,2026-06-18 13:27:42,False
4088,冷棕色大波浪 冷棕色,2,director,2,2,,/Users/claw/work/douyin-recorder/backend/../recordings/director_outputs/director_output_1782041903.mp4,2,/Users/claw/work/douyin-recorder/backend/../recordings/director_outputs/director_output_1782185458.mp4,2026-06-18 13:31:20,False
4089,澳洲紫玫瑰 栗棕色,1,director,2,2,,/Users/claw/work/douyin-recorder/backend/../recordings/director_outputs/director_output_1782197671.mp4,2,/Users/claw/work/douyin-recorder/backend/../recordings/director_outputs/director_output_1782199338.mp4,2026-06-18 13:37:36,False
4090,混血baby卷,1,director,2,2,,/Users/claw/work/douyin-recorder/backend/../recordings/director_outputs/director_output_1782285937.mp4,2,/Users/claw/work/douyin-recorder/backend/../recordings/director_outputs/director_output_1782519608.mp4,2026-06-18 13:39:43,False
4091,中分/齐刘海/双马尾/高丸子头 黑茶色,1,director,2,2,,/Users/claw/work/douyin-recorder/backend/../recordings/director_outputs/director_output_1782129739.mp4,2,/Users/claw/work/douyin-recorder/backend/../recordings/director_outputs/director_output_1782185272.mp4,2026-06-18 13:41:01,False
4092,丸子公主头/中色猎人 中色,1,director,2,2,,/Users/claw/work/douyin-recorder/backend/../recordings/director_outputs/director_output_1782130144.mp4,2,/Users/claw/work/douyin-recorder/backend/../recordings/director_outputs/director_output_1782519562.mp4,2026-06-18 13:42:20,False
4095,韩系短卷发 茶棕色,2,director,2,2,,/Users/claw/work/douyin-recorder/backend/../recordings/director_outputs/director_output_1782130186.mp4,2,/Users/claw/work/douyin-recorder/backend/../recordings/director_outputs/director_output_1782230931.mp4,2026-06-18 13:51:00,False
4096,微卷/仙女风 灰紫/蜜糖棕,2,director,2,2,,/Users/claw/work/douyin-recorder/backend/../recordings/director_outputs/director_output_1781791492.mp4,2,/Users/claw/work/douyin-recorder/backend/../recordings/director_outputs/director_output_1781970629.mp4,2026-06-18 13:53:30,False
4097,中分微卷 蜜棕色,2,director,2,2,,/Users/claw/work/douyin-recorder/backend/../recordings/director_outputs/director_output_1781800502.mp4,2,/Users/claw/work/douyin-recorder/backend/../recordings/director_outputs/director_output_1781815509.mp4,2026-06-18 13:59:11,False
4098,高丸子头、中分、骑车号（卷发）、小拉美卷 蜜棕色、灰金色,2,director,2,2,,/Users/claw/work/douyin-recorder/backend/../recordings/director_outputs/director_output_1781792647.mp4,2,/Users/claw/work/douyin-recorder/backend/../recordings/director_outputs/director_output_1781815598.mp4,2026-06-18 14:06:04,False
4099,免醒发中分短发/外翻翘翘头 白金茉莉/芝士色/摩卡色,1,director,2,2,,/Users/claw/work/douyin-recorder/backend/../recordings/director_outputs/director_output_1781792913.mp4,2,/Users/claw/work/douyin-recorder/backend/../recordings/director_outputs/director_output_1781987779.mp4,2026-06-18 14:07:05,False
4100,中分长卷发 逆棕色,2,director,2,2,,/Users/claw/work/douyin-recorder/backend/../recordings/director_outputs/director_output_1781793203.mp4,2,/Users/claw/work/douyin-recorder/backend/../recordings/director_outputs/director_output_1781973317.mp4,2026-06-18 14:08:04,False
4101,"头顶补发片 白金色, 摩卡色, 黑色, 黑茶色",1,director,2,2,,/Users/claw/work/douyin-recorder/backend/../recordings/director_outputs/director_output_1781793494.mp4,2,/Users/claw/work/douyin-recorder/backend/../recordings/director_outputs/director_output_1781980567.mp4,2026-06-18 14:11:08,False
4102,中分卷发 栗棕色,1,director,2,2,,/Users/claw/work/douyin-recorder/backend/../recordings/director_outputs/director_output_1782285858.mp4,2,/Users/claw/work/douyin-recorder/backend/../recordings/director_outputs/director_output_1782519481.mp4,2026-06-18 14:14:19,False
4103,白金,1,director,2,2,,/Users/claw/work/douyin-recorder/backend/../recordings/director_outputs/director_output_1781794399.mp4,2,/Users/claw/work/douyin-recorder/backend/../recordings/director_outputs/director_output_1782133740.mp4,2026-06-18 14:15:44,False
4104,滴马尾 亚马棕,1,director,2,2,,/Users/claw/work/douyin-recorder/backend/../recordings/director_outputs/director_output_1781970600.mp4,2,/Users/claw/work/douyin-recorder/backend/../recordings/director_outputs/director_output_1782010908.mp4,2026-06-18 14:17:06,False
4105,头顶补发片 自然黑、白金,1,director,2,2,,/Users/claw/work/douyin-recorder/backend/../recordings/director_outputs/director_output_1781800493.mp4,-1,,2026-06-18 14:27:43,False
4106,红辣椒树莓红 树莓红,2,director,2,2,,/Users/claw/work/douyin-recorder/backend/../recordings/director_outputs/director_output_1781802121.mp4,2,/Users/claw/work/douyin-recorder/backend/../recordings/director_outputs/director_output_1782006776.mp4,2026-06-18 14:32:48,False
4107,中分/骑车号/小拉美卷 蜜棕色/灰金色,2,director,2,2,,/Users/claw/work/douyin-recorder/backend/../recordings/director_outputs/director_output_1781970634.mp4,2,/Users/claw/work/douyin-recorder/backend/../recordings/director_outputs/director_output_1781971642.mp4,2026-06-18 14:34:29,False
4108,免发网高层次微卷/直发 黑棕色,2,director,2,2,,/Users/claw/work/douyin-recorder/backend/../recordings/director_outputs/director_output_1781970762.mp4,2,/Users/claw/work/douyin-recorder/backend/../recordings/director_outputs/director_output_1781971848.mp4,2026-06-18 14:40:11,False
4109,小卷/微卷中长发 灰金色/冷棕色,2,director,2,2,,/Users/claw/work/douyin-recorder/backend/../recordings/director_outputs/director_output_1781815717.mp4,2,/Users/claw/work/douyin-recorder/backend/../recordings/director_outputs/director_output_1782006841.mp4,2026-06-18 14:41:08,False
4110,小卷/半熟恋人 冷棕色/灰金色,2,director,2,2,,/Users/claw/work/douyin-recorder/backend/../recordings/director_outputs/director_output_1781970835.mp4,2,/Users/claw/work/douyin-recorder/backend/../recordings/director_outputs/director_output_1782006981.mp4,2026-06-18 14:43:35,False
4111,堆堆熊/水母头/梨花烫 黑棕色,2,director,2,2,,/Users/claw/work/douyin-recorder/backend/../recordings/director_outputs/director_output_1782197175.mp4,2,/Users/claw/work/douyin-recorder/backend/../recordings/director_outputs/director_output_1782422702.mp4,2026-06-18 14:46:30,False
4112,冷棕卷/微卷长发 冷棕色/树莓红,2,director,2,2,,/Users/claw/work/douyin-recorder/backend/../recordings/director_outputs/director_output_1781971060.mp4,2,/Users/claw/work/douyin-recorder/backend/../recordings/director_outputs/director_output_1781972250.mp4,2026-06-18 14:48:41,False
4113,微混血流子感微卷发 奶茶灰棕色,2,director,2,2,,/Users/claw/work/douyin-recorder/backend/../recordings/director_outputs/director_output_1781971510.mp4,2,/Users/claw/work/douyin-recorder/backend/../recordings/director_outputs/director_output_1781977468.mp4,2026-06-18 14:50:31,False
4114,中分款/微卷/齐溜号 浅奶茶色/黑茶色/香槟色,2,director,2,2,,/Users/claw/work/douyin-recorder/backend/../recordings/director_outputs/director_output_1781971475.mp4,2,/Users/claw/work/douyin-recorder/backend/../recordings/director_outputs/director_output_1781972649.mp4,2026-06-18 14:53:26,False
4115,微卷大波浪/伊甸园 冷茶色/粉棕,2,director,2,2,,/Users/claw/work/douyin-recorder/backend/../recordings/director_outputs/director_output_1781973298.mp4,2,/Users/claw/work/douyin-recorder/backend/../recordings/director_outputs/director_output_1781990964.mp4,2026-06-18 14:56:07,False
4116,中短发眠醒发 粉棕,2,director,2,2,,/Users/claw/work/douyin-recorder/backend/../recordings/director_outputs/director_output_1781971552.mp4,-1,,2026-06-18 14:59:43,False
4117,微卷中分款 浅奶茶色,2,director,2,2,,/Users/claw/work/douyin-recorder/backend/../recordings/director_outputs/director_output_1781971560.mp4,2,/Users/claw/work/douyin-recorder/backend/../recordings/director_outputs/director_output_1781991059.mp4,2026-06-18 15:00:31,False
4118,中分/起落号/蜜桃乌龙 黑色/粉色/红色/灰粉杀金/蜜桃乌龙,2,director,2,2,,/Users/claw/work/douyin-recorder/backend/../recordings/director_outputs/director_output_1781971831.mp4,2,/Users/claw/work/douyin-recorder/backend/../recordings/director_outputs/director_output_1781994677.mp4,2026-06-18 15:09:31,False
4119,软萌小蛋糕 自然黑,2,director,2,2,,/Users/claw/work/douyin-recorder/backend/../recordings/director_outputs/director_output_1781971842.mp4,2,/Users/claw/work/douyin-recorder/backend/../recordings/director_outputs/director_output_1781994805.mp4,2026-06-18 15:12:37,False
4120,羊毛卷/软萌小蛋糕 自然黑,2,director,2,2,,/Users/claw/work/douyin-recorder/backend/../recordings/director_outputs/director_output_1781972159.mp4,-1,,2026-06-18 15:16:40,False
4121,齐肩短发/微卷波波头 粉棕渐变/粉色,2,director,2,2,,/Users/claw/work/douyin-recorder/backend/../recordings/director_outputs/director_output_1781972174.mp4,-1,,2026-06-18 15:19:14,False
4122,黑巧克力色高层次直发 黑巧克力色,2,director,2,2,,/Users/claw/work/douyin-recorder/backend/../recordings/director_outputs/director_output_1782037822.mp4,2,/Users/claw/work/douyin-recorder/backend/../recordings/director_outputs/director_output_1782039582.mp4,2026-06-18 15:24:49,False
4123,二号链肩 粉色,2,director,2,2,,/Users/claw/work/douyin-recorder/backend/../recordings/director_outputs/director_output_1781972522.mp4,-1,,2026-06-18 15:56:13,False
4124,橘子捲髮,2,director,2,2,,/Users/claw/work/douyin-recorder/backend/../recordings/director_outputs/director_output_1781973323.mp4,-1,,2026-06-18 16:27:42,False
4125,公主头 自然黑,2,director,2,2,,/Users/claw/work/douyin-recorder/backend/../recordings/director_outputs/director_output_1781973508.mp4,-1,,2026-06-18 17:02:44,False
4127,直发 极品小麦色,1,director,2,2,,/Users/claw/work/douyin-recorder/backend/../recordings/director_outputs/director_output_1781977941.mp4,-1,,2026-06-18 17:11:15,False
4128,中分/偏分蓬松款 黑茶色,1,director,2,2,,/Users/claw/work/douyin-recorder/backend/../recordings/director_outputs/director_output_1781973750.mp4,-1,,2026-06-18 17:16:18,False
4129,高层次锁骨发 浅奶茶灰棕色,2,director,2,2,,/Users/claw/work/douyin-recorder/backend/../recordings/director_outputs/director_output_1781974109.mp4,2,/Users/claw/work/douyin-recorder/backend/../recordings/director_outputs/director_output_1781991870.mp4,2026-06-18 17:21:51,False
4130,地狱少女,1,director,2,2,,/Users/claw/work/douyin-recorder/backend/../recordings/director_outputs/director_output_1781974387.mp4,-1,,2026-06-18 17:25:43,False
4131,地狱少女（公主切） 黑色,1,director,2,2,,/Users/claw/work/douyin-recorder/backend/../recordings/director_outputs/director_output_1781974440.mp4,-1,,2026-06-18 17:36:48,False
4132,碎晶晶卷 澳洲紫玫瑰,1,director,2,2,,/Users/claw/work/douyin-recorder/backend/../recordings/director_outputs/director_output_1782197080.mp4,2,/Users/claw/work/douyin-recorder/backend/../recordings/director_outputs/director_output_1782519372.mp4,2026-06-18 17:39:14,False
4133,赏金猎人刘海款,1,director,2,2,,/Users/claw/work/douyin-recorder/backend/../recordings/director_outputs/director_output_1781806223.mp4,-1,,2026-06-18 17:53:34,False
4134,麻花辫假发,1,director,2,2,,/Users/claw/work/douyin-recorder/backend/../recordings/director_outputs/director_output_1781806019.mp4,-1,,2026-06-18 18:01:16,False
4135,美人肩 红色,1,director,2,2,,/Users/claw/work/douyin-recorder/backend/../recordings/director_outputs/director_output_1782039100.mp4,2,/Users/claw/work/douyin-recorder/backend/../recordings/director_outputs/director_output_1782070849.mp4,2026-06-18 18:07:16,False
4136,有存嫁唇 摩卡棕,1,director,2,2,,/Users/claw/work/douyin-recorder/backend/../recordings/director_outputs/director_output_1781975293.mp4,-1,,2026-06-18 18:12:13,False
4137,美人鱼外翻卷 红色,1,director,2,2,,/Users/claw/work/douyin-recorder/backend/../recordings/director_outputs/director_output_1781975370.mp4,-1,,2026-06-18 18:33:22,False
4138,慵懒泰迪熊/白金猎人 棕色/白金色,1,director,2,2,,/Users/claw/work/douyin-recorder/backend/../recordings/director_outputs/director_output_1781975863.mp4,-1,,2026-06-18 18:47:17,False
4139,慵懒太极熊 棕色,1,director,2,2,,/Users/claw/work/douyin-recorder/backend/../recordings/director_outputs/director_output_1781975846.mp4,-1,,2026-06-18 19:17:20,False
4140,才发前进,1,director,2,2,video composition returned no output (partial failure: script generated but video not produced),/Users/claw/work/douyin-recorder/backend/../recordings/director_outputs/director_output_1781814233.mp4,-1,,2026-06-18 19:26:12,False
4141,脏橘色,1,director,2,2,,/Users/claw/work/douyin-recorder/backend/../recordings/director_outputs/director_output_1782285673.mp4,2,/Users/claw/work/douyin-recorder/backend/../recordings/director_outputs/director_output_1782519329.mp4,2026-06-18 19:32:34,False
4142,中分滑片补发片 黑茶色、摩卡色、白金色,1,director,2,2,,/Users/claw/work/douyin-recorder/backend/../recordings/director_outputs/director_output_1781813660.mp4,-1,,2026-06-18 19:36:02,False
4143,白金漫画刘海 白金色,1,director,2,2,,/Users/claw/work/douyin-recorder/backend/../recordings/director_outputs/director_output_1781976269.mp4,-1,,2026-06-18 20:14:13,False
4144,暴躁卷/中分款 黑巧克力色/紫色,2,director,2,2,,/Users/claw/work/douyin-recorder/backend/../recordings/director_outputs/director_output_1781838865.mp4,-1,,2026-06-18 20:24:01,False
4145,补发片 黑茶色,1,director,2,2,,/Users/claw/work/douyin-recorder/backend/../recordings/director_outputs/director_output_1781838688.mp4,-1,,2026-06-18 20:43:30,False
4146,五指头皮富江款,1,director,2,2,,/Users/claw/work/douyin-recorder/backend/../recordings/director_outputs/director_output_1781976432.mp4,-1,,2026-06-19 04:18:16,False
4147,财阀千金 黑茶色,1,director,2,2,,/Users/claw/work/douyin-recorder/backend/../recordings/director_outputs/director_output_1781976537.mp4,2,/Users/claw/work/douyin-recorder/backend/../recordings/director_outputs/director_output_1783146355.mp4,2026-06-19 04:19:06,False
4148,POPO卷 卡其棕,2,director,2,2,,/Users/claw/work/douyin-recorder/backend/../recordings/director_outputs/director_output_1781977405.mp4,2,/Users/claw/work/douyin-recorder/backend/../recordings/director_outputs/director_output_1781996513.mp4,2026-06-19 04:19:10,False
4149,富江,1,director,2,2,,/Users/claw/work/douyin-recorder/backend/../recordings/director_outputs/director_output_1781977391.mp4,-1,,2026-06-19 05:00:36,False
4150,领巾 四号混合色,2,director,2,2,,/Users/claw/work/douyin-recorder/backend/../recordings/director_outputs/director_output_1781977930.mp4,2,/Users/claw/work/douyin-recorder/backend/../recordings/director_outputs/director_output_1781993488.mp4,2026-06-19 05:32:00,False
4151,金色/灰金/混色,2,director,2,2,,/Users/claw/work/douyin-recorder/backend/../recordings/director_outputs/director_output_1781978104.mp4,2,/Users/claw/work/douyin-recorder/backend/../recordings/director_outputs/director_output_1782025566.mp4,2026-06-19 05:32:25,False
4153,金色,2,director,2,2,,/Users/claw/work/douyin-recorder/backend/../recordings/director_outputs/director_output_1782420609.mp4,2,/Users/claw/work/douyin-recorder/backend/../recordings/director_outputs/director_output_1782198171.mp4,2026-06-19 06:35:33,False
4170,奶茶灰金色,2,director,2,2,,/Users/claw/work/douyin-recorder/backend/../recordings/director_outputs/director_output_1783369898.mp4,2,/Users/claw/work/douyin-recorder/backend/../recordings/director_outputs/director_output_1783450125.mp4,2026-06-20 16:50:12,False
4177,夺回 黑茶色,1,director,2,2,,/Users/claw/work/douyin-recorder/backend/../recordings/director_outputs/director_output_1782453805.mp4,2,/Users/claw/work/douyin-recorder/backend/../recordings/director_outputs/director_output_1782519282.mp4,2026-06-20 16:51:08,False
4178,高层次直发 黑巧克力色,2,director,2,2,,/Users/claw/work/douyin-recorder/backend/../recordings/director_outputs/director_output_1781989871.mp4,-1,,2026-06-20 16:51:12,False
4179,小白鲤微卷发 前奶茶,2,director,2,2,,/Users/claw/work/douyin-recorder/backend/../recordings/director_outputs/director_output_1781990039.mp4,-1,,2026-06-20 16:51:20,False
4180,蓬松卷发 红色,2,director,2,2,,/Users/claw/work/douyin-recorder/backend/../recordings/director_outputs/director_output_1781990091.mp4,-1,,2026-06-20 16:51:24,False
4181,头顶发片 黑茶色,1,director,2,2,,/Users/claw/work/douyin-recorder/backend/../recordings/director_outputs/director_output_1781990173.mp4,-1,,2026-06-20 16:51:39,False
4182,白金发片 白金,1,director,2,2,,/Users/claw/work/douyin-recorder/backend/../recordings/director_outputs/director_output_1781990953.mp4,-1,,2026-06-20 16:51:45,False
4183,20号中分 灰粉色,2,director,2,2,,/Users/claw/work/douyin-recorder/backend/../recordings/director_outputs/director_output_1781990981.mp4,-1,,2026-06-20 16:51:55,False
4184,伊甸园（免醒发卷发） 冷棕色,2,director,2,2,,/Users/claw/work/douyin-recorder/backend/../recordings/director_outputs/director_output_1781991123.mp4,-1,,2026-06-20 16:52:01,False
4185,棉型发（仿地针自然卷发）,2,director,2,2,,/Users/claw/work/douyin-recorder/backend/../recordings/director_outputs/director_output_1781991181.mp4,-1,,2026-06-20 16:52:05,False
4186,微卷大波浪 冷棕色,2,director,2,2,,/Users/claw/work/douyin-recorder/backend/../recordings/director_outputs/director_output_1781991288.mp4,2,/Users/claw/work/douyin-recorder/backend/../recordings/director_outputs/director_output_1783146311.mp4,2026-06-20 16:52:11,False
4187,浅奶茶灰棕色,2,director,2,2,,/Users/claw/work/douyin-recorder/backend/../recordings/director_outputs/director_output_1781991383.mp4,2,/Users/claw/work/douyin-recorder/backend/../recordings/director_outputs/director_output_1782031187.mp4,2026-06-20 16:52:18,False
4188,中分卷发 灰金（奶油灰金）,2,director,2,2,,/Users/claw/work/douyin-recorder/backend/../recordings/director_outputs/director_output_1781991470.mp4,-1,,2026-06-20 16:52:23,False
4189,中分微卷发 蜂蜜茶色,2,director,2,2,,/Users/claw/work/douyin-recorder/backend/../recordings/director_outputs/director_output_1781991545.mp4,-1,,2026-06-20 16:52:30,False
4190,长卷发 蜂蜜棕,2,director,2,2,,/Users/claw/work/douyin-recorder/backend/../recordings/director_outputs/director_output_1781991616.mp4,-1,,2026-06-20 16:52:36,False
4191,一号领结（高层次长发）和十号小羊毛卷 蜂蜜色、灰金色,2,director,2,2,,/Users/claw/work/douyin-recorder/backend/../recordings/director_outputs/director_output_1781991691.mp4,-1,,2026-06-20 16:52:40,False
4199,长直发 黑茶色（妈生黑）,2,director,2,2,,/Users/claw/work/douyin-recorder/backend/../recordings/director_outputs/director_output_1781975053.mp4,2,/Users/claw/work/douyin-recorder/backend/../recordings/director_outputs/director_output_1781975392.mp4,2026-06-20 16:53:37,False
4201,黑棕色,2,director,2,2,,/Users/claw/work/douyin-recorder/backend/../recordings/director_outputs/director_output_1781975143.mp4,2,/Users/claw/work/douyin-recorder/backend/../recordings/director_outputs/director_output_1782032233.mp4,2026-06-20 16:53:48,False
4203,微卷发 浅奶茶灰棕,2,director,2,2,,/Users/claw/work/douyin-recorder/backend/../recordings/director_outputs/director_output_1781975622.mp4,-1,,2026-06-20 16:53:54,False
4205,半扎发 冷棕色,2,director,2,2,,/Users/claw/work/douyin-recorder/backend/../recordings/director_outputs/director_output_1781975774.mp4,-1,,2026-06-20 16:54:04,False
4206,蓬松卷发 冷棕色,2,director,2,2,,/Users/claw/work/douyin-recorder/backend/../recordings/director_outputs/director_output_1781976009.mp4,-1,,2026-06-20 16:54:08,False
4207,韩系微卷发 密棕,2,director,2,2,,/Users/claw/work/douyin-recorder/backend/../recordings/director_outputs/director_output_1782042072.mp4,2,/Users/claw/work/douyin-recorder/backend/../recordings/director_outputs/director_output_1782073579.mp4,2026-06-20 16:54:17,False
4210,中分直发/齐罗哈假发 深色,2,director,2,2,,/Users/claw/work/douyin-recorder/backend/../recordings/director_outputs/director_output_1781991916.mp4,-1,,2026-06-20 16:54:32,False
4211,V卷,2,director,2,2,,/Users/claw/work/douyin-recorder/backend/../recordings/director_outputs/director_output_1781991945.mp4,-1,,2026-06-20 16:54:33,False
4213,蜜桃卷发 灰粉渐变,2,director,2,2,,/Users/claw/work/douyin-recorder/backend/../recordings/director_outputs/director_output_1781992111.mp4,-1,,2026-06-20 16:54:43,False
4214,三号零件（困熊通款） 蜂蜜色,2,director,2,2,,/Users/claw/work/douyin-recorder/backend/../recordings/director_outputs/director_output_1781992149.mp4,-1,,2026-06-20 16:54:50,False
4215,4号领巾假发 奶茶灰棕,2,director,2,2,,/Users/claw/work/douyin-recorder/backend/../recordings/director_outputs/director_output_1781992276.mp4,-1,,2026-06-20 16:54:57,False
4216,复合卷发 深棕色,2,director,2,2,,/Users/claw/work/douyin-recorder/backend/../recordings/director_outputs/director_output_1781992315.mp4,-1,,2026-06-20 16:55:06,False
4217,海藻卷（中分款） 蜜桃乌龙,2,director,2,2,,/Users/claw/work/douyin-recorder/backend/../recordings/director_outputs/director_output_1781992427.mp4,-1,,2026-06-20 16:55:20,False
4219,高层次内扣发型 黑棕色,2,director,2,2,,/Users/claw/work/douyin-recorder/backend/../recordings/director_outputs/director_output_1782060099.mp4,2,/Users/claw/work/douyin-recorder/backend/../recordings/director_outputs/director_output_1782060113.mp4,2026-06-20 16:55:30,False
4220,微卷发 蜜棕色,2,director,2,2,,/Users/claw/work/douyin-recorder/backend/../recordings/director_outputs/director_output_1781992520.mp4,-1,,2026-06-20 16:55:39,False
4222,爱神秋比特,1,director,2,2,,/Users/claw/work/douyin-recorder/backend/../recordings/director_outputs/director_output_1781992606.mp4,-1,,2026-06-20 16:57:39,False
4224,碎金金直发,1,director,2,2,,/Users/claw/work/douyin-recorder/backend/../recordings/director_outputs/director_output_1781992680.mp4,-1,,2026-06-20 16:57:50,False
4225,碎晶晶卷发 粉调灰,1,director,2,2,,/Users/claw/work/douyin-recorder/backend/../recordings/director_outputs/director_output_1781992772.mp4,-1,,2026-06-20 16:58:02,False
4228,知识 黑茶,1,director,2,2,,/Users/claw/work/douyin-recorder/backend/../recordings/director_outputs/director_output_1781992843.mp4,2,/Users/claw/work/douyin-recorder/backend/../recordings/director_outputs/director_output_1782519384.mp4,2026-06-20 16:58:23,False
4229,中分假发（七指宽大头皮） 奶茶色（粉调灰色）,1,director,2,2,,/Users/claw/work/douyin-recorder/backend/../recordings/director_outputs/director_output_1781992922.mp4,-1,,2026-06-20 16:58:25,False
4230,直发 黑茶色,1,director,2,2,,/Users/claw/work/douyin-recorder/backend/../recordings/director_outputs/director_output_1781993015.mp4,-1,,2026-06-20 16:58:26,False
4231,氧气栗子,1,director,2,2,,/Users/claw/work/douyin-recorder/backend/../recordings/director_outputs/director_output_1781993073.mp4,2,/Users/claw/work/douyin-recorder/backend/../recordings/director_outputs/director_output_1782103761.mp4,2026-06-20 16:58:29,False
4232,黑茶直式 黑茶色,1,director,2,2,,/Users/claw/work/douyin-recorder/backend/../recordings/director_outputs/director_output_1782042129.mp4,2,/Users/claw/work/douyin-recorder/backend/../recordings/director_outputs/director_output_1782060873.mp4,2026-06-20 16:58:33,False
4234,茶宗之色,1,director,2,2,,/Users/claw/work/douyin-recorder/backend/../recordings/director_outputs/director_output_1781993243.mp4,-1,,2026-06-20 16:59:06,False
4237,地狱少女（黑长直齐刘海） 黑色,1,director,2,2,,/Users/claw/work/douyin-recorder/backend/../recordings/director_outputs/director_output_1781993348.mp4,-1,,2026-06-20 16:59:40,False
4238,地狱少女五号连接 黑色,1,director,2,2,,/Users/claw/work/douyin-recorder/backend/../recordings/director_outputs/director_output_1781993408.mp4,-1,,2026-06-20 16:59:45,False
4241,语气美毒山 红色,1,director,2,2,,/Users/claw/work/douyin-recorder/backend/../recordings/director_outputs/director_output_1781993533.mp4,-1,,2026-06-20 17:00:08,False
4243,公主签黑长直 黑色,1,director,2,2,,/Users/claw/work/douyin-recorder/backend/../recordings/director_outputs/director_output_1781993567.mp4,-1,,2026-06-20 17:00:23,False
4245,语气美杜莎 暗暗的红色,1,director,2,2,,/Users/claw/work/douyin-recorder/backend/../recordings/director_outputs/director_output_1781993677.mp4,-1,,2026-06-20 17:00:27,False
4246,暗黑美毒纱 红色,1,director,2,2,,/Users/claw/work/douyin-recorder/backend/../recordings/director_outputs/director_output_1781993725.mp4,-1,,2026-06-20 17:00:46,False
4247,扫米,1,director,2,2,,/Users/claw/work/douyin-recorder/backend/../recordings/director_outputs/director_output_1781993796.mp4,-1,,2026-06-20 17:00:53,False
4249,somi,1,director,2,2,,/Users/claw/work/douyin-recorder/backend/../recordings/director_outputs/director_output_1782208410.mp4,2,/Users/claw/work/douyin-recorder/backend/../recordings/director_outputs/director_output_1782519091.mp4,2026-06-20 17:01:18,False
4252,夺回/暗黑美毒纱 黑茶,1,director,2,2,,/Users/claw/work/douyin-recorder/backend/../recordings/director_outputs/director_output_1781993937.mp4,-1,,2026-06-20 17:01:53,False
4254,夺回 黑色,1,director,2,2,,/Users/claw/work/douyin-recorder/backend/../recordings/director_outputs/director_output_1781994754.mp4,-1,,2026-06-20 17:02:06,False
4256,粉紫色,1,director,2,2,,/Users/claw/work/douyin-recorder/backend/../recordings/director_outputs/director_output_1781994838.mp4,2,/Users/claw/work/douyin-recorder/backend/../recordings/director_outputs/director_output_1782130152.mp4,2026-06-20 17:02:15,False
4257,V卷大波浪 冷棕色,2,director,2,2,,/Users/claw/work/douyin-recorder/backend/../recordings/director_outputs/director_output_1781994916.mp4,-1,,2026-06-20 17:02:30,False
4258,中长发,1,director,2,2,,/Users/claw/work/douyin-recorder/backend/../recordings/director_outputs/director_output_1781995019.mp4,-1,,2026-06-20 17:02:34,False
4261,蜜桃乌龙中分长卷发 灰粉色,2,director,2,2,,/Users/claw/work/douyin-recorder/backend/../recordings/director_outputs/director_output_1781995091.mp4,-1,,2026-06-20 17:03:27,False
4262,新耐 亚麻色,1,director,2,2,,/Users/claw/work/douyin-recorder/backend/../recordings/director_outputs/director_output_1781995176.mp4,-1,,2026-06-20 17:03:32,False
4263,卷发 白金色,1,director,2,2,,/Users/claw/work/douyin-recorder/backend/../recordings/director_outputs/director_output_1781995249.mp4,-1,,2026-06-20 17:03:35,False
4266,芝士,1,director,2,2,,/Users/claw/work/douyin-recorder/backend/../recordings/director_outputs/director_output_1781995329.mp4,-1,,2026-06-20 17:04:05,False
4267,莉莉丝,1,director,2,2,,/Users/claw/work/douyin-recorder/backend/../recordings/director_outputs/director_output_1781995400.mp4,-1,,2026-06-20 17:04:08,False
4268,粉棕泡芙翘翘短发 粉棕色,1,director,2,2,,/Users/claw/work/douyin-recorder/backend/../recordings/director_outputs/director_output_1781995478.mp4,-1,,2026-06-20 17:04:12,False
4272,信奈 黑色,1,director,2,2,,/Users/claw/work/douyin-recorder/backend/../recordings/director_outputs/director_output_1781995538.mp4,-1,,2026-06-20 17:04:31,False
4273,堆堆熊 黑棕色,2,director,2,2,,/Users/claw/work/douyin-recorder/backend/../recordings/director_outputs/director_output_1783213307.mp4,2,/Users/claw/work/douyin-recorder/backend/../recordings/director_outputs/director_output_1783223210.mp4,2026-06-20 17:04:38,False
4274,嘟嘟熊 黑棕,2,director,2,2,,/Users/claw/work/douyin-recorder/backend/../recordings/director_outputs/director_output_1781995630.mp4,-1,,2026-06-20 17:04:52,False
4275,小白鲤（微卷） 前奶茶灰棕（耐茶灰棕色）,2,director,2,2,,/Users/claw/work/douyin-recorder/backend/../recordings/director_outputs/director_output_1782042380.mp4,2,/Users/claw/work/douyin-recorder/backend/../recordings/director_outputs/director_output_1782042786.mp4,2026-06-20 17:05:01,False
4276,中分假发 浅奶茶灰,2,director,2,2,,/Users/claw/work/douyin-recorder/backend/../recordings/director_outputs/director_output_1781995710.mp4,-1,,2026-06-20 17:05:06,False
4280,摩卡色和白金色,1,director,2,2,,/Users/claw/work/douyin-recorder/backend/../recordings/director_outputs/director_output_1781995785.mp4,2,/Users/claw/work/douyin-recorder/backend/../recordings/director_outputs/director_output_1782133751.mp4,2026-06-20 17:05:42,False
4282,漫画刘海 黑茶色、摩卡色、白金色、黑色,1,director,2,2,,/Users/claw/work/douyin-recorder/backend/../recordings/director_outputs/director_output_1781995870.mp4,-1,,2026-06-20 17:05:50,False
4283,高层次微卷长发 蜂蜜茶色（蜜棕色）,2,director,2,2,,/Users/claw/work/douyin-recorder/backend/../recordings/director_outputs/director_output_1782042370.mp4,2,/Users/claw/work/douyin-recorder/backend/../recordings/director_outputs/director_output_1782075156.mp4,2026-06-20 17:05:55,False
4284,中风款、骑楼款 蜂蜜茶色（一号色）,2,director,2,2,,/Users/claw/work/douyin-recorder/backend/../recordings/director_outputs/director_output_1781995971.mp4,-1,,2026-06-20 17:05:59,False
4285,中分假发/起流号假发,2,director,2,2,,/Users/claw/work/douyin-recorder/backend/../recordings/director_outputs/director_output_1781996053.mp4,-1,,2026-06-20 17:06:08,False
4287,水光绸缎微卷发 黑茶色,2,director,2,2,,/Users/claw/work/douyin-recorder/backend/../recordings/director_outputs/director_output_1781996203.mp4,-1,,2026-06-20 17:06:40,False
4289,安娜卷发 10号灰调显白色,2,director,2,2,,/Users/claw/work/douyin-recorder/backend/../recordings/director_outputs/director_output_1781996257.mp4,-1,,2026-06-20 17:07:39,False
4292,林漾羊毛卷 黑茶色,2,director,2,2,,/Users/claw/work/douyin-recorder/backend/../recordings/director_outputs/director_output_1781996375.mp4,-1,,2026-06-20 17:07:56,False
4293,小卷发 黑茶色,2,director,2,2,,/Users/claw/work/douyin-recorder/backend/../recordings/director_outputs/director_output_1781996424.mp4,-1,,2026-06-20 17:08:07,False
4295,齐若海直发 黑巧,2,director,2,2,,/Users/claw/work/douyin-recorder/backend/../recordings/director_outputs/director_output_1781996590.mp4,-1,,2026-06-20 17:08:45,False
4296,中分款（手工蕾丝）、堆堆熊（梨花烫中长发） 蜂蜜茶松、黑棕色,2,director,2,2,,/Users/claw/work/douyin-recorder/backend/../recordings/director_outputs/director_output_1781996629.mp4,-1,,2026-06-20 17:08:49,False
4298,碎晶晶卷发 粉调灰色(奶茶色),1,director,2,2,,/Users/claw/work/douyin-recorder/backend/../recordings/director_outputs/director_output_1781996766.mp4,-1,,2026-06-20 17:11:56,False
4300,中分免刑发（免形发）,1,director,2,2,,/Users/claw/work/douyin-recorder/backend/../recordings/director_outputs/director_output_1782042536.mp4,2,/Users/claw/work/douyin-recorder/backend/../recordings/director_outputs/director_output_1782133313.mp4,2026-06-20 17:12:05,False
4301,雨琪美毒纱 暗红色,1,director,2,2,,/Users/claw/work/douyin-recorder/backend/../recordings/director_outputs/director_output_1781996912.mp4,-1,,2026-06-20 17:12:08,False
4303,长直假发 茶棕色,1,director,2,2,,/Users/claw/work/douyin-recorder/backend/../recordings/director_outputs/director_output_1782193594.mp4,2,/Users/claw/work/douyin-recorder/backend/../recordings/director_outputs/director_output_1782519127.mp4,2026-06-20 17:12:18,False
4305,直式假发 茶棕,1,director,2,2,,/Users/claw/work/douyin-recorder/backend/../recordings/director_outputs/director_output_1782208549.mp4,2,/Users/claw/work/douyin-recorder/backend/../recordings/director_outputs/director_output_1782518707.mp4,2026-06-20 17:12:25,False
4307,英区女高（七号灵街阴区女高） 灰白色（粉调白金色）,1,director,2,2,,/Users/claw/work/douyin-recorder/backend/../recordings/director_outputs/director_output_1782193489.mp4,2,/Users/claw/work/douyin-recorder/backend/../recordings/director_outputs/director_output_1782229737.mp4,2026-06-20 17:12:30,False
4309,卷发（天蝎座）,1,director,2,2,,/Users/claw/work/douyin-recorder/backend/../recordings/director_outputs/director_output_1781997090.mp4,-1,,2026-06-20 17:12:39,False
4310,养鸡粒子卷 栗子壳棕色,1,director,2,2,,/Users/claw/work/douyin-recorder/backend/../recordings/director_outputs/director_output_1781997223.mp4,-1,,2026-06-20 17:12:41,False
4311,人生易如反掌 焦糖色,1,director,2,2,,/Users/claw/work/douyin-recorder/backend/../recordings/director_outputs/director_output_1781997275.mp4,-1,,2026-06-20 17:12:48,False
4313,柔柔卷发 粉色,1,director,2,2,,/Users/claw/work/douyin-recorder/backend/../recordings/director_outputs/director_output_1781997397.mp4,-1,,2026-06-20 17:13:02,False
4315,韩系微卷长卷发 蜂蜜棕,2,director,2,2,,/Users/claw/work/douyin-recorder/backend/../recordings/director_outputs/director_output_1781997462.mp4,-1,,2026-06-20 17:13:07,False
4316,小白梨,2,director,2,2,,/Users/claw/work/douyin-recorder/backend/../recordings/director_outputs/director_output_1781997581.mp4,2,/Users/claw/work/douyin-recorder/backend/../recordings/director_outputs/director_output_1782043694.mp4,2026-06-20 17:13:19,False
4320,卷发 蜂蜜色,2,director,2,2,,/Users/claw/work/douyin-recorder/backend/../recordings/director_outputs/director_output_1782006656.mp4,-1,,2026-06-20 17:13:39,False
4321,3号中分直发（高层次直发） 黑巧克力色（巧克力棕色）,2,director,2,2,,/Users/claw/work/douyin-recorder/backend/../recordings/director_outputs/director_output_1782006767.mp4,-1,,2026-06-20 17:13:44,False
4322,黑巧克力色,2,director,2,2,,/Users/claw/work/douyin-recorder/backend/../recordings/director_outputs/director_output_1782006847.mp4,2,/Users/claw/work/douyin-recorder/backend/../recordings/director_outputs/director_output_1782078438.mp4,2026-06-20 17:13:47,False
4323,有村嫁唇 栗子壳色,1,director,2,2,,/Users/claw/work/douyin-recorder/backend/../recordings/director_outputs/director_output_1782006939.mp4,-1,,2026-06-20 17:13:51,False
4325,对对熊（8号） 黑棕色,2,director,2,2,,/Users/claw/work/douyin-recorder/backend/../recordings/director_outputs/director_output_1782042813.mp4,2,/Users/claw/work/douyin-recorder/backend/../recordings/director_outputs/director_output_1782078506.mp4,2026-06-20 17:14:11,False
4328,中风（中分高层次假发） 灰金色,2,director,2,2,,/Users/claw/work/douyin-recorder/backend/../recordings/director_outputs/director_output_1782007728.mp4,-1,,2026-06-20 17:15:28,False
4329,三号系列 巧克力色,2,director,2,2,,/Users/claw/work/douyin-recorder/backend/../recordings/director_outputs/director_output_1782008064.mp4,-1,,2026-06-20 17:15:37,False
4330,小卷公主头 粉橘金,2,director,2,2,,/Users/claw/work/douyin-recorder/backend/../recordings/director_outputs/director_output_1782008179.mp4,-1,,2026-06-20 17:15:41,False
4331,中分卷发 黑茶色,2,director,2,2,,/Users/claw/work/douyin-recorder/backend/../recordings/director_outputs/director_output_1782008255.mp4,-1,,2026-06-20 17:15:53,False
4332,小羊毛卷（12号） 黑茶色,2,director,2,2,,/Users/claw/work/douyin-recorder/backend/../recordings/director_outputs/director_output_1782008356.mp4,-1,,2026-06-20 17:16:02,False
4334,微卷发 蜂蜜茶棕色,2,director,2,2,,/Users/claw/work/douyin-recorder/backend/../recordings/director_outputs/director_output_1782008452.mp4,-1,,2026-06-20 17:16:13,False
4335,高层次中分卷发 粉色,2,director,2,2,,/Users/claw/work/douyin-recorder/backend/../recordings/director_outputs/director_output_1782008688.mp4,-1,,2026-06-20 17:16:15,False
4337,海藻小卷卷 灰粉纱金渐变色,2,director,2,2,,/Users/claw/work/douyin-recorder/backend/../recordings/director_outputs/director_output_1782008650.mp4,-1,,2026-06-20 17:16:26,False
4338,飞卷发 棕色,2,director,2,2,,/Users/claw/work/douyin-recorder/backend/../recordings/director_outputs/director_output_1782012059.mp4,-1,,2026-06-20 17:16:27,False
4340,冷棕色（冷冲色）,2,director,2,2,,/Users/claw/work/douyin-recorder/backend/../recordings/director_outputs/director_output_1782012516.mp4,2,/Users/claw/work/douyin-recorder/backend/../recordings/director_outputs/director_output_1782118715.mp4,2026-06-20 17:16:42,False
4344,五号免打理假发 冷棕色,2,director,2,2,,/Users/claw/work/douyin-recorder/backend/../recordings/director_outputs/director_output_1782012681.mp4,2,/Users/claw/work/douyin-recorder/backend/../recordings/director_outputs/director_output_1782079855.mp4,2026-06-20 17:16:59,False
4346,微卷假发 蜂蜜棕,2,director,2,2,,/Users/claw/work/douyin-recorder/backend/../recordings/director_outputs/director_output_1782014123.mp4,2,/Users/claw/work/douyin-recorder/backend/../recordings/director_outputs/director_output_1782081028.mp4,2026-06-20 17:17:04,False
4347,巧克力色长直发 黑棕色,2,director,2,2,,/Users/claw/work/douyin-recorder/backend/../recordings/director_outputs/director_output_1782012949.mp4,2,/Users/claw/work/douyin-recorder/backend/../recordings/director_outputs/director_output_1782044347.mp4,2026-06-20 17:17:08,False
4348,原因中分,1,director,2,2,,/Users/claw/work/douyin-recorder/backend/../recordings/director_outputs/director_output_1782226908.mp4,2,/Users/claw/work/douyin-recorder/backend/../recordings/director_outputs/director_output_1782518812.mp4,2026-06-20 17:17:14,False
4349,栗子棕色,1,director,2,2,,/Users/claw/work/douyin-recorder/backend/../recordings/director_outputs/director_output_1782014300.mp4,2,/Users/claw/work/douyin-recorder/backend/../recordings/director_outputs/director_output_1782111885.mp4,2026-06-20 17:17:30,False
4351,茶宗知识宝 茶工色,1,director,2,2,,/Users/claw/work/douyin-recorder/backend/../recordings/director_outputs/director_output_1782014425.mp4,2,/Users/claw/work/douyin-recorder/backend/../recordings/director_outputs/director_output_1782134171.mp4,2026-06-20 17:17:45,False
4353,英趣女高 棕色,1,director,2,2,,/Users/claw/work/douyin-recorder/backend/../recordings/director_outputs/director_output_1782014486.mp4,2,/Users/claw/work/douyin-recorder/backend/../recordings/director_outputs/director_output_1782134450.mp4,2026-06-20 17:17:57,False
4354,真地震假发 黑茶色,1,director,2,2,,/Users/claw/work/douyin-recorder/backend/../recordings/director_outputs/director_output_1782014576.mp4,2,/Users/claw/work/douyin-recorder/backend/../recordings/director_outputs/director_output_1782134447.mp4,2026-06-20 17:18:11,False
4356,英区真递针假发 黑色/棕色,1,director,2,2,,/Users/claw/work/douyin-recorder/backend/../recordings/director_outputs/director_output_1782015078.mp4,2,/Users/claw/work/douyin-recorder/backend/../recordings/director_outputs/director_output_1782134419.mp4,2026-06-20 17:18:19,False
4359,裁发剪尖 黑茶色,1,director,2,2,,/Users/claw/work/douyin-recorder/backend/../recordings/director_outputs/director_output_1782015180.mp4,2,/Users/claw/work/douyin-recorder/backend/../recordings/director_outputs/director_output_1782101602.mp4,2026-06-20 17:18:41,False
4364,白金骨发 黑茶色,1,director,2,2,,/Users/claw/work/douyin-recorder/backend/../recordings/director_outputs/director_output_1782192954.mp4,2,/Users/claw/work/douyin-recorder/backend/../recordings/director_outputs/director_output_1782326671.mp4,2026-06-20 17:19:05,False
4367,后刘海假发 黑茶色,1,director,2,2,,/Users/claw/work/douyin-recorder/backend/../recordings/director_outputs/director_output_1782015501.mp4,2,/Users/claw/work/douyin-recorder/backend/../recordings/director_outputs/director_output_1782134822.mp4,2026-06-20 17:19:19,False
4368,氧气粒子直,1,director,2,2,,/Users/claw/work/douyin-recorder/backend/../recordings/director_outputs/director_output_1782015484.mp4,2,/Users/claw/work/douyin-recorder/backend/../recordings/director_outputs/director_output_1782134788.mp4,2026-06-20 17:19:23,False
4371,英区女高五 奶茶色,1,director,2,2,,/Users/claw/work/douyin-recorder/backend/../recordings/director_outputs/director_output_1782015644.mp4,2,/Users/claw/work/douyin-recorder/backend/../recordings/director_outputs/director_output_1782134789.mp4,2026-06-20 17:19:37,False
4375,黑茶芝士 黑茶色,1,director,2,2,,/Users/claw/work/douyin-recorder/backend/../recordings/director_outputs/director_output_1782015792.mp4,2,/Users/claw/work/douyin-recorder/backend/../recordings/director_outputs/director_output_1782132495.mp4,2026-06-20 17:19:56,False
4376,色骨沙绘子 香槟金色,1,director,2,2,,/Users/claw/work/douyin-recorder/backend/../recordings/director_outputs/director_output_1782015832.mp4,2,/Users/claw/work/douyin-recorder/backend/../recordings/director_outputs/director_output_1782132495.mp4,2026-06-20 17:20:06,False
4377,日系风格长发 茶棕（灰调茶棕色）,1,director,2,2,,/Users/claw/work/douyin-recorder/backend/../recordings/director_outputs/director_output_1782015981.mp4,2,/Users/claw/work/douyin-recorder/backend/../recordings/director_outputs/director_output_1782132575.mp4,2026-06-20 17:20:07,False
4380,骑流号 灰金色,2,director,2,2,,/Users/claw/work/douyin-recorder/backend/../recordings/director_outputs/director_output_1781977568.mp4,-1,,2026-06-20 17:20:18,False
4381,人生 焦糖色,1,director,2,2,,/Users/claw/work/douyin-recorder/backend/../recordings/director_outputs/director_output_1782016136.mp4,2,/Users/claw/work/douyin-recorder/backend/../recordings/director_outputs/director_output_1782132595.mp4,2026-06-20 17:20:22,False
4382,爱神丘比特 粉色,1,director,2,2,,/Users/claw/work/douyin-recorder/backend/../recordings/director_outputs/director_output_1782016143.mp4,2,/Users/claw/work/douyin-recorder/backend/../recordings/director_outputs/director_output_1782132701.mp4,2026-06-20 17:20:24,False
4387,夺回人生,1,director,2,2,,/Users/claw/work/douyin-recorder/backend/../recordings/director_outputs/director_output_1782016277.mp4,2,/Users/claw/work/douyin-recorder/backend/../recordings/director_outputs/director_output_1782132704.mp4,2026-06-20 17:20:45,False
4388,夺回水一切,1,director,2,2,,/Users/claw/work/douyin-recorder/backend/../recordings/director_outputs/director_output_1782016336.mp4,2,/Users/claw/work/douyin-recorder/backend/../recordings/director_outputs/director_output_1782132758.mp4,2026-06-20 17:20:53,False
4390,一号卷发（V卷）,2,director,2,2,,/Users/claw/work/douyin-recorder/backend/../recordings/director_outputs/director_output_1782016441.mp4,2,/Users/claw/work/douyin-recorder/backend/../recordings/director_outputs/director_output_1782088688.mp4,2026-06-20 17:20:57,False
4392,真地针,1,director,2,2,,/Users/claw/work/douyin-recorder/backend/../recordings/director_outputs/director_output_1782016534.mp4,2,/Users/claw/work/douyin-recorder/backend/../recordings/director_outputs/director_output_1782132806.mp4,2026-06-20 17:21:05,False
4393,蜂蜜茶棕,2,director,2,2,,/Users/claw/work/douyin-recorder/backend/../recordings/director_outputs/director_output_1781976922.mp4,2,/Users/claw/work/douyin-recorder/backend/../recordings/director_outputs/director_output_1782030330.mp4,2026-06-20 17:21:21,False
4395,经典长直假发 自然色/冷棕色,2,director,2,2,,/Users/claw/work/douyin-recorder/backend/../recordings/director_outputs/director_output_1782043160.mp4,2,/Users/claw/work/douyin-recorder/backend/../recordings/director_outputs/director_output_1782082984.mp4,2026-06-20 17:21:24,False
4396,富瑞白中分假发 海盐奶咖,1,director,2,2,,/Users/claw/work/douyin-recorder/backend/../recordings/director_outputs/director_output_1782192001.mp4,2,/Users/claw/work/douyin-recorder/backend/../recordings/director_outputs/director_output_1782326461.mp4,2026-06-20 17:21:28,False
4397,性奈卷发 蜜茶色（亚麻棕色）,1,director,2,2,,/Users/claw/work/douyin-recorder/backend/../recordings/director_outputs/director_output_1782191970.mp4,2,/Users/claw/work/douyin-recorder/backend/../recordings/director_outputs/director_output_1782518745.mp4,2026-06-20 17:21:33,False
4399,外翻卷发 微薰粉色,1,director,2,2,,/Users/claw/work/douyin-recorder/backend/../recordings/director_outputs/director_output_1782016621.mp4,2,/Users/claw/work/douyin-recorder/backend/../recordings/director_outputs/director_output_1782132915.mp4,2026-06-20 17:21:38,False
4400,短短栗子 黑茶色、摩卡色、白金色,1,director,2,2,,/Users/claw/work/douyin-recorder/backend/../recordings/director_outputs/director_output_1781977152.mp4,-1,,2026-06-20 17:21:39,False
4401,直发 极品小白（带橘调）,1,director,2,2,,/Users/claw/work/douyin-recorder/backend/../recordings/director_outputs/director_output_1781977157.mp4,-1,,2026-06-20 17:21:42,False
4404,斜刘海假发 黑茶棕,1,director,2,2,,/Users/claw/work/douyin-recorder/backend/../recordings/director_outputs/director_output_1782019165.mp4,2,/Users/claw/work/douyin-recorder/backend/../recordings/director_outputs/director_output_1782132903.mp4,2026-06-20 17:21:50,False
4405,澳洲紫玫瑰,1,director,2,2,,/Users/claw/work/douyin-recorder/backend/../recordings/director_outputs/director_output_1782016701.mp4,2,/Users/claw/work/douyin-recorder/backend/../recordings/director_outputs/director_output_1782132954.mp4,2026-06-20 17:22:01,False
4407,澳洲紫玫瑰（带粉调的紫色）,1,director,2,2,,/Users/claw/work/douyin-recorder/backend/../recordings/director_outputs/director_output_1782016860.mp4,2,/Users/claw/work/douyin-recorder/backend/../recordings/director_outputs/director_output_1782132985.mp4,2026-06-20 17:22:14,False
4411,色谷沙绘子 深茶棕色,1,director,2,2,,/Users/claw/work/douyin-recorder/backend/../recordings/director_outputs/director_output_1782016934.mp4,2,/Users/claw/work/douyin-recorder/backend/../recordings/director_outputs/director_output_1782134818.mp4,2026-06-20 17:22:32,False
4418,真底针 黑茶色,1,director,2,2,,/Users/claw/work/douyin-recorder/backend/../recordings/director_outputs/director_output_1782017135.mp4,2,/Users/claw/work/douyin-recorder/backend/../recordings/director_outputs/director_output_1782135072.mp4,2026-06-20 17:23:27,False
4419,英区女高 棕色,1,director,2,2,,/Users/claw/work/douyin-recorder/backend/../recordings/director_outputs/director_output_1782017114.mp4,2,/Users/claw/work/douyin-recorder/backend/../recordings/director_outputs/director_output_1782135075.mp4,2026-06-20 17:23:42,False
4421,古早甜香短发,1,director,2,2,,/Users/claw/work/douyin-recorder/backend/../recordings/director_outputs/director_output_1782017288.mp4,2,/Users/claw/work/douyin-recorder/backend/../recordings/director_outputs/director_output_1782083669.mp4,2026-06-20 17:23:49,False
4423,慵懒泰迪熊 脏橘色/橙棕色,1,director,2,2,,/Users/claw/work/douyin-recorder/backend/../recordings/director_outputs/director_output_1782017299.mp4,2,/Users/claw/work/douyin-recorder/backend/../recordings/director_outputs/director_output_1782135081.mp4,2026-06-20 17:23:56,False
4427,头皮短线补发片 摩卡色,1,director,2,2,,/Users/claw/work/douyin-recorder/backend/../recordings/director_outputs/director_output_1782017473.mp4,2,/Users/claw/work/douyin-recorder/backend/../recordings/director_outputs/director_output_1782135667.mp4,2026-06-20 17:24:09,False
4429,补发片（中分款） 白金色,1,director,2,2,,/Users/claw/work/douyin-recorder/backend/../recordings/director_outputs/director_output_1782208031.mp4,2,/Users/claw/work/douyin-recorder/backend/../recordings/director_outputs/director_output_1782518748.mp4,2026-06-20 17:24:13,False
4433,起落号直发 黑巧克力,2,director,2,2,,/Users/claw/work/douyin-recorder/backend/../recordings/director_outputs/director_output_1782017759.mp4,2,/Users/claw/work/douyin-recorder/backend/../recordings/director_outputs/director_output_1782136248.mp4,2026-06-20 17:24:25,False
4437,韩系微卷发 蜂蜜棕,2,director,2,2,,/Users/claw/work/douyin-recorder/backend/../recordings/director_outputs/director_output_1782017902.mp4,2,/Users/claw/work/douyin-recorder/backend/../recordings/director_outputs/director_output_1782135645.mp4,2026-06-20 17:34:04,False
4438,中分款 灰棕奶茶、灰棕色,2,director,2,2,,/Users/claw/work/douyin-recorder/backend/../recordings/director_outputs/director_output_1782017958.mp4,2,/Users/claw/work/douyin-recorder/backend/../recordings/director_outputs/director_output_1782084274.mp4,2026-06-20 18:54:05,False
4440,水晶卷发,1,director,2,2,,/Users/claw/work/douyin-recorder/backend/../recordings/director_outputs/director_output_1782208676.mp4,2,/Users/claw/work/douyin-recorder/backend/../recordings/director_outputs/director_output_1782379866.mp4,2026-06-21 15:22:26,False
4441,旗间卷发 棕色,1,director,2,2,,/Users/claw/work/douyin-recorder/backend/../recordings/director_outputs/director_output_1782092945.mp4,2,/Users/claw/work/douyin-recorder/backend/../recordings/director_outputs/director_output_1782135666.mp4,2026-06-21 22:06:20,False
4442,美人尖假发 红色,1,director,2,2,,/Users/claw/work/douyin-recorder/backend/../recordings/director_outputs/director_output_1782092989.mp4,2,/Users/claw/work/douyin-recorder/backend/../recordings/director_outputs/director_output_1782136251.mp4,2026-06-21 22:09:40,False
4443,红色,1,director,2,2,,/Users/claw/work/douyin-recorder/backend/../recordings/director_outputs/director_output_1782093101.mp4,2,/Users/claw/work/douyin-recorder/backend/../recordings/director_outputs/director_output_1782136556.mp4,2026-06-21 22:10:59,False
4444,红色卷发美人鱼 红色,1,director,2,2,,/Users/claw/work/douyin-recorder/backend/../recordings/director_outputs/director_output_1782085958.mp4,2,/Users/claw/work/douyin-recorder/backend/../recordings/director_outputs/director_output_1782136268.mp4,2026-06-21 22:12:48,False
4445,中古洋娃娃 红发,1,director,2,2,,/Users/claw/work/douyin-recorder/backend/../recordings/director_outputs/director_output_1782208145.mp4,2,/Users/claw/work/douyin-recorder/backend/../recordings/director_outputs/director_output_1782379870.mp4,2026-06-21 22:14:25,False
4446,13号美人尖（高马尾） 红色,1,director,2,2,,/Users/claw/work/douyin-recorder/backend/../recordings/director_outputs/director_output_1782086158.mp4,2,/Users/claw/work/douyin-recorder/backend/../recordings/director_outputs/director_output_1782136543.mp4,2026-06-21 22:15:34,False
4447,财发千金 蜜茶棕色,1,director,2,2,,/Users/claw/work/douyin-recorder/backend/../recordings/director_outputs/director_output_1782093417.mp4,2,/Users/claw/work/douyin-recorder/backend/../recordings/director_outputs/director_output_1782136562.mp4,2026-06-21 22:17:14,False
4448,财发千金 棕色,1,director,2,2,,/Users/claw/work/douyin-recorder/backend/../recordings/director_outputs/director_output_1782086267.mp4,2,/Users/claw/work/douyin-recorder/backend/../recordings/director_outputs/director_output_1782136575.mp4,2026-06-21 22:18:40,False
4449,齐了耳 摩卡,1,director,2,2,,/Users/claw/work/douyin-recorder/backend/../recordings/director_outputs/director_output_1782086361.mp4,2,/Users/claw/work/douyin-recorder/backend/../recordings/director_outputs/director_output_1782136892.mp4,2026-06-21 22:20:15,False
4450,雾棕,2,director,2,2,,/Users/claw/work/douyin-recorder/backend/../recordings/director_outputs/director_output_1782210172.mp4,2,/Users/claw/work/douyin-recorder/backend/../recordings/director_outputs/director_output_1782518423.mp4,2026-06-23 06:30:28,False
4451,小白离卷发 奶茶灰棕色,2,director,2,2,,/Users/claw/work/douyin-recorder/backend/../recordings/director_outputs/director_output_1782210304.mp4,2,/Users/claw/work/douyin-recorder/backend/../recordings/director_outputs/director_output_1782227316.mp4,2026-06-23 06:30:47,False
4452,澳洲紫玫瑰 黑茶色,1,director,2,2,,/Users/claw/work/douyin-recorder/backend/../recordings/director_outputs/director_output_1782238093.mp4,2,/Users/claw/work/douyin-recorder/backend/../recordings/director_outputs/director_output_1782379866.mp4,2026-06-23 06:31:54,False
4453,齐罗海微卷发 黑茶色,2,director,2,2,,/Users/claw/work/douyin-recorder/backend/../recordings/director_outputs/director_output_1782213128.mp4,2,/Users/claw/work/douyin-recorder/backend/../recordings/director_outputs/director_output_1782227415.mp4,2026-06-23 07:19:32,False
4454,伊甸园,2,director,2,2,,/Users/claw/work/douyin-recorder/backend/../recordings/director_outputs/director_output_1782213225.mp4,2,/Users/claw/work/douyin-recorder/backend/../recordings/director_outputs/director_output_1782420763.mp4,2026-06-23 07:24:26,False
4455,水波纹卷发 雾棕色,2,director,2,2,,/Users/claw/work/douyin-recorder/backend/../recordings/director_outputs/director_output_1782213253.mp4,2,/Users/claw/work/douyin-recorder/backend/../recordings/director_outputs/director_output_1782227372.mp4,2026-06-23 07:28:18,False
4456,齐罗号齐刘海假发 黑巧克力,2,director,2,2,,/Users/claw/work/douyin-recorder/backend/../recordings/director_outputs/director_output_1782213701.mp4,2,/Users/claw/work/douyin-recorder/backend/../recordings/director_outputs/director_output_1782460014.mp4,2026-06-23 08:10:08,False
4457,五号元气森林 雾棕色,2,director,2,2,,/Users/claw/work/douyin-recorder/backend/../recordings/director_outputs/director_output_1782213889.mp4,2,/Users/claw/work/douyin-recorder/backend/../recordings/director_outputs/director_output_1782226567.mp4,2026-06-23 08:29:29,False
4458,水波纹卷发 雾棕,2,director,2,2,,/Users/claw/work/douyin-recorder/backend/../recordings/director_outputs/director_output_1782226259.mp4,2,/Users/claw/work/douyin-recorder/backend/../recordings/director_outputs/director_output_1782518443.mp4,2026-06-23 08:30:07,False
4459,中分款高层次轻薄发 风影棕,2,director,2,2,,/Users/claw/work/douyin-recorder/backend/../recordings/director_outputs/director_output_1782214559.mp4,2,/Users/claw/work/douyin-recorder/backend/../recordings/director_outputs/director_output_1782379380.mp4,2026-06-23 08:36:18,False
4460,黑茶/黑巧,2,director,2,2,,/Users/claw/work/douyin-recorder/backend/../recordings/director_outputs/director_output_1782215986.mp4,2,/Users/claw/work/douyin-recorder/backend/../recordings/director_outputs/director_output_1782379358.mp4,2026-06-23 09:16:04,False
4461,直式假发 黑茶色,1,director,2,2,,/Users/claw/work/douyin-recorder/backend/../recordings/director_outputs/director_output_1782216092.mp4,2,/Users/claw/work/douyin-recorder/backend/../recordings/director_outputs/director_output_1782379358.mp4,2026-06-23 09:18:41,False
4462,头顶补发片 黑茶色、摩卡色、白金,1,director,2,2,,/Users/claw/work/douyin-recorder/backend/../recordings/director_outputs/director_output_1782218210.mp4,2,/Users/claw/work/douyin-recorder/backend/../recordings/director_outputs/director_output_1782379340.mp4,2026-06-23 10:02:19,False
4463,拉眉卷 灰金色,2,director,2,2,,/Users/claw/work/douyin-recorder/backend/../recordings/director_outputs/director_output_1782221493.mp4,2,/Users/claw/work/douyin-recorder/backend/../recordings/director_outputs/director_output_1782286035.mp4,2026-06-23 11:03:05,False
4464,潮色卷发 灰粉色,2,director,2,2,,/Users/claw/work/douyin-recorder/backend/../recordings/director_outputs/director_output_1782221514.mp4,2,/Users/claw/work/douyin-recorder/backend/../recordings/director_outputs/director_output_1782379226.mp4,2026-06-23 11:09:47,False
4465,二号利基 灰粉色,2,director,2,2,,/Users/claw/work/douyin-recorder/backend/../recordings/director_outputs/director_output_1782221790.mp4,2,/Users/claw/work/douyin-recorder/backend/../recordings/director_outputs/director_output_1782226473.mp4,2026-06-23 11:10:57,False
4466,大波浪卷发 黑茶色,2,director,2,2,,/Users/claw/work/douyin-recorder/backend/../recordings/director_outputs/director_output_1782221926.mp4,2,/Users/claw/work/douyin-recorder/backend/../recordings/director_outputs/director_output_1782285900.mp4,2026-06-23 11:11:24,False
4467,公主头/中分发,2,director,2,2,,/Users/claw/work/douyin-recorder/backend/../recordings/director_outputs/director_output_1782226375.mp4,2,/Users/claw/work/douyin-recorder/backend/../recordings/director_outputs/director_output_1782379180.mp4,2026-06-23 13:00:39,False
4468,水波纹小卷 雾棕色,2,director,2,2,,/Users/claw/work/douyin-recorder/backend/../recordings/director_outputs/director_output_1782226302.mp4,2,/Users/claw/work/douyin-recorder/backend/../recordings/director_outputs/director_output_1782285597.mp4,2026-06-23 13:20:05,False
4469,海藻水波纹卷发 蜂蜜棕,2,director,2,2,,/Users/claw/work/douyin-recorder/backend/../recordings/director_outputs/director_output_1782237749.mp4,2,/Users/claw/work/douyin-recorder/backend/../recordings/director_outputs/director_output_1782379184.mp4,2026-06-23 13:20:26,False
4470,齐六号（齐刘海假发） 蜂蜜茶色/蜜棕色,2,director,2,2,,/Users/claw/work/douyin-recorder/backend/../recordings/director_outputs/director_output_1782237590.mp4,2,/Users/claw/work/douyin-recorder/backend/../recordings/director_outputs/director_output_1782379187.mp4,2026-06-23 13:20:50,False
4471,赏金链（赏金猎人） 白金色,1,director,2,2,,/Users/claw/work/douyin-recorder/backend/../recordings/director_outputs/director_output_1782237435.mp4,2,/Users/claw/work/douyin-recorder/backend/../recordings/director_outputs/director_output_1782379103.mp4,2026-06-23 13:22:31,False
4472,海藻卷假发 蜜桃乌龙,2,director,2,2,,/Users/claw/work/douyin-recorder/backend/../recordings/director_outputs/director_output_1782237415.mp4,2,/Users/claw/work/douyin-recorder/backend/../recordings/director_outputs/director_output_1782459835.mp4,2026-06-23 13:23:47,False
4473,14号链接可可芭蕾 可可芭蕾色,1,director,2,2,,/Users/claw/work/douyin-recorder/backend/../recordings/director_outputs/director_output_1782237070.mp4,2,/Users/claw/work/douyin-recorder/backend/../recordings/director_outputs/director_output_1782379028.mp4,2026-06-23 13:29:28,False
4474,半扎发（公主头）,2,director,2,2,,/Users/claw/work/douyin-recorder/backend/../recordings/director_outputs/director_output_1782236821.mp4,2,/Users/claw/work/douyin-recorder/backend/../recordings/director_outputs/director_output_1782285113.mp4,2026-06-23 13:34:57,False
4475,彩发千金 千金棕色,1,director,2,2,,/Users/claw/work/douyin-recorder/backend/../recordings/director_outputs/director_output_1782236787.mp4,2,/Users/claw/work/douyin-recorder/backend/../recordings/director_outputs/director_output_1782379028.mp4,2026-06-23 13:35:20,False
4476,中分微卷发 蜜茶棕色,2,director,2,2,,/Users/claw/work/douyin-recorder/backend/../recordings/director_outputs/director_output_1782236743.mp4,2,/Users/claw/work/douyin-recorder/backend/../recordings/director_outputs/director_output_1782420061.mp4,2026-06-23 13:55:12,False
4477,公主发 蜜棕色,2,director,2,2,,/Users/claw/work/douyin-recorder/backend/../recordings/director_outputs/director_output_1782236376.mp4,2,/Users/claw/work/douyin-recorder/backend/../recordings/director_outputs/director_output_1782410046.mp4,2026-06-23 14:26:10,False
4478,碎晶晶直发 灰色带粉调,1,director,2,2,,/Users/claw/work/douyin-recorder/backend/../recordings/director_outputs/director_output_1782238110.mp4,2,/Users/claw/work/douyin-recorder/backend/../recordings/director_outputs/director_output_1782518426.mp4,2026-06-23 14:48:32,False
4479,真你小猫 粉棕色（豆沙粉棕）,2,director,2,2,,/Users/claw/work/douyin-recorder/backend/../recordings/director_outputs/director_output_1782239361.mp4,2,/Users/claw/work/douyin-recorder/backend/../recordings/director_outputs/director_output_1782409412.mp4,2026-06-23 15:17:59,False
4480,海藻卷 灰粉沙金,2,director,2,2,,/Users/claw/work/douyin-recorder/backend/../recordings/director_outputs/director_output_1782239387.mp4,2,/Users/claw/work/douyin-recorder/backend/../recordings/director_outputs/director_output_1782378891.mp4,2026-06-23 15:24:50,False
4481,轻薄卷发 蜜棕色,2,director,2,2,,/Users/claw/work/douyin-recorder/backend/../recordings/director_outputs/director_output_1782239427.mp4,2,/Users/claw/work/douyin-recorder/backend/../recordings/director_outputs/director_output_1782378881.mp4,2026-06-23 15:28:12,False
4482,夺回（多回人生） 多灰,1,director,2,2,,/Users/claw/work/douyin-recorder/backend/../recordings/director_outputs/director_output_1782239782.mp4,2,/Users/claw/work/douyin-recorder/backend/../recordings/director_outputs/director_output_1782518405.mp4,2026-06-23 15:30:11,False
4483,人生（中分假发） 棕色,1,director,2,2,,/Users/claw/work/douyin-recorder/backend/../recordings/director_outputs/director_output_1782241412.mp4,2,/Users/claw/work/douyin-recorder/backend/../recordings/director_outputs/director_output_1782518214.mp4,2026-06-23 16:13:35,False
4484,雾棕色,2,director,2,2,,/Users/claw/work/douyin-recorder/backend/../recordings/director_outputs/director_output_1782249750.mp4,2,/Users/claw/work/douyin-recorder/backend/../recordings/director_outputs/director_output_1782378793.mp4,2026-06-23 16:19:39,False
4485,对对熊（水母头层次中长发） 黑棕色,2,director,2,2,,/Users/claw/work/douyin-recorder/backend/../recordings/director_outputs/director_output_1782243757.mp4,2,/Users/claw/work/douyin-recorder/backend/../recordings/director_outputs/director_output_1782459365.mp4,2026-06-23 16:49:23,False
4486,起落号（半扎发假发）,2,director,2,2,,/Users/claw/work/douyin-recorder/backend/../recordings/director_outputs/director_output_1782265303.mp4,2,/Users/claw/work/douyin-recorder/backend/../recordings/director_outputs/director_output_1782324485.mp4,2026-06-24 00:13:52,False
4487,微卷发（8号） 豆沙粉棕,2,director,2,2,,/Users/claw/work/douyin-recorder/backend/../recordings/director_outputs/director_output_1782267866.mp4,2,/Users/claw/work/douyin-recorder/backend/../recordings/director_outputs/director_output_1782320782.mp4,2026-06-24 00:40:11,False
4488,直发高层次 巧克力色,2,director,2,2,,/Users/claw/work/douyin-recorder/backend/../recordings/director_outputs/director_output_1782283509.mp4,2,/Users/claw/work/douyin-recorder/backend/../recordings/director_outputs/director_output_1782518099.mp4,2026-06-24 00:43:42,False
4489,海藻卷发 金头色,2,director,2,2,,/Users/claw/work/douyin-recorder/backend/../recordings/director_outputs/director_output_1782270023.mp4,2,/Users/claw/work/douyin-recorder/backend/../recordings/director_outputs/director_output_1782284091.mp4,2026-06-24 00:45:30,False
4490,海藻卷 灰粉渐变色,2,director,2,2,,/Users/claw/work/douyin-recorder/backend/../recordings/director_outputs/director_output_1782270036.mp4,2,/Users/claw/work/douyin-recorder/backend/../recordings/director_outputs/director_output_1782324025.mp4,2026-06-24 00:47:10,False
4491,水光款 黑茶色（自然黑）,2,director,2,2,,/Users/claw/work/douyin-recorder/backend/../recordings/director_outputs/director_output_1782270057.mp4,2,/Users/claw/work/douyin-recorder/backend/../recordings/director_outputs/director_output_1782324041.mp4,2026-06-24 00:49:26,False
4492,中分微卷假发 自然黑,2,director,2,2,,/Users/claw/work/douyin-recorder/backend/../recordings/director_outputs/director_output_1782270115.mp4,2,/Users/claw/work/douyin-recorder/backend/../recordings/director_outputs/director_output_1782324043.mp4,2026-06-24 00:51:05,False
4493,紫鸢 灰紫色,2,director,2,2,,/Users/claw/work/douyin-recorder/backend/../recordings/director_outputs/director_output_1782270552.mp4,2,/Users/claw/work/douyin-recorder/backend/../recordings/director_outputs/director_output_1782459199.mp4,2026-06-24 00:52:58,False
4494,罗马卷 黑色,1,director,2,2,,/Users/claw/work/douyin-recorder/backend/../recordings/director_outputs/director_output_1782272106.mp4,2,/Users/claw/work/douyin-recorder/backend/../recordings/director_outputs/director_output_1782518036.mp4,2026-06-24 01:17:53,False
4495,三号小卷卷（暴躁卷发） 巧克力色,2,director,2,2,,/Users/claw/work/douyin-recorder/backend/../recordings/director_outputs/director_output_1782272202.mp4,2,/Users/claw/work/douyin-recorder/backend/../recordings/director_outputs/director_output_1782378645.mp4,2026-06-24 01:32:10,False
4496,有存家传（高层次直发齐刘海）,1,director,2,2,,/Users/claw/work/douyin-recorder/backend/../recordings/director_outputs/director_output_1782282168.mp4,2,/Users/claw/work/douyin-recorder/backend/../recordings/director_outputs/director_output_1782378637.mp4,2026-06-24 02:47:40,False
4497,小白鲤微卷发 奶茶灰棕色,2,director,2,2,,/Users/claw/work/douyin-recorder/backend/../recordings/director_outputs/director_output_1782279163.mp4,2,/Users/claw/work/douyin-recorder/backend/../recordings/director_outputs/director_output_1782283285.mp4,2026-06-24 03:45:51,False
4498,公主头假发 奶茶灰棕,2,director,2,2,,/Users/claw/work/douyin-recorder/backend/../recordings/director_outputs/director_output_1782279595.mp4,2,/Users/claw/work/douyin-recorder/backend/../recordings/director_outputs/director_output_1782408753.mp4,2026-06-24 03:47:44,False
4499,天蝎座直发,1,director,2,2,,/Users/claw/work/douyin-recorder/backend/../recordings/director_outputs/director_output_1782281076.mp4,2,/Users/claw/work/douyin-recorder/backend/../recordings/director_outputs/director_output_1782378600.mp4,2026-06-24 04:19:05,False
4500,天蝎座直发款 黑茶色,1,director,2,2,,/Users/claw/work/douyin-recorder/backend/../recordings/director_outputs/director_output_1782281209.mp4,2,/Users/claw/work/douyin-recorder/backend/../recordings/director_outputs/director_output_1782489197.mp4,2026-06-24 04:21:37,False
4501,信奈 亚麻色,1,director,2,2,,/Users/claw/work/douyin-recorder/backend/../recordings/director_outputs/director_output_1782283492.mp4,2,/Users/claw/work/douyin-recorder/backend/../recordings/director_outputs/director_output_1782518181.mp4,2026-06-24 05:24:16,False
4502,水波纹微卷长发 雾棕色,2,director,2,2,,/Users/claw/work/douyin-recorder/backend/../recordings/director_outputs/director_output_1782283422.mp4,2,/Users/claw/work/douyin-recorder/backend/../recordings/director_outputs/director_output_1782517746.mp4,2026-06-24 05:29:39,False
4503,晚相遇短发 蜜茶亚麻色,2,director,2,2,,/Users/claw/work/douyin-recorder/backend/../recordings/director_outputs/director_output_1782283102.mp4,2,/Users/claw/work/douyin-recorder/backend/../recordings/director_outputs/director_output_1782458677.mp4,2026-06-24 05:35:52,False
4504,顶美直发 巧克力色,2,director,2,2,,/Users/claw/work/douyin-recorder/backend/../recordings/director_outputs/director_output_1782283123.mp4,2,/Users/claw/work/douyin-recorder/backend/../recordings/director_outputs/director_output_1782322189.mp4,2026-06-24 05:41:58,False
4505,粉红泡壶 粉色,1,director,2,2,,/Users/claw/work/douyin-recorder/backend/../recordings/director_outputs/director_output_1782283085.mp4,2,/Users/claw/work/douyin-recorder/backend/../recordings/director_outputs/director_output_1782517725.mp4,2026-06-24 05:47:53,False
4506,晚香玉13号短发 茶棕色,2,director,2,2,,/Users/claw/work/douyin-recorder/backend/../recordings/director_outputs/director_output_1782283135.mp4,2,/Users/claw/work/douyin-recorder/backend/../recordings/director_outputs/director_output_1782322307.mp4,2026-06-24 05:49:18,False
4507,青檀女高 珍果灰棕色,1,director,2,2,,/Users/claw/work/douyin-recorder/backend/../recordings/director_outputs/director_output_1782321989.mp4,2,/Users/claw/work/douyin-recorder/backend/../recordings/director_outputs/director_output_1782378266.mp4,2026-06-24 16:39:58,False
4508,人参宝宝 焦糖棕色,1,director,2,2,,/Users/claw/work/douyin-recorder/backend/../recordings/director_outputs/director_output_1782322096.mp4,2,/Users/claw/work/douyin-recorder/backend/../recordings/director_outputs/director_output_1782517716.mp4,2026-06-24 16:48:21,False
4509,白金猎人,1,director,2,2,,/Users/claw/work/douyin-recorder/backend/../recordings/director_outputs/director_output_1782322087.mp4,2,/Users/claw/work/douyin-recorder/backend/../recordings/director_outputs/director_output_1782378354.mp4,2026-06-24 17:12:37,False
4510,真地真手勾直发 奶茶色,1,director,2,2,,/Users/claw/work/douyin-recorder/backend/../recordings/director_outputs/director_output_1782332421.mp4,2,/Users/claw/work/douyin-recorder/backend/../recordings/director_outputs/director_output_1782517742.mp4,2026-06-24 17:22:21,False
4511,微卷公主头 蜜茶棕,2,director,2,2,,/Users/claw/work/douyin-recorder/backend/../recordings/director_outputs/director_output_1782332409.mp4,2,/Users/claw/work/douyin-recorder/backend/../recordings/director_outputs/director_output_1782517408.mp4,2026-06-24 17:25:08,False
4512,中分微卷发 蜜棕色,2,director,2,2,,/Users/claw/work/douyin-recorder/backend/../recordings/director_outputs/director_output_1782332278.mp4,2,/Users/claw/work/douyin-recorder/backend/../recordings/director_outputs/director_output_1782407732.mp4,2026-06-24 17:38:05,False
4513,齐刘海微卷发 蜜茶棕色,2,director,2,2,,/Users/claw/work/douyin-recorder/backend/../recordings/director_outputs/director_output_1782332119.mp4,2,/Users/claw/work/douyin-recorder/backend/../recordings/director_outputs/director_output_1782416828.mp4,2026-06-24 17:39:52,False
4514,信奈 黑茶色,1,director,2,2,,/Users/claw/work/douyin-recorder/backend/../recordings/director_outputs/director_output_1782332062.mp4,2,/Users/claw/work/douyin-recorder/backend/../recordings/director_outputs/director_output_1782517282.mp4,2026-06-24 17:53:48,False
4515,骑楼号 黑棕色,2,director,2,2,,/Users/claw/work/douyin-recorder/backend/../recordings/director_outputs/director_output_1782331437.mp4,2,/Users/claw/work/douyin-recorder/backend/../recordings/director_outputs/director_output_1782416591.mp4,2026-06-24 19:11:49,False
4516,小拉美卷发 灰金色,2,director,2,2,,/Users/claw/work/douyin-recorder/backend/../recordings/director_outputs/director_output_1782331625.mp4,2,/Users/claw/work/douyin-recorder/backend/../recordings/director_outputs/director_output_1782416497.mp4,2026-06-24 19:12:42,False
4517,浅奶茶,2,director,2,2,,/Users/claw/work/douyin-recorder/backend/../recordings/director_outputs/director_output_1782331669.mp4,2,/Users/claw/work/douyin-recorder/backend/../recordings/director_outputs/director_output_1782517190.mp4,2026-06-24 19:13:57,False
4518,V卷发 奶茶灰棕色,2,director,2,2,,/Users/claw/work/douyin-recorder/backend/../recordings/director_outputs/director_output_1782331694.mp4,2,/Users/claw/work/douyin-recorder/backend/../recordings/director_outputs/director_output_1782416130.mp4,2026-06-24 19:15:48,False
4519,晚香鱼短发 茶棕色,2,director,2,2,,/Users/claw/work/douyin-recorder/backend/../recordings/director_outputs/director_output_1782331773.mp4,2,/Users/claw/work/douyin-recorder/backend/../recordings/director_outputs/director_output_1782415792.mp4,2026-06-24 19:16:58,False
4520,中分卷发 灰金色,2,director,2,2,,/Users/claw/work/douyin-recorder/backend/../recordings/director_outputs/director_output_1782331964.mp4,2,/Users/claw/work/douyin-recorder/backend/../recordings/director_outputs/director_output_1782457982.mp4,2026-06-24 19:18:47,False
4521,中短发卷发 粉棕色,2,director,2,2,,/Users/claw/work/douyin-recorder/backend/../recordings/director_outputs/director_output_1782332048.mp4,2,/Users/claw/work/douyin-recorder/backend/../recordings/director_outputs/director_output_1782517234.mp4,2026-06-24 19:20:49,False
4522,大波浪卷 红色,2,director,2,2,,/Users/claw/work/douyin-recorder/backend/../recordings/director_outputs/director_output_1782334665.mp4,2,/Users/claw/work/douyin-recorder/backend/../recordings/director_outputs/director_output_1782517247.mp4,2026-06-24 19:29:02,False
4523,三号卷发,2,director,2,2,,/Users/claw/work/douyin-recorder/backend/../recordings/director_outputs/director_output_1782334728.mp4,2,/Users/claw/work/douyin-recorder/backend/../recordings/director_outputs/director_output_1782457720.mp4,2026-06-24 19:30:35,False
4524,微卷假发 蜜茶棕色,2,director,2,2,,/Users/claw/work/douyin-recorder/backend/../recordings/director_outputs/director_output_1782334820.mp4,2,/Users/claw/work/douyin-recorder/backend/../recordings/director_outputs/director_output_1782457774.mp4,2026-06-24 19:31:33,False
4525,中分款韩系微卷 蜜棕色/蜂蜜茶色,2,director,2,2,,/Users/claw/work/douyin-recorder/backend/../recordings/director_outputs/director_output_1782334880.mp4,2,/Users/claw/work/douyin-recorder/backend/../recordings/director_outputs/director_output_1782516530.mp4,2026-06-24 19:32:37,False
4526,知识 茶棕,1,director,2,2,,/Users/claw/work/douyin-recorder/backend/../recordings/director_outputs/director_output_1782399833.mp4,2,/Users/claw/work/douyin-recorder/backend/../recordings/director_outputs/director_output_1782516580.mp4,2026-06-25 14:12:15,False
4527,色谷甜心 奶茶金,1,director,2,2,,/Users/claw/work/douyin-recorder/backend/../recordings/director_outputs/director_output_1782401376.mp4,2,/Users/claw/work/douyin-recorder/backend/../recordings/director_outputs/director_output_1782516476.mp4,2026-06-25 14:34:03,False
4528,海野奶咖 亚麻棕,1,director,2,2,,/Users/claw/work/douyin-recorder/backend/../recordings/director_outputs/director_output_1782401391.mp4,2,/Users/claw/work/douyin-recorder/backend/../recordings/director_outputs/director_output_1782516234.mp4,2026-06-25 14:35:26,False
4529,中长直发 奶咖色,1,director,2,2,,/Users/claw/work/douyin-recorder/backend/../recordings/director_outputs/director_output_1782404076.mp4,2,/Users/claw/work/douyin-recorder/backend/../recordings/director_outputs/director_output_1782516363.mp4,2026-06-25 15:00:28,False
4530,氧气粒子卷 绿棕色,1,director,2,2,,/Users/claw/work/douyin-recorder/backend/../recordings/director_outputs/director_output_1782404115.mp4,2,/Users/claw/work/douyin-recorder/backend/../recordings/director_outputs/director_output_1782516255.mp4,2026-06-25 15:02:14,False
4531,人生 焦糖棕,1,director,2,2,,/Users/claw/work/douyin-recorder/backend/../recordings/director_outputs/director_output_1782404223.mp4,2,/Users/claw/work/douyin-recorder/backend/../recordings/director_outputs/director_output_1782516092.mp4,2026-06-25 15:03:32,False
4532,公主头 深茶棕或冷棕色,1,director,2,2,,/Users/claw/work/douyin-recorder/backend/../recordings/director_outputs/director_output_1782404291.mp4,2,/Users/claw/work/douyin-recorder/backend/../recordings/director_outputs/director_output_1782515870.mp4,2026-06-25 15:04:56,False
4533,养气栗子卷,1,director,2,2,,/Users/claw/work/douyin-recorder/backend/../recordings/director_outputs/director_output_1782492649.mp4,2,/Users/claw/work/douyin-recorder/backend/../recordings/director_outputs/director_output_1783063857.mp4,2026-06-25 15:06:00,False
4534,预警款假发 黑茶色,1,director,2,2,,/Users/claw/work/douyin-recorder/backend/../recordings/director_outputs/director_output_1782404456.mp4,2,/Users/claw/work/douyin-recorder/backend/../recordings/director_outputs/director_output_1782515866.mp4,2026-06-25 15:06:51,False
4535,白金猎人 白金色,1,director,2,2,,/Users/claw/work/douyin-recorder/backend/../recordings/director_outputs/director_output_1782430537.mp4,2,/Users/claw/work/douyin-recorder/backend/../recordings/director_outputs/director_output_1782515941.mp4,2026-06-25 15:35:35,False
4536,中长发梨花头 冷棕色,1,director,2,2,,/Users/claw/work/douyin-recorder/backend/../recordings/director_outputs/director_output_1782406923.mp4,2,/Users/claw/work/douyin-recorder/backend/../recordings/director_outputs/director_output_1782515943.mp4,2026-06-25 15:37:02,False
4537,沙绘子 深茶棕色,1,director,2,2,,/Users/claw/work/douyin-recorder/backend/../recordings/director_outputs/director_output_1782416759.mp4,2,/Users/claw/work/douyin-recorder/backend/../recordings/director_outputs/director_output_1782515511.mp4,2026-06-25 15:38:13,False
4538,小白梨 4号白,2,director,2,2,,/Users/claw/work/douyin-recorder/backend/../recordings/director_outputs/director_output_1782407050.mp4,2,/Users/claw/work/douyin-recorder/backend/../recordings/director_outputs/director_output_1782515546.mp4,2026-06-25 15:40:38,False
4539,高层次微卷发 浅奶茶灰棕,2,director,2,2,,/Users/claw/work/douyin-recorder/backend/../recordings/director_outputs/director_output_1782407206.mp4,2,/Users/claw/work/douyin-recorder/backend/../recordings/director_outputs/director_output_1782515536.mp4,2026-06-25 15:41:48,False
4540,骑轮号微卷发 奶茶灰棕,2,director,2,2,,/Users/claw/work/douyin-recorder/backend/../recordings/director_outputs/director_output_1782407281.mp4,2,/Users/claw/work/douyin-recorder/backend/../recordings/director_outputs/director_output_1782456360.mp4,2026-06-25 15:43:39,False
4541,碎晶晶 粉调奶茶色,1,director,2,2,,/Users/claw/work/douyin-recorder/backend/../recordings/director_outputs/director_output_1782437320.mp4,2,/Users/claw/work/douyin-recorder/backend/../recordings/director_outputs/director_output_1782515589.mp4,2026-06-25 16:04:22,False
4542,赏金猎人 金色,1,director,2,2,,/Users/claw/work/douyin-recorder/backend/../recordings/director_outputs/director_output_1782409960.mp4,2,/Users/claw/work/douyin-recorder/backend/../recordings/director_outputs/director_output_1782497451.mp4,2026-06-25 16:06:28,False
4543,赏金猎人 白金色,1,director,2,2,,/Users/claw/work/douyin-recorder/backend/../recordings/director_outputs/director_output_1782430331.mp4,2,/Users/claw/work/douyin-recorder/backend/../recordings/director_outputs/director_output_1782497376.mp4,2026-06-25 16:07:34,False
4544,许愿款微卷发 蜂蜜茶色（蜜棕色）,2,director,2,2,,/Users/claw/work/douyin-recorder/backend/../recordings/director_outputs/director_output_1782416295.mp4,2,/Users/claw/work/douyin-recorder/backend/../recordings/director_outputs/director_output_1782497414.mp4,2026-06-25 16:08:55,False
4545,直发（中分） 黑巧克力,2,director,2,2,,/Users/claw/work/douyin-recorder/backend/../recordings/director_outputs/director_output_1782416199.mp4,2,/Users/claw/work/douyin-recorder/backend/../recordings/director_outputs/director_output_1782497380.mp4,2026-06-25 16:13:02,False
4546,直发刘海款,1,director,2,2,,/Users/claw/work/douyin-recorder/backend/../recordings/director_outputs/director_output_1782416053.mp4,2,/Users/claw/work/douyin-recorder/backend/../recordings/director_outputs/director_output_1782494374.mp4,2026-06-25 16:24:49,False
4547,黑长直（11号令节天蝎） 自然黑,1,director,2,2,,/Users/claw/work/douyin-recorder/backend/../recordings/director_outputs/director_output_1782415615.mp4,2,/Users/claw/work/douyin-recorder/backend/../recordings/director_outputs/director_output_1782494370.mp4,2026-06-25 16:26:02,False
4548,镜像,1,director,2,2,,/Users/claw/work/douyin-recorder/backend/../recordings/director_outputs/director_output_1782415710.mp4,2,/Users/claw/work/douyin-recorder/backend/../recordings/director_outputs/director_output_1782494281.mp4,2026-06-25 16:27:20,False
4549,三号中分直发/齐流哈直发,2,director,2,2,,/Users/claw/work/douyin-recorder/backend/../recordings/director_outputs/director_output_1782415596.mp4,2,/Users/claw/work/douyin-recorder/backend/../recordings/director_outputs/director_output_1782494221.mp4,2026-06-25 16:28:48,False
4550,海藻卷（暴躁卷发） 黑巧克力色,2,director,2,2,,/Users/claw/work/douyin-recorder/backend/../recordings/director_outputs/director_output_1782435896.mp4,2,/Users/claw/work/douyin-recorder/backend/../recordings/director_outputs/director_output_1782455427.mp4,2026-06-25 16:30:17,False
4551,公主发（中分款） 灰粉沙金色/灰粉,2,director,2,2,,/Users/claw/work/douyin-recorder/backend/../recordings/director_outputs/director_output_1782415474.mp4,2,/Users/claw/work/douyin-recorder/backend/../recordings/director_outputs/director_output_1782447032.mp4,2026-06-25 16:32:42,False
4552,齐耳短发,2,director,2,2,,/Users/claw/work/douyin-recorder/backend/../recordings/director_outputs/director_output_1782415005.mp4,2,/Users/claw/work/douyin-recorder/backend/../recordings/director_outputs/director_output_1782455241.mp4,2026-06-25 16:33:55,False
4553,信奈莉莉丝直发,1,director,2,2,,/Users/claw/work/douyin-recorder/backend/../recordings/director_outputs/director_output_1782423445.mp4,2,/Users/claw/work/douyin-recorder/backend/../recordings/director_outputs/director_output_1782493721.mp4,2026-06-25 16:50:57,False
4554,微卷发 浅奶茶灰棕色,2,director,2,2,,/Users/claw/work/douyin-recorder/backend/../recordings/director_outputs/director_output_1782414917.mp4,2,/Users/claw/work/douyin-recorder/backend/../recordings/director_outputs/director_output_1782455172.mp4,2026-06-25 16:56:20,False
4555,小白梨卷发（4号）,2,director,2,2,,/Users/claw/work/douyin-recorder/backend/../recordings/director_outputs/director_output_1782414824.mp4,2,/Users/claw/work/douyin-recorder/backend/../recordings/director_outputs/director_output_1782493651.mp4,2026-06-25 16:58:16,False
4556,灰粉沙金渐变色,2,director,2,2,,/Users/claw/work/douyin-recorder/backend/../recordings/director_outputs/director_output_1782414418.mp4,2,/Users/claw/work/douyin-recorder/backend/../recordings/director_outputs/director_output_1782446521.mp4,2026-06-25 17:00:35,False
4557,丝滑直发 黑茶色,1,director,2,2,,/Users/claw/work/douyin-recorder/backend/../recordings/director_outputs/director_output_1782414394.mp4,2,/Users/claw/work/douyin-recorder/backend/../recordings/director_outputs/director_output_1782493638.mp4,2026-06-25 17:07:57,False
4558,昭和美人,1,director,2,2,,/Users/claw/work/douyin-recorder/backend/../recordings/director_outputs/director_output_1782414270.mp4,2,/Users/claw/work/douyin-recorder/backend/../recordings/director_outputs/director_output_1782493620.mp4,2026-06-25 17:21:47,False
4559,补发片 摩卡色,1,director,2,2,,/Users/claw/work/douyin-recorder/backend/../recordings/director_outputs/director_output_1782414312.mp4,2,/Users/claw/work/douyin-recorder/backend/../recordings/director_outputs/director_output_1782493521.mp4,2026-06-25 17:25:56,False
4560,茶棕色,2,director,2,2,,/Users/claw/work/douyin-recorder/backend/../recordings/director_outputs/director_output_1782413837.mp4,2,/Users/claw/work/douyin-recorder/backend/../recordings/director_outputs/director_output_1782446136.mp4,2026-06-25 17:29:24,False
4561,中分款微卷假发,2,director,2,2,,/Users/claw/work/douyin-recorder/backend/../recordings/director_outputs/director_output_1782413851.mp4,2,/Users/claw/work/douyin-recorder/backend/../recordings/director_outputs/director_output_1782493222.mp4,2026-06-25 17:32:54,False
4562,金色、灰金色、粉色,2,director,2,2,,/Users/claw/work/douyin-recorder/backend/../recordings/director_outputs/director_output_1782413875.mp4,2,/Users/claw/work/douyin-recorder/backend/../recordings/director_outputs/director_output_1782493172.mp4,2026-06-25 17:36:30,False
4563,中分微卷发 蜂蜜茶棕色,2,director,2,2,,/Users/claw/work/douyin-recorder/backend/../recordings/director_outputs/director_output_1782413820.mp4,2,/Users/claw/work/douyin-recorder/backend/../recordings/director_outputs/director_output_1782454369.mp4,2026-06-25 17:37:44,False
4564,齐刘海假发 蜂蜜茶色,2,director,2,2,,/Users/claw/work/douyin-recorder/backend/../recordings/director_outputs/director_output_1782427724.mp4,2,/Users/claw/work/douyin-recorder/backend/../recordings/director_outputs/director_output_1782493170.mp4,2026-06-25 19:03:29,False
4565,粉色,2,director,2,2,,/Users/claw/work/douyin-recorder/backend/../recordings/director_outputs/director_output_1782427920.mp4,2,/Users/claw/work/douyin-recorder/backend/../recordings/director_outputs/director_output_1782445750.mp4,2026-06-25 19:07:57,False
4566,蛋蛋卷短发 蜂蜜茶,2,director,2,2,,/Users/claw/work/douyin-recorder/backend/../recordings/director_outputs/director_output_1782427893.mp4,2,/Users/claw/work/douyin-recorder/backend/../recordings/director_outputs/director_output_1782493141.mp4,2026-06-25 19:19:33,False
4567,全白,2,director,2,2,,/Users/claw/work/douyin-recorder/backend/../recordings/director_outputs/director_output_1782428014.mp4,2,/Users/claw/work/douyin-recorder/backend/../recordings/director_outputs/director_output_1782492919.mp4,2026-06-25 19:20:18,False
4568,海藻卷（二号领阶） 灰粉沙金渐变（蜜桃乌龙）,2,director,2,2,,/Users/claw/work/douyin-recorder/backend/../recordings/director_outputs/director_output_1782428101.mp4,2,/Users/claw/work/douyin-recorder/backend/../recordings/director_outputs/director_output_1782492799.mp4,2026-06-25 19:27:00,False
4570,中风微卷发 黑色（妈生黑）,2,director,2,2,,/Users/claw/work/douyin-recorder/backend/../recordings/director_outputs/director_output_1782428273.mp4,2,/Users/claw/work/douyin-recorder/backend/../recordings/director_outputs/director_output_1782492797.mp4,2026-06-25 19:56:33,False
4571,海藻卷 灰粉纱金渐变色,2,director,2,2,,/Users/claw/work/douyin-recorder/backend/../recordings/director_outputs/director_output_1782428346.mp4,2,/Users/claw/work/douyin-recorder/backend/../recordings/director_outputs/director_output_1782492730.mp4,2026-06-25 20:03:02,False
4572,顶美出没直发 巧克力色,2,director,2,2,,/Users/claw/work/douyin-recorder/backend/../recordings/director_outputs/director_output_1782428475.mp4,2,/Users/claw/work/douyin-recorder/backend/../recordings/director_outputs/director_output_1782492787.mp4,2026-06-25 20:07:07,False
4573,水光绸缎韩系微卷发 自然黑,2,director,2,2,,/Users/claw/work/douyin-recorder/backend/../recordings/director_outputs/director_output_1783026377.mp4,2,/Users/claw/work/douyin-recorder/backend/../recordings/director_outputs/director_output_1782978595.mp4,2026-06-25 20:10:10,False
4574,氧气粒子 焦糖,1,director,2,2,,/Users/claw/work/douyin-recorder/backend/../recordings/director_outputs/director_output_1783000227.mp4,2,/Users/claw/work/douyin-recorder/backend/../recordings/director_outputs/director_output_1783003936.mp4,2026-07-02 13:48:05,False
4575,胎毛羊毛卷,1,director,-2,2,,/Users/claw/work/douyin-recorder/backend/../recordings/director_outputs/director_output_1783000220.mp4,-1,,2026-07-02 13:48:10,False
4576,紫色卷发 紫色,1,director,2,2,,/Users/claw/work/douyin-recorder/backend/../recordings/director_outputs/director_output_1783000344.mp4,2,/Users/claw/work/douyin-recorder/backend/../recordings/director_outputs/director_output_1783000323.mp4,2026-07-02 13:49:16,False
4577,茶棕知世 茶棕色,1,director,2,2,,/Users/claw/work/douyin-recorder/backend/../recordings/director_outputs/director_output_1783000235.mp4,2,/Users/claw/work/douyin-recorder/backend/../recordings/director_outputs/director_output_1783000352.mp4,2026-07-02 13:49:22,False
4578,查宗知识 查中色,1,director,2,2,,/Users/claw/work/douyin-recorder/backend/../recordings/director_outputs/director_output_1783001621.mp4,2,/Users/claw/work/douyin-recorder/backend/../recordings/director_outputs/director_output_1783001693.mp4,2026-07-02 14:12:03,False
4579,带刘海卷发 黑茶色,1,director,2,2,,/Users/claw/work/douyin-recorder/backend/../recordings/director_outputs/director_output_1783001780.mp4,2,/Users/claw/work/douyin-recorder/backend/../recordings/director_outputs/director_output_1783001864.mp4,2026-07-02 14:14:06,False
4580,人脸萌kiki 黑茶色,1,director,2,2,,/Users/claw/work/douyin-recorder/backend/../recordings/director_outputs/director_output_1783001812.mp4,2,/Users/claw/work/douyin-recorder/backend/../recordings/director_outputs/director_output_1783002114.mp4,2026-07-02 14:14:11,False
4581,冷脸萌kiki 灰白调/奶茶色,1,director,2,2,,/Users/claw/work/douyin-recorder/backend/../recordings/director_outputs/director_output_1783001856.mp4,2,/Users/claw/work/douyin-recorder/backend/../recordings/director_outputs/director_output_1783001878.mp4,2026-07-02 14:14:58,False
4582,蓝脸萌Kiki 自然黑,1,director,2,2,,/Users/claw/work/douyin-recorder/backend/../recordings/director_outputs/director_output_1783003090.mp4,2,/Users/claw/work/douyin-recorder/backend/../recordings/director_outputs/director_output_1783003212.mp4,2026-07-02 14:36:31,False
4583,纯玉冷冻卷,1,director,2,2,,/Users/claw/work/douyin-recorder/backend/../recordings/director_outputs/director_output_1783003177.mp4,2,/Users/claw/work/douyin-recorder/backend/../recordings/director_outputs/director_output_1783004000.mp4,2026-07-02 14:38:11,False
4584,外八字卷发 冷榛果灰棕,1,director,2,2,,/Users/claw/work/douyin-recorder/backend/../recordings/director_outputs/director_output_1783003216.mp4,2,/Users/claw/work/douyin-recorder/backend/../recordings/director_outputs/director_output_1783003252.mp4,2026-07-02 14:38:36,False
4585,大波浪卷发 栗壳棕,1,director,2,2,,/Users/claw/work/douyin-recorder/backend/../recordings/director_outputs/director_output_1783003279.mp4,2,/Users/claw/work/douyin-recorder/backend/../recordings/director_outputs/director_output_1783003972.mp4,2026-07-02 14:39:29,False
4586,公主头 冷棕/暖棕,1,director,2,2,,/Users/claw/work/douyin-recorder/backend/../recordings/director_outputs/director_output_1783003286.mp4,2,/Users/claw/work/douyin-recorder/backend/../recordings/director_outputs/director_output_1783003999.mp4,2026-07-02 14:39:30,False
4587,蛋卷头 黑茶色,1,director,2,2,,/Users/claw/work/douyin-recorder/backend/../recordings/director_outputs/director_output_1783004756.mp4,2,/Users/claw/work/douyin-recorder/backend/../recordings/director_outputs/director_output_1783005515.mp4,2026-07-02 15:03:03,False
4588,中长直发,1,director,2,2,,/Users/claw/work/douyin-recorder/backend/../recordings/director_outputs/director_output_1783005482.mp4,2,/Users/claw/work/douyin-recorder/backend/../recordings/director_outputs/director_output_1783005567.mp4,2026-07-02 15:03:04,False
4589,中分/齐刘海外翻卷 黑色,1,director,2,2,,/Users/claw/work/douyin-recorder/backend/../recordings/director_outputs/director_output_1783005449.mp4,2,/Users/claw/work/douyin-recorder/backend/../recordings/director_outputs/director_output_1783005572.mp4,2026-07-02 15:04:22,False
4590,蟑螂须高丸子头,1,director,2,2,,/Users/claw/work/douyin-recorder/backend/../recordings/director_outputs/director_output_1783005475.mp4,2,/Users/claw/work/douyin-recorder/backend/../recordings/director_outputs/director_output_1783005585.mp4,2026-07-02 15:04:28,False
4591,人生一路繁长 焦糖色,1,director,2,2,,/Users/claw/work/douyin-recorder/backend/../recordings/director_outputs/director_output_1783006238.mp4,2,/Users/claw/work/douyin-recorder/backend/../recordings/director_outputs/director_output_1783006350.mp4,2026-07-02 15:26:36,False
4592,奶茶色,1,director,-2,2,,/Users/claw/work/douyin-recorder/backend/../recordings/director_outputs/director_output_1783006371.mp4,2,/Users/claw/work/douyin-recorder/backend/../recordings/director_outputs/director_output_1783006437.mp4,2026-07-02 15:28:10,False
4593,碎晶晶齐刘海直发 奶茶灰,1,director,-2,2,,/Users/claw/work/douyin-recorder/backend/../recordings/director_outputs/director_output_1783006348.mp4,2,/Users/claw/work/douyin-recorder/backend/../recordings/director_outputs/director_output_1783006426.mp4,2026-07-02 15:28:16,False
4594,粉调灰/海洋奶咖,1,director,-2,2,,/Users/claw/work/douyin-recorder/backend/../recordings/director_outputs/director_output_1783006402.mp4,2,/Users/claw/work/douyin-recorder/backend/../recordings/director_outputs/director_output_1783006452.mp4,2026-07-02 15:30:05,False
4595,大波浪 黑茶色/棕色,1,director,2,2,,/Users/claw/work/douyin-recorder/backend/../recordings/director_outputs/director_output_1783008662.mp4,2,/Users/claw/work/douyin-recorder/backend/../recordings/director_outputs/director_output_1783089665.mp4,2026-07-02 15:58:34,False
4596,齐刘海直发,2,director,2,2,,/Users/claw/work/douyin-recorder/backend/../recordings/director_outputs/director_output_1783026619.mp4,2,/Users/claw/work/douyin-recorder/backend/../recordings/director_outputs/director_output_1783086966.mp4,2026-07-02 15:58:37,False
4597,中分长发 蜂蜜棕,2,director,2,2,,/Users/claw/work/douyin-recorder/backend/../recordings/director_outputs/director_output_1783023345.mp4,2,/Users/claw/work/douyin-recorder/backend/../recordings/director_outputs/director_output_1783086694.mp4,2026-07-02 15:58:39,False
4598,小奶菊 西右奶油菊,2,director,2,2,,/Users/claw/work/douyin-recorder/backend/../recordings/director_outputs/director_output_1783008683.mp4,2,/Users/claw/work/douyin-recorder/backend/../recordings/director_outputs/director_output_1783088180.mp4,2026-07-02 15:59:48,False
4599,韩系微卷中分假发 蜂蜜茶色,2,director,2,2,,/Users/claw/work/douyin-recorder/backend/../recordings/director_outputs/director_output_1783026088.mp4,2,/Users/claw/work/douyin-recorder/backend/../recordings/director_outputs/director_output_1783089034.mp4,2026-07-02 16:02:39,False
4600,微卷公主头 蜂蜜棕,2,director,2,2,,/Users/claw/work/douyin-recorder/backend/../recordings/director_outputs/director_output_1783027278.mp4,2,/Users/claw/work/douyin-recorder/backend/../recordings/director_outputs/director_output_1783088771.mp4,2026-07-02 16:02:40,False
4601,公主头/中分/齐刘海 自然黑/灰粉色,2,director,2,2,,/Users/claw/work/douyin-recorder/backend/../recordings/director_outputs/director_output_1783027582.mp4,2,/Users/claw/work/douyin-recorder/backend/../recordings/director_outputs/director_output_1783089691.mp4,2026-07-02 16:02:47,False
4602,渐变发额染假发 蜜桃乌龙,2,director,2,2,,/Users/claw/work/douyin-recorder/backend/../recordings/director_outputs/director_output_1783009234.mp4,2,/Users/claw/work/douyin-recorder/backend/../recordings/director_outputs/director_output_1783032663.mp4,2026-07-02 16:03:54,False
4603,真地真 黑色、棕色,1,director,2,2,,/Users/claw/work/douyin-recorder/backend/../recordings/director_outputs/director_output_1783009234.mp4,2,/Users/claw/work/douyin-recorder/backend/../recordings/director_outputs/director_output_1783033000.mp4,2026-07-02 16:04:05,False
4604,天蝎座刘海款 黑色,1,director,2,2,,/Users/claw/work/douyin-recorder/backend/../recordings/director_outputs/director_output_1783009618.mp4,2,/Users/claw/work/douyin-recorder/backend/../recordings/director_outputs/director_output_1783031164.mp4,2026-07-02 16:04:08,False
4605,蓬松中分/偏分假发 白金色,1,director,2,2,,/Users/claw/work/douyin-recorder/backend/../recordings/director_outputs/director_output_1783008964.mp4,2,/Users/claw/work/douyin-recorder/backend/../recordings/director_outputs/director_output_1783031124.mp4,2026-07-02 16:04:49,False
4607,海藻卷中长卷发 灰粉纱巾渐变色,2,director,2,2,,/Users/claw/work/douyin-recorder/backend/../recordings/director_outputs/director_output_1783008967.mp4,2,/Users/claw/work/douyin-recorder/backend/../recordings/director_outputs/director_output_1783030942.mp4,2026-07-02 16:05:28,False
4608,月耳短短,1,director,2,2,,/Users/claw/work/douyin-recorder/backend/../recordings/director_outputs/director_output_1783009578.mp4,2,/Users/claw/work/douyin-recorder/backend/../recordings/director_outputs/director_output_1783030936.mp4,2026-07-02 16:20:48,False
4609,眉上刘海短发,1,director,2,2,,/Users/claw/work/douyin-recorder/backend/../recordings/director_outputs/director_output_1783009843.mp4,2,/Users/claw/work/douyin-recorder/backend/../recordings/director_outputs/director_output_1783030898.mp4,2026-07-02 16:25:17,False
4610,财阀青金/黑巧纯玉/交通例子 黑色/棕色/黑茶色/白金色,1,director,2,2,,/Users/claw/work/douyin-recorder/backend/../recordings/director_outputs/director_output_1783013161.mp4,2,/Users/claw/work/douyin-recorder/backend/../recordings/director_outputs/director_output_1783029057.mp4,2026-07-02 17:06:07,False
4611,头领补发片 摩卡,1,director,2,2,,/Users/claw/work/douyin-recorder/backend/../recordings/director_outputs/director_output_1783013424.mp4,2,/Users/claw/work/douyin-recorder/backend/../recordings/director_outputs/director_output_1783029060.mp4,2026-07-02 17:10:19,False
4612,高颅顶真人发片 黑茶色,1,director,2,2,,/Users/claw/work/douyin-recorder/backend/../recordings/director_outputs/director_output_1783013424.mp4,2,/Users/claw/work/douyin-recorder/backend/../recordings/director_outputs/director_output_1783027883.mp4,2026-07-02 17:26:22,False
4613,微卷中分/齐刘海 蜜茶棕,2,director,2,2,,/Users/claw/work/douyin-recorder/backend/../recordings/director_outputs/director_output_1783022866.mp4,2,/Users/claw/work/douyin-recorder/backend/../recordings/director_outputs/director_output_1783030938.mp4,2026-07-02 19:06:06,False
4614,焦糖色,1,director,2,2,,/Users/claw/work/douyin-recorder/backend/../recordings/director_outputs/director_output_1783092668.mp4,2,/Users/claw/work/douyin-recorder/backend/../recordings/director_outputs/director_output_1783095785.mp4,2026-07-03 15:23:03,False
4615,碎晶晶直发款,1,director,2,2,,/Users/claw/work/douyin-recorder/backend/../recordings/director_outputs/director_output_1783092879.mp4,2,/Users/claw/work/douyin-recorder/backend/../recordings/director_outputs/director_output_1783092635.mp4,2026-07-03 15:24:00,False
4616,外翻卷 红色,1,director,2,2,,/Users/claw/work/douyin-recorder/backend/../recordings/director_outputs/director_output_1783095330.mp4,2,/Users/claw/work/douyin-recorder/backend/../recordings/director_outputs/director_output_1783097589.mp4,2026-07-03 16:03:49,False
4617,彩发千金 黑茶色,1,director,2,2,,/Users/claw/work/douyin-recorder/backend/../recordings/director_outputs/director_output_1783097575.mp4,2,/Users/claw/work/douyin-recorder/backend/../recordings/director_outputs/director_output_1783097936.mp4,2026-07-03 16:43:45,False
4618,微卷中分假发 浅奶茶色,2,director,2,2,,/Users/claw/work/douyin-recorder/backend/../recordings/director_outputs/director_output_1783360627.mp4,2,/Users/claw/work/douyin-recorder/backend/../recordings/director_outputs/director_output_1783450144.mp4,2026-07-05 16:57:15,False
4619,韩系微卷 自然黑,2,director,2,2,,/Users/claw/work/douyin-recorder/backend/../recordings/director_outputs/director_output_1783360519.mp4,2,/Users/claw/work/douyin-recorder/backend/../recordings/director_outputs/director_output_1783449951.mp4,2026-07-05 19:39:20,False
4620,微卷发/大波浪 灰紫色/自然黑,2,director,2,2,,/Users/claw/work/douyin-recorder/backend/../recordings/director_outputs/director_output_1783360563.mp4,2,/Users/claw/work/douyin-recorder/backend/../recordings/director_outputs/director_output_1783521265.mp4,2026-07-05 19:46:52,False
4621,海藻小卷/中分/短发 灰粉色/冷棕色/雾棕色,2,director,2,2,,/Users/claw/work/douyin-recorder/backend/../recordings/director_outputs/director_output_1783367137.mp4,2,/Users/claw/work/douyin-recorder/backend/../recordings/director_outputs/director_output_1783449903.mp4,2026-07-05 19:49:20,False
4622,大蛋卷/慵懒卷发 焦糖暖棕色,2,director,2,2,,/Users/claw/work/douyin-recorder/backend/../recordings/director_outputs/director_output_1783360346.mp4,2,/Users/claw/work/douyin-recorder/backend/../recordings/director_outputs/director_output_1783449895.mp4,2026-07-05 19:50:33,False
4623,免发网半头套/伊甸园系列 冷棕色,2,director,2,2,,/Users/claw/work/douyin-recorder/backend/../recordings/director_outputs/director_output_1783360230.mp4,2,/Users/claw/work/douyin-recorder/backend/../recordings/director_outputs/director_output_1783528255.mp4,2026-07-05 19:52:02,False
4624,小卷长发 灰金色,2,director,2,2,,/Users/claw/work/douyin-recorder/backend/../recordings/director_outputs/director_output_1783282562.mp4,2,/Users/claw/work/douyin-recorder/backend/../recordings/director_outputs/director_output_1783361468.mp4,2026-07-05 19:56:08,False
4625,蜂蜜茶丝短发 蜂蜜茶色,2,director,2,2,,/Users/claw/work/douyin-recorder/backend/../recordings/director_outputs/director_output_1783282562.mp4,2,/Users/claw/work/douyin-recorder/backend/../recordings/director_outputs/director_output_1783361390.mp4,2026-07-05 19:57:04,False
4626,中分 灰金色,2,director,2,2,,/Users/claw/work/douyin-recorder/backend/../recordings/director_outputs/director_output_1783282429.mp4,2,/Users/claw/work/douyin-recorder/backend/../recordings/director_outputs/director_output_1783361177.mp4,2026-07-05 20:06:00,False
4627,微卷发/大波浪/海藻卷 冷棕色/进口粉色/灰粉纱巾,2,director,2,2,,/Users/claw/work/douyin-recorder/backend/../recordings/director_outputs/director_output_1783282438.mp4,2,/Users/claw/work/douyin-recorder/backend/../recordings/director_outputs/director_output_1783361331.mp4,2026-07-05 20:07:11,False
4628,顶美 巧克力色,2,director,2,2,,/Users/claw/work/douyin-recorder/backend/../recordings/director_outputs/director_output_1783345848.mp4,2,/Users/claw/work/douyin-recorder/backend/../recordings/director_outputs/director_output_1783449712.mp4,2026-07-05 20:13:27,False
4629,微卷高层次假发 小白梨色,2,director,2,2,,/Users/claw/work/douyin-recorder/backend/../recordings/director_outputs/director_output_1783360201.mp4,2,/Users/claw/work/douyin-recorder/backend/../recordings/director_outputs/director_output_1783449665.mp4,2026-07-05 20:20:51,False
4630,灰紫色免打理卷发 灰紫色,2,director,2,2,,/Users/claw/work/douyin-recorder/backend/../recordings/director_outputs/director_output_1783343442.mp4,2,/Users/claw/work/douyin-recorder/backend/../recordings/director_outputs/director_output_1783361056.mp4,2026-07-05 20:26:19,False
4631,梨花烫/小奶菊 黑棕色,2,director,2,2,,/Users/claw/work/douyin-recorder/backend/../recordings/director_outputs/director_output_1783283738.mp4,2,/Users/claw/work/douyin-recorder/backend/../recordings/director_outputs/director_output_1783360923.mp4,2026-07-05 20:30:40,False
4632,灰金小卷/高层次卷发 灰金色,2,director,2,2,,/Users/claw/work/douyin-recorder/backend/../recordings/director_outputs/director_output_1783310372.mp4,2,/Users/claw/work/douyin-recorder/backend/../recordings/director_outputs/director_output_1783360784.mp4,2026-07-05 20:36:47,False
4633,微卷 蜜棕色,2,director,2,2,,/Users/claw/work/douyin-recorder/backend/../recordings/director_outputs/director_output_1783324306.mp4,2,/Users/claw/work/douyin-recorder/backend/../recordings/director_outputs/director_output_1783360849.mp4,2026-07-05 20:39:51,False
4634,小蛋糕/起流环/领巾 灰粉色/乌龙色/自然黑,2,director,2,2,,/Users/claw/work/douyin-recorder/backend/../recordings/director_outputs/director_output_1783291279.mp4,2,/Users/claw/work/douyin-recorder/backend/../recordings/director_outputs/director_output_1783449686.mp4,2026-07-05 20:46:02,False
4635,海藻卷/直发 灰紫色,2,director,2,2,,/Users/claw/work/douyin-recorder/backend/../recordings/director_outputs/director_output_1783337481.mp4,2,/Users/claw/work/douyin-recorder/backend/../recordings/director_outputs/director_output_1783360404.mp4,2026-07-05 20:47:07,False
4636,奶油橘色,2,director,2,2,,/Users/claw/work/douyin-recorder/backend/../recordings/director_outputs/director_output_1783312308.mp4,2,/Users/claw/work/douyin-recorder/backend/../recordings/director_outputs/director_output_1783360416.mp4,2026-07-05 20:50:27,False
4637,高层次慵懒卷发/直发 黑巧克力色,2,director,2,2,,/Users/claw/work/douyin-recorder/backend/../recordings/director_outputs/director_output_1783285218.mp4,2,/Users/claw/work/douyin-recorder/backend/../recordings/director_outputs/director_output_1783360406.mp4,2026-07-05 20:51:39,False
4638,微卷中长发/双麻花辫 蜜茶色/棕色系,2,director,2,2,,/Users/claw/work/douyin-recorder/backend/../recordings/director_outputs/director_output_1783285555.mp4,2,/Users/claw/work/douyin-recorder/backend/../recordings/director_outputs/director_output_1783360283.mp4,2026-07-05 20:54:46,False
4639,微卷大波浪/高层次碎发 树莓红,2,director,2,2,,/Users/claw/work/douyin-recorder/backend/../recordings/director_outputs/director_output_1783361539.mp4,2,/Users/claw/work/douyin-recorder/backend/../recordings/director_outputs/director_output_1783449467.mp4,2026-07-06 18:08:27,False
4640,海藻卷/水光直发 自然黑/潮色,2,director,2,2,,/Users/claw/work/douyin-recorder/backend/../recordings/director_outputs/director_output_1783361709.mp4,2,/Users/claw/work/douyin-recorder/backend/../recordings/director_outputs/director_output_1783449440.mp4,2026-07-06 18:11:29,False
4641,短发/海藻卷 茶棕色/脏橘色,2,director,2,2,,/Users/claw/work/douyin-recorder/backend/../recordings/director_outputs/director_output_1783361998.mp4,2,/Users/claw/work/douyin-recorder/backend/../recordings/director_outputs/director_output_1783449448.mp4,2026-07-06 18:12:16,False
4642,大波浪卷发 自然黑,2,director,2,2,,/Users/claw/work/douyin-recorder/backend/../recordings/director_outputs/director_output_1783361960.mp4,2,/Users/claw/work/douyin-recorder/backend/../recordings/director_outputs/director_output_1783449460.mp4,2026-07-06 18:12:56,False
